"COMPANY_NAME","PRODUCT_NAME","CASE_REFERENCE","CASE_SEVERITY","TITLE","RESOLUTION_TIME_HOURS","SLA_STATUS"
"First  City Monument Bank","KACHASI v1.x","FC/12/12/0076","CRITICAL","Create Idris Adisa ON ISura",0.919549722166266,"Within SLA"
"First  City Monument Bank","KACHASI v1.x","FC/12/12/0075","HIGH","Pre-Charges Not taken",816.242169722216,"Breached SLA"
"First  City Monument Bank","KACHASI v1.x","FC/12/11/0074","HIGH","PENDING CUSTOM DUTY APPROVAL IFO 1023890781 ( 25423)",27.0630422221147,"Within SLA"
"First  City Monument Bank","KACHASI v1.x","FC/11/11/0073","CRITICAL","FAILED TRANSMISSION ON CUSTOM DUTY PAYMENT",46.1350302777719,"Breached SLA"
"First  City Monument Bank","KACHASI v1.x","FC/10/11/0071","HIGH","REQUEST FOR PRE-NEGOTIATION BREAKDWON",27.1674658333068,"Within SLA"
"First  City Monument Bank","KACHASI v1.x","FC/06/11/0070","CRITICAL","CUSTOM DUTY PAYMENT YET TO SETTLED",21.4195383331971,"Within SLA"
"First  City Monument Bank","KACHASI v1.x","FC/03/11/0069","CRITICAL","KACHASI SWIFT MANAGER ERROR",15.5845111111994,"Within SLA"
"First  City Monument Bank","KACHASI v1.x","FC/03/11/0068","HIGH","UNABLE TO GENERATE RECEIPT ON TRADEX",30.3312477779109,"Within SLA"
"First  City Monument Bank","KACHASI v1.x","FC/30/10/0067","HIGH","Pending Custom Duty Payment",16.9225080554606,"Within SLA"
"First  City Monument Bank","KACHASI v1.x","FC/22/10/0065","HIGH","EXCESS FX PURCHASE IFO PIVOT INTEGRATED ENERGY SERVICES LIMITED  LC WITH MAY ADD CLAUSE",24.179055277782,"Within SLA"
"First  City Monument Bank","KACHASI v1.x","FC/14/10/0064","CRITICAL","CUSTOM TRANSACTIONS YET TO BE TRANSIMITED 09-10-2025",27.3766611110768,"Breached SLA"
"First  City Monument Bank","KACHASI v1.x","FC/13/10/0063","CRITICAL","Finacle SSL Update",2.94053583336063,"Within SLA"
"First  City Monument Bank","KACHASI v1.x","FC/10/10/0062","HIGH","ROBUST INTERNATIONAL COMMODITIES LTD NXP XG202500214148606",68.9632677777554,"Within SLA"
"First  City Monument Bank","KACHASI v1.x","FC/09/10/0061","CRITICAL","LC Transaction Not Showing On Swift Outgoing Messages",6.9545630554785,"Within SLA"
"First  City Monument Bank","KACHASI v1.x","FC/08/10/0060","CRITICAL","TRANSMISSION OF FAILED CUSTOM DUTY PAYMENT",46.1104936109623,"Breached SLA"
"First  City Monument Bank","KACHASI v1.x","FC/03/10/0023","CRITICAL","Unable to access the report",0.807398333447054,"Within SLA"
"First  City Monument Bank","KACHASI v1.x","FC/02/10/0059","CRITICAL","Workflow Errors",7.63467000005767,"Within SLA"
"First  City Monument Bank","KACHASI v1.x","FC/02/10/0058","HIGH","UNSETTLED CUSTOM DUTY",23.6643569443258,"Within SLA"
"First  City Monument Bank","KACHASI v1.x","FC/30/09/0057","CRITICAL","SERVICE DEGRATION ON KACHASI",3.30818527779775,"Within SLA"
"First  City Monument Bank","KACHASI v1.x","FC/30/09/0056","CRITICAL","Unable to launch Tradex URL",5.27577555557946,"Within SLA"
"First  City Monument Bank","KACHASI v1.x","FC/29/09/0021","HIGH","FAILED REQUESTS ON KACHASI FOR FORMS M CANCELLATION",212.178965555504,"Breached SLA"
"First  City Monument Bank","KACHASI v1.x","FC/29/09/0055","HIGH","REPORT OF RECONCILIATION - OUTSTANDING TRADE OBLIGATION ON TAURUS OILA AND GAS LIMITED",70.4525322222034,"Within SLA"
"First  City Monument Bank","KACHASI v1.x","FC/26/09/0054","HIGH","PENDING CUSTOM DUTY APPROVAL IFO CHARDON GLOBAL SERVICES NIG",106.377771944564,"Breached SLA"
"First  City Monument Bank","KACHASI v1.x","FC/24/09/0053","HIGH","SETTLEMENT ISSUE ON COLLECTION ACCOUNT",175.925950000004,"Breached SLA"
"First  City Monument Bank","KACHASI v1.x","FC/24/09/0052","CRITICAL","CUSTOM DUTY PAYMENT:TAXES NOT TRANSMITTED",41.6313263888005,"Breached SLA"
"First  City Monument Bank","KACHASI v1.x","FC/10/09/0051","HIGH","KACHASI POSTING ERROR FCMB25LC00172",192.42551999999,"Breached SLA"
"First  City Monument Bank","KACHASI v1.x","FC/09/09/0019","HIGH","FX FUNDS TRANSFER- TRADE",3.26730694435537,"Within SLA"
"First  City Monument Bank","KACHASI v1.x","FC/09/09/0050","HIGH","REQUEST TO PURCHASE FX",20.0057597222622,"Within SLA"
"First  City Monument Bank","KACHASI v1.x","FC/03/09/0049","CRITICAL","RE: FCMB NXP - NESS Payment  01-09-2025",109.262032500061,"Breached SLA"
"First  City Monument Bank","KACHASI v1.x","FC/03/09/0048","CRITICAL","TRANSMISSION OF FAILED CUSTOM DUTY PAYMENT",209.858126666746,"Breached SLA"
"First  City Monument Bank","KACHASI v1.x","FC/03/09/0047","HIGH","DOUBLE DEBIT OF CUSTOMERS FOR CUSTOM DUTY PAYMENT",116.323728333344,"Breached SLA"
"First  City Monument Bank","KACHASI v1.x","FC/01/09/0046","HIGH","RE: DRAFT LC IRO MASTERSTROKES PACKAGES -- MF20250073374",19.835481944494,"Within SLA"
"First  City Monument Bank","KACHASI v1.x","FC/27/08/0045","HIGH","CANCELLED ASSESSMENTS",23.7785147221293,"Within SLA"
"First  City Monument Bank","KACHASI v1.x","FC/26/08/0044","HIGH","NXP Transaction not validating on the Portal",50.1819611111423,"Within SLA"
"First  City Monument Bank","KACHASI v1.x","FC/22/08/0043","CRITICAL","BACKEND CLOSURE OF THE LODGEMENT",168.636838333332,"Breached SLA"
"First  City Monument Bank","KACHASI v1.x","FC/22/08/0042","HIGH","KACHASI ERROR ON LODGMENT",4.29336638882523,"Within SLA"
"First  City Monument Bank","KACHASI v1.x","FC/21/08/0041","CRITICAL","KACHASI SWIFT MANAGER ERROR",23.1656255556154,"Within SLA"
"First  City Monument Bank","KACHASI v1.x","FC/20/08/0012","HIGH","Form A Number Not Populated",46.1522213889984,"Within SLA"
"First  City Monument Bank","KACHASI v1.x","FC/20/08/0040","HIGH","Iintervention Account Error",26.5852658333606,"Within SLA"
"First  City Monument Bank","KACHASI v1.x","FC/15/08/0039","HIGH","Custom Duty Receipts Not Printing",5.13206388900289,"Within SLA"
"First  City Monument Bank","KACHASI v1.x","FC/12/08/0038","CRITICAL","CHALLENEG WITH FX BID",389.75715194433,"Breached SLA"
"First  City Monument Bank","KACHASI v1.x","FC/11/08/0037","HIGH","Preneg Issue",4.3528783331858,"Within SLA"
"First  City Monument Bank","KACHASI v1.x","FC/06/08/0036","HIGH","FAILED CUSTOM DUTY PAYMENT",48.7945769444341,"Within SLA"
"First  City Monument Bank","KACHASI v1.x","FC/05/08/0035","CRITICAL","REQUEST FOR PRE-NEGOTIATION CHARGE BREAKDOWN MATCHING DEBIT PASSED TO CUSTOMER‚ÄôS NAIRA ACCOUNT",51.0493272221647,"Breached SLA"
"First  City Monument Bank","KACHASI v1.x","FC/01/08/0034","HIGH","FORM A VALIDATION",4.08397083333693,"Within SLA"
"First  City Monument Bank","KACHASI v1.x","FC/31/07/0033","HIGH","CUSTOM DUTY PAYMENT AUTHORIZATION FAILING",3.82183555554366,"Within SLA"
"First  City Monument Bank","KACHASI v1.x","FC/31/07/0032","HIGH","UNABLE TO FETCH FORM A NUMBER",26.6279769443208,"Within SLA"
"First  City Monument Bank","KACHASI v1.x","FC/28/07/0031","HIGH","UNABLE TO PROCESS BODOGWU CUSTOM DUTY""",78.6950405555544,"Breached SLA"
"First  City Monument Bank","KACHASI v1.x","FC/22/07/0030","HIGH","REQUEST FOR FX PURCHASES",5.7871022222098,"Within SLA"
"First  City Monument Bank","KACHASI v1.x","FC/21/07/0029","HIGH","INVALID SDG ERROR ON CUSTOM DUTY PAYMENT",30.3772386111086,"Within SLA"
"First  City Monument Bank","KACHASI v1.x","FC/17/07/0028","HIGH","INVALID SDG ERROR ON CUSTOM DUTY PAYMENT",22.018705833354,"Within SLA"
"First  City Monument Bank","KACHASI v1.x","FC/17/07/0009","HIGH","NESS Fee",145.835056111158,"Breached SLA"
"First  City Monument Bank","KACHASI v1.x","FC/16/07/0027","HIGH","FX Bid Request Issue",142.207920555607,"Breached SLA"
"First  City Monument Bank","KACHASI v1.x","FC/11/07/0026","HIGH","User unable to approve custom duty",0.455137777898926,"Within SLA"
"First  City Monument Bank","KACHASI v1.x","FC/11/07/0025","HIGH","Unable to create intervention account",243.29809138889,"Breached SLA"
"First  City Monument Bank","KACHASI v1.x","FC/09/07/0024","HIGH","ERROR ON TRADEX- PERFECT PACKAGING LTD-0728572011",52.9679644443677,"Within SLA"
"First  City Monument Bank","TENTACLES","FC/08/07/0023","CRITICAL","ISSUE WITH TSA/ TAXES",353.517105833336,"Breached SLA"
"First  City Monument Bank","KACHASI v1.x","FC/07/07/0022","HIGH","PRENEG CHALLENGE",210.692806666601,"Breached SLA"
"First  City Monument Bank","KACHASI v1.x","FC/04/07/0021","HIGH","Challenge on Pre neg",0.778645833372138,"Within SLA"
"First  City Monument Bank","TENTACLES","FC/01/07/0006","CRITICAL","DUPLICATE REMITTANCES FOR CUSTOM",73.0817133334349,"Breached SLA"
"First  City Monument Bank","KACHASI v1.x","FC/01/07/0020","HIGH","PRE-NEGOTIATION CHARGE BREAKDOWN",987.014975277765,"Breached SLA"
"First  City Monument Bank","KACHASI v1.x","FC/30/06/0019","CRITICAL","TSA ENCRYPTED REQ AND RESPONSE",1.1958586112014,"Within SLA"
"First  City Monument Bank","KACHASI v1.x","FC/26/06/0018","HIGH","Transaction DIDNt flow to swift",138.277369999909,"Breached SLA"
"First  City Monument Bank","TENTACLES","FC/25/06/0017","CRITICAL","Corebanking Service Is Not Coming Up",22.578882499889,"Within SLA"
"First  City Monument Bank","KACHASI v1.x","FC/24/06/0016","CRITICAL","OPEN SSL VULNERABILITY",4.48690472217277,"Within SLA"
"First  City Monument Bank","TENTACLES","FC/20/06/0015","CRITICAL","ISSUE WITH TRANSMITTING TRANSACTION",118.093363611144,"Breached SLA"
"First  City Monument Bank","KACHASI v1.x","FC/19/06/0014","HIGH","FORMS M CANCELLATION- CROWN FLOUR LIMITED",198.402688333299,"Breached SLA"
"First  City Monument Bank","TENTACLES","FC/16/06/0013","CRITICAL","ISSUE IS TOSSER ON TENTACLES",6.24881249992177,"Within SLA"
"First  City Monument Bank","TENTACLES","FC/16/06/0012","CRITICAL","AUTTOMATION OF NCS REST TO ALLOW TRANSACTION SIMULTANEOUSLY",893.168639166572,"Breached SLA"
"First  City Monument Bank","TENTACLES","FC/16/06/0011","CRITICAL","Bodogwu not getting new duty",9.02893194439821,"Within SLA"
"First  City Monument Bank","KACHASI v1.x","FC/16/06/0010","CRITICAL","PRENEG REPORT",6.31289916671813,"Within SLA"
"First  City Monument Bank","KACHASI v1.x","FC/16/06/0009","CRITICAL","DISCREPANCY IN BREAKDOWN FROM TRADEX AND NAIRA ACCOUNT DEBIT ABUJA STEEL MILLS LIMITED",52.9788905555033,"Breached SLA"
"First  City Monument Bank","KACHASI v1.x","FC/11/06/0008","CRITICAL","UNABLE TO APPROVE FORM A",46.2030125000747,"Breached SLA"
"First  City Monument Bank","TENTACLES","FC/11/06/0007","HIGH","ERROR HANDLING",50.8329230553936,"Within SLA"
"First  City Monument Bank","TENTACLES","FC/10/06/0005","HIGH","COREBANKING CHALLENGE ON TENTACLES",1.42335083341459,"Within SLA"
"First  City Monument Bank","KACHASI v1.x","FC/10/06/0004","HIGH","SECURITY REGISTER - Q1 2025 INTERNAL VAPT",193.398204444442,"Breached SLA"
"First  City Monument Bank","TENTACLES","FC/10/06/0003","CRITICAL","FAILED TO IMPORT CUSTOME DUTY FOR A65",5.72278194443788,"Within SLA"
"First  City Monument Bank","KACHASI v1.x","FC/05/06/0002","LOW","UNABLE TO TREAT CUSTOM DUTY",0.100096388894599,"Within SLA"
"First  City Monument Bank","KACHASI v1.x","FC/05/06/0001","LOW","UNABLE TO CASH BACK UNCONFIRMED LC",329.948928333353,"Breached SLA"
"First  City Monument Bank","TENTACLES","FC/05/06/0002","CRITICAL","INCLUSION OF OTHER PORTS ON NCS REST",3.98202444455819,"Within SLA"
"First  City Monument Bank","KACHASI v1.x","FC/05/06/0001","HIGH","FAILED FORM M REQUESTS ON KACHASI",7.69665166659979,"Within SLA"
"First  City Monument Bank","KACHASI v1.x","FC/TR/LIV/250029","HIGH","Unable to process form NXP",501.213551944471,"Breached SLA"
"First  City Monument Bank","TENTACLES","FC/TE/LIV/250001","HIGH","TENTACLES DOWNTIME",500.110310277727,"Breached SLA"
"First  City Monument Bank","KACHASI v1.x","FC/TR/LIV/250028","CRITICAL","Issues with LC",45.2585669444525,"Breached SLA"
"First  City Monument Bank","KACHASI v1.x","FC/TR/LIV/250027","HIGH","EMAIL ADDRESS REQUEST",1777.89389194432,"Breached SLA"
"First  City Monument Bank","KACHASI v1.x","FC/TR/LIV/250026","CRITICAL","CHALLENGE WITH LC FLOWS",5.86325222218875,"Within SLA"
"First  City Monument Bank","KACHASI v1.x","FC/TR/LIV/250025","HIGH","SWIFT ERROR ON KACHASI",2.43987861124333,"Within SLA"
"First  City Monument Bank","KACHASI v1.x","FC/TR/LIV/250024","HIGH","URGENT FIXES ON TRADE X (Fund Type Drop Menu)",1394.83576250001,"Breached SLA"
"First  City Monument Bank","KACHASI v1.x","FC/TR/LIV/250023","HIGH","UNABLE TO PRINT CUSTOM DUTY (b'ODOGWU)",2.86427194444695,"Within SLA"
"First  City Monument Bank","KACHASI v1.x","FC/TR/LIV/250022","HIGH","DISCREPANCY IN BREAKDOWN FROM TRADEX AND NAIRA ACCOUNT DEBIT",143.429532499867,"Breached SLA"
"First  City Monument Bank","KACHASI v1.x","FC/TR/LIV/250021","HIGH","NO REPORT FOR 04-04-2025 on TRADEX",39.2713094443898,"Within SLA"
"First  City Monument Bank","KACHASI v1.x","FC/TR/LIV/250020","HIGH","TLS 1.2 Implementation",2068.53452388884,"Breached SLA"
"First  City Monument Bank","KACHASI v1.x","FC/TR/LIV/250019","CRITICAL","UNABLE TO PAY FOR  eExcisePayment",1968.48800444452,"Breached SLA"
"First  City Monument Bank","KACHASI v1.x","FC/TR/LIV/250018","HIGH","NOTIFICATIONS NOT GOING OUT OF TRADEX",2739.03964888898,"Breached SLA"
"First  City Monument Bank","KACHASI v1.x","FC/TR/LIV/250016","LOW","FX Bids Batch Not Populating",147.985418333381,"Within SLA"
"First  City Monument Bank","KACHASI v1.x","FC/TR/LIV/250015","CRITICAL","ISSUE WITH LC AMENDMENT",1008.34571027773,"Breached SLA"
"First  City Monument Bank","KACHASI v1.x","FC/TR/LIV/250014","CRITICAL","TSA PAYMENT FAILURE",99.8318258334766,"Breached SLA"
"First  City Monument Bank","KACHASI v1.x","FC/TR/LIV/250013","LOW","DISCREPANCY IN BREAKDOWN FROM TRADEX AND NAIRA ACCOUNT",186.254793888889,"Within SLA"
"First  City Monument Bank","KACHASI v1.x","FC/TR/LIV/250012","MEDIUM","VIRAMSUN NIG LTD =====ACCOUNT NO. 3580283017",74.236337777751,"Within SLA"
"First  City Monument Bank","KACHASI v1.x","FC/TR/LIV/250011","HIGH","DISCREPANCY IN BREAKDOWN FROM TRADEX & NAIRA ACCOUNT DEBIT",3.94406861113384,"Within SLA"
"First  City Monument Bank","KACHASI v1.x","FC/TR/LIV/250010","CRITICAL","UNABLE TO COMPLETE PTA CREATION ON TRADEX",22.9054916667519,"Within SLA"
"First  City Monument Bank","KACHASI v1.x","FC/TR/LIV/250009","HIGH","ENQUIRY ON FX TRANSFER  AF20251427480",51.0612658333266,"Within SLA"
"First  City Monument Bank","KACHASI v1.x","FC/TR/LIV/250008","HIGH","PURCHASE OF FX ON FORM M NO. MF20250004233",93.1118361111148,"Breached SLA"
"First  City Monument Bank","KACHASI v1.x","FC/TR/LIV/250007","CRITICAL","Transaction Not Flowing on TSA",867.164298888878,"Breached SLA"
"First  City Monument Bank","KACHASI v1.x","FC/TR/LIV/250006","HIGH","ISSUES WITH ECD LODGEMENT",120.535228888853,"Breached SLA"
"First  City Monument Bank","KACHASI v1.x","FC/TR/LIV/250005","HIGH","TSA Issue",4.5660402776557,"Within SLA"
"First  City Monument Bank","KACHASI v1.x","FC/TR/LIV/250004","HIGH","FAILED FORM M REQUESTS ON KACHASI",29.1840977778775,"Within SLA"
"First  City Monument Bank","KACHASI v1.x","FC/TR/LIV/250003","MEDIUM","ERRORS ON KACHASI FOR PTA/BTA PROCESSING",288.102313055657,"Breached SLA"
"First  City Monument Bank","KACHASI v1.x","FC/TR/LIV/250002","MEDIUM","MISSING SWIFT MESSAGE - FCMB25LC00002",50.0251958331792,"Within SLA"
"First  City Monument Bank","KACHASI v1.x","FC/TR/LIV/250001","HIGH","Architecture Review for TradeX",458.001423055655,"Breached SLA"
"Stanbic IBTC","DATASTORE","SI/14/11/0007","LOW","ISSUE ON INDEXING STUDIO",72.6896663888474,"Within SLA"
"Stanbic IBTC","DATASTORE","SI/17/09/0006","LOW","Reporting for count of number of pages on Central Archives data definitions",142.106139999989,"Within SLA"
"Stanbic IBTC","DATASTORE","SI/27/08/0005","MEDIUM","SSL Configuration for the Endpoint",1460.61923416669,"Breached SLA"
"Stanbic IBTC","DATASTORE","SI/26/08/0004","CRITICAL","VULNERABILITIES IDENTIFIED ON DATASTORE",379.006181388977,"Breached SLA"
"Stanbic IBTC","DATASTORE","SI/22/08/0003","MEDIUM","MISSING INDEXES ON DATASTORE DB",644.412037777773,"Breached SLA"
"Stanbic IBTC","DATASTORE","SI/04/07/0002","MEDIUM","INFRASTRUCTURE UPGRADE SPECIFICATION",788.97309305548,"Breached SLA"
"Stanbic IBTC","DATASTORE","SI/18/06/0001","HIGH","SLOWNESS BEING EXPERIENCED FOR POST API CALLS",1657.17438500002,"Breached SLA"
"Stanbic IBTC","DATASTORE","SI/14/11/0007","LOW","ISSUE ON INDEXING STUDIO",72.6896663888474,"Within SLA"
"Stanbic IBTC","DATASTORE","SI/17/09/0006","LOW","Reporting for count of number of pages on Central Archives data definitions",142.106139999989,"Within SLA"
"Stanbic IBTC","DATASTORE","SI/27/08/0005","MEDIUM","SSL Configuration for the Endpoint",1460.61923416669,"Breached SLA"
"Stanbic IBTC","DATASTORE","SI/26/08/0004","CRITICAL","VULNERABILITIES IDENTIFIED ON DATASTORE",379.006181388977,"Breached SLA"
"Stanbic IBTC","DATASTORE","SI/22/08/0003","MEDIUM","MISSING INDEXES ON DATASTORE DB",644.412037777773,"Breached SLA"
"Stanbic IBTC","DATASTORE","SI/04/07/0002","MEDIUM","INFRASTRUCTURE UPGRADE SPECIFICATION",788.97309305548,"Breached SLA"
"Stanbic IBTC","DATASTORE","SI/18/06/0001","HIGH","SLOWNESS BEING EXPERIENCED FOR POST API CALLS",1657.17438500002,"Breached SLA"
"First  City Monument Bank","KACHASI v1.x","FC/12/12/0076","CRITICAL","Create Idris Adisa ON ISura",0.919549722166266,"Within SLA"
"First  City Monument Bank","KACHASI v1.x","FC/12/12/0075","HIGH","Pre-Charges Not taken",816.242169722216,"Breached SLA"
"First  City Monument Bank","KACHASI v1.x","FC/12/11/0074","HIGH","PENDING CUSTOM DUTY APPROVAL IFO 1023890781 ( 25423)",27.0630422221147,"Within SLA"
"First  City Monument Bank","KACHASI v1.x","FC/11/11/0073","CRITICAL","FAILED TRANSMISSION ON CUSTOM DUTY PAYMENT",46.1350302777719,"Breached SLA"
"First  City Monument Bank","KACHASI v1.x","FC/10/11/0071","HIGH","REQUEST FOR PRE-NEGOTIATION BREAKDWON",27.1674658333068,"Within SLA"
"First  City Monument Bank","KACHASI v1.x","FC/06/11/0070","CRITICAL","CUSTOM DUTY PAYMENT YET TO SETTLED",21.4195383331971,"Within SLA"
"First  City Monument Bank","KACHASI v1.x","FC/03/11/0069","CRITICAL","KACHASI SWIFT MANAGER ERROR",15.5845111111994,"Within SLA"
"First  City Monument Bank","KACHASI v1.x","FC/03/11/0068","HIGH","UNABLE TO GENERATE RECEIPT ON TRADEX",30.3312477779109,"Within SLA"
"First  City Monument Bank","KACHASI v1.x","FC/30/10/0067","HIGH","Pending Custom Duty Payment",16.9225080554606,"Within SLA"
"First  City Monument Bank","KACHASI v1.x","FC/22/10/0065","HIGH","EXCESS FX PURCHASE IFO PIVOT INTEGRATED ENERGY SERVICES LIMITED  LC WITH MAY ADD CLAUSE",24.179055277782,"Within SLA"
"First  City Monument Bank","KACHASI v1.x","FC/14/10/0064","CRITICAL","CUSTOM TRANSACTIONS YET TO BE TRANSIMITED 09-10-2025",27.3766611110768,"Breached SLA"
"First  City Monument Bank","KACHASI v1.x","FC/13/10/0063","CRITICAL","Finacle SSL Update",2.94053583336063,"Within SLA"
"First  City Monument Bank","KACHASI v1.x","FC/10/10/0062","HIGH","ROBUST INTERNATIONAL COMMODITIES LTD NXP XG202500214148606",68.9632677777554,"Within SLA"
"First  City Monument Bank","KACHASI v1.x","FC/09/10/0061","CRITICAL","LC Transaction Not Showing On Swift Outgoing Messages",6.9545630554785,"Within SLA"
"First  City Monument Bank","KACHASI v1.x","FC/08/10/0060","CRITICAL","TRANSMISSION OF FAILED CUSTOM DUTY PAYMENT",46.1104936109623,"Breached SLA"
"First  City Monument Bank","KACHASI v1.x","FC/03/10/0023","CRITICAL","Unable to access the report",0.807398333447054,"Within SLA"
"First  City Monument Bank","KACHASI v1.x","FC/02/10/0059","CRITICAL","Workflow Errors",7.63467000005767,"Within SLA"
"First  City Monument Bank","KACHASI v1.x","FC/02/10/0058","HIGH","UNSETTLED CUSTOM DUTY",23.6643569443258,"Within SLA"
"First  City Monument Bank","KACHASI v1.x","FC/30/09/0057","CRITICAL","SERVICE DEGRATION ON KACHASI",3.30818527779775,"Within SLA"
"First  City Monument Bank","KACHASI v1.x","FC/30/09/0056","CRITICAL","Unable to launch Tradex URL",5.27577555557946,"Within SLA"
"First  City Monument Bank","KACHASI v1.x","FC/29/09/0021","HIGH","FAILED REQUESTS ON KACHASI FOR FORMS M CANCELLATION",212.178965555504,"Breached SLA"
"First  City Monument Bank","KACHASI v1.x","FC/29/09/0055","HIGH","REPORT OF RECONCILIATION - OUTSTANDING TRADE OBLIGATION ON TAURUS OILA AND GAS LIMITED",70.4525322222034,"Within SLA"
"First  City Monument Bank","KACHASI v1.x","FC/26/09/0054","HIGH","PENDING CUSTOM DUTY APPROVAL IFO CHARDON GLOBAL SERVICES NIG",106.377771944564,"Breached SLA"
"First  City Monument Bank","KACHASI v1.x","FC/24/09/0053","HIGH","SETTLEMENT ISSUE ON COLLECTION ACCOUNT",175.925950000004,"Breached SLA"
"First  City Monument Bank","KACHASI v1.x","FC/24/09/0052","CRITICAL","CUSTOM DUTY PAYMENT:TAXES NOT TRANSMITTED",41.6313263888005,"Breached SLA"
"First  City Monument Bank","KACHASI v1.x","FC/10/09/0051","HIGH","KACHASI POSTING ERROR FCMB25LC00172",192.42551999999,"Breached SLA"
"First  City Monument Bank","KACHASI v1.x","FC/09/09/0019","HIGH","FX FUNDS TRANSFER- TRADE",3.26730694435537,"Within SLA"
"First  City Monument Bank","KACHASI v1.x","FC/09/09/0050","HIGH","REQUEST TO PURCHASE FX",20.0057597222622,"Within SLA"
"First  City Monument Bank","KACHASI v1.x","FC/03/09/0049","CRITICAL","RE: FCMB NXP - NESS Payment  01-09-2025",109.262032500061,"Breached SLA"
"First  City Monument Bank","KACHASI v1.x","FC/03/09/0048","CRITICAL","TRANSMISSION OF FAILED CUSTOM DUTY PAYMENT",209.858126666746,"Breached SLA"
"First  City Monument Bank","KACHASI v1.x","FC/03/09/0047","HIGH","DOUBLE DEBIT OF CUSTOMERS FOR CUSTOM DUTY PAYMENT",116.323728333344,"Breached SLA"
"First  City Monument Bank","KACHASI v1.x","FC/01/09/0046","HIGH","RE: DRAFT LC IRO MASTERSTROKES PACKAGES -- MF20250073374",19.835481944494,"Within SLA"
"First  City Monument Bank","KACHASI v1.x","FC/27/08/0045","HIGH","CANCELLED ASSESSMENTS",23.7785147221293,"Within SLA"
"First  City Monument Bank","KACHASI v1.x","FC/26/08/0044","HIGH","NXP Transaction not validating on the Portal",50.1819611111423,"Within SLA"
"First  City Monument Bank","KACHASI v1.x","FC/22/08/0043","CRITICAL","BACKEND CLOSURE OF THE LODGEMENT",168.636838333332,"Breached SLA"
"First  City Monument Bank","KACHASI v1.x","FC/22/08/0042","HIGH","KACHASI ERROR ON LODGMENT",4.29336638882523,"Within SLA"
"First  City Monument Bank","KACHASI v1.x","FC/21/08/0041","CRITICAL","KACHASI SWIFT MANAGER ERROR",23.1656255556154,"Within SLA"
"First  City Monument Bank","KACHASI v1.x","FC/20/08/0012","HIGH","Form A Number Not Populated",46.1522213889984,"Within SLA"
"First  City Monument Bank","KACHASI v1.x","FC/20/08/0040","HIGH","Iintervention Account Error",26.5852658333606,"Within SLA"
"First  City Monument Bank","KACHASI v1.x","FC/15/08/0039","HIGH","Custom Duty Receipts Not Printing",5.13206388900289,"Within SLA"
"First  City Monument Bank","KACHASI v1.x","FC/12/08/0038","CRITICAL","CHALLENEG WITH FX BID",389.75715194433,"Breached SLA"
"First  City Monument Bank","KACHASI v1.x","FC/11/08/0037","HIGH","Preneg Issue",4.3528783331858,"Within SLA"
"First  City Monument Bank","KACHASI v1.x","FC/06/08/0036","HIGH","FAILED CUSTOM DUTY PAYMENT",48.7945769444341,"Within SLA"
"First  City Monument Bank","KACHASI v1.x","FC/05/08/0035","CRITICAL","REQUEST FOR PRE-NEGOTIATION CHARGE BREAKDOWN MATCHING DEBIT PASSED TO CUSTOMER‚ÄôS NAIRA ACCOUNT",51.0493272221647,"Breached SLA"
"First  City Monument Bank","KACHASI v1.x","FC/01/08/0034","HIGH","FORM A VALIDATION",4.08397083333693,"Within SLA"
"First  City Monument Bank","KACHASI v1.x","FC/31/07/0033","HIGH","CUSTOM DUTY PAYMENT AUTHORIZATION FAILING",3.82183555554366,"Within SLA"
"First  City Monument Bank","KACHASI v1.x","FC/31/07/0032","HIGH","UNABLE TO FETCH FORM A NUMBER",26.6279769443208,"Within SLA"
"First  City Monument Bank","KACHASI v1.x","FC/28/07/0031","HIGH","UNABLE TO PROCESS BODOGWU CUSTOM DUTY""",78.6950405555544,"Breached SLA"
"First  City Monument Bank","KACHASI v1.x","FC/22/07/0030","HIGH","REQUEST FOR FX PURCHASES",5.7871022222098,"Within SLA"
"First  City Monument Bank","KACHASI v1.x","FC/21/07/0029","HIGH","INVALID SDG ERROR ON CUSTOM DUTY PAYMENT",30.3772386111086,"Within SLA"
"First  City Monument Bank","KACHASI v1.x","FC/17/07/0028","HIGH","INVALID SDG ERROR ON CUSTOM DUTY PAYMENT",22.018705833354,"Within SLA"
"First  City Monument Bank","KACHASI v1.x","FC/17/07/0009","HIGH","NESS Fee",145.835056111158,"Breached SLA"
"First  City Monument Bank","KACHASI v1.x","FC/16/07/0027","HIGH","FX Bid Request Issue",142.207920555607,"Breached SLA"
"First  City Monument Bank","KACHASI v1.x","FC/11/07/0026","HIGH","User unable to approve custom duty",0.455137777898926,"Within SLA"
"First  City Monument Bank","KACHASI v1.x","FC/11/07/0025","HIGH","Unable to create intervention account",243.29809138889,"Breached SLA"
"First  City Monument Bank","KACHASI v1.x","FC/09/07/0024","HIGH","ERROR ON TRADEX- PERFECT PACKAGING LTD-0728572011",52.9679644443677,"Within SLA"
"First  City Monument Bank","TENTACLES","FC/08/07/0023","CRITICAL","ISSUE WITH TSA/ TAXES",353.517105833336,"Breached SLA"
"First  City Monument Bank","KACHASI v1.x","FC/07/07/0022","HIGH","PRENEG CHALLENGE",210.692806666601,"Breached SLA"
"First  City Monument Bank","KACHASI v1.x","FC/04/07/0021","HIGH","Challenge on Pre neg",0.778645833372138,"Within SLA"
"First  City Monument Bank","TENTACLES","FC/01/07/0006","CRITICAL","DUPLICATE REMITTANCES FOR CUSTOM",73.0817133334349,"Breached SLA"
"First  City Monument Bank","KACHASI v1.x","FC/01/07/0020","HIGH","PRE-NEGOTIATION CHARGE BREAKDOWN",987.014975277765,"Breached SLA"
"First  City Monument Bank","KACHASI v1.x","FC/30/06/0019","CRITICAL","TSA ENCRYPTED REQ AND RESPONSE",1.1958586112014,"Within SLA"
"First  City Monument Bank","KACHASI v1.x","FC/26/06/0018","HIGH","Transaction DIDNt flow to swift",138.277369999909,"Breached SLA"
"First  City Monument Bank","TENTACLES","FC/25/06/0017","CRITICAL","Corebanking Service Is Not Coming Up",22.578882499889,"Within SLA"
"First  City Monument Bank","KACHASI v1.x","FC/24/06/0016","CRITICAL","OPEN SSL VULNERABILITY",4.48690472217277,"Within SLA"
"First  City Monument Bank","TENTACLES","FC/20/06/0015","CRITICAL","ISSUE WITH TRANSMITTING TRANSACTION",118.093363611144,"Breached SLA"
"First  City Monument Bank","KACHASI v1.x","FC/19/06/0014","HIGH","FORMS M CANCELLATION- CROWN FLOUR LIMITED",198.402688333299,"Breached SLA"
"First  City Monument Bank","TENTACLES","FC/16/06/0013","CRITICAL","ISSUE IS TOSSER ON TENTACLES",6.24881249992177,"Within SLA"
"First  City Monument Bank","TENTACLES","FC/16/06/0012","CRITICAL","AUTTOMATION OF NCS REST TO ALLOW TRANSACTION SIMULTANEOUSLY",893.168639166572,"Breached SLA"
"First  City Monument Bank","TENTACLES","FC/16/06/0011","CRITICAL","Bodogwu not getting new duty",9.02893194439821,"Within SLA"
"First  City Monument Bank","KACHASI v1.x","FC/16/06/0010","CRITICAL","PRENEG REPORT",6.31289916671813,"Within SLA"
"First  City Monument Bank","KACHASI v1.x","FC/16/06/0009","CRITICAL","DISCREPANCY IN BREAKDOWN FROM TRADEX AND NAIRA ACCOUNT DEBIT ABUJA STEEL MILLS LIMITED",52.9788905555033,"Breached SLA"
"First  City Monument Bank","KACHASI v1.x","FC/11/06/0008","CRITICAL","UNABLE TO APPROVE FORM A",46.2030125000747,"Breached SLA"
"First  City Monument Bank","TENTACLES","FC/11/06/0007","HIGH","ERROR HANDLING",50.8329230553936,"Within SLA"
"First  City Monument Bank","TENTACLES","FC/10/06/0005","HIGH","COREBANKING CHALLENGE ON TENTACLES",1.42335083341459,"Within SLA"
"First  City Monument Bank","KACHASI v1.x","FC/10/06/0004","HIGH","SECURITY REGISTER - Q1 2025 INTERNAL VAPT",193.398204444442,"Breached SLA"
"First  City Monument Bank","TENTACLES","FC/10/06/0003","CRITICAL","FAILED TO IMPORT CUSTOME DUTY FOR A65",5.72278194443788,"Within SLA"
"First  City Monument Bank","KACHASI v1.x","FC/05/06/0002","LOW","UNABLE TO TREAT CUSTOM DUTY",0.100096388894599,"Within SLA"
"First  City Monument Bank","KACHASI v1.x","FC/05/06/0001","LOW","UNABLE TO CASH BACK UNCONFIRMED LC",329.948928333353,"Breached SLA"
"First  City Monument Bank","TENTACLES","FC/05/06/0002","CRITICAL","INCLUSION OF OTHER PORTS ON NCS REST",3.98202444455819,"Within SLA"
"First  City Monument Bank","KACHASI v1.x","FC/05/06/0001","HIGH","FAILED FORM M REQUESTS ON KACHASI",7.69665166659979,"Within SLA"
"First  City Monument Bank","KACHASI v1.x","FC/TR/LIV/250029","HIGH","Unable to process form NXP",501.213551944471,"Breached SLA"
"First  City Monument Bank","TENTACLES","FC/TE/LIV/250001","HIGH","TENTACLES DOWNTIME",500.110310277727,"Breached SLA"
"First  City Monument Bank","KACHASI v1.x","FC/TR/LIV/250028","CRITICAL","Issues with LC",45.2585669444525,"Breached SLA"
"First  City Monument Bank","KACHASI v1.x","FC/TR/LIV/250027","HIGH","EMAIL ADDRESS REQUEST",1777.89389194432,"Breached SLA"
"First  City Monument Bank","KACHASI v1.x","FC/TR/LIV/250026","CRITICAL","CHALLENGE WITH LC FLOWS",5.86325222218875,"Within SLA"
"First  City Monument Bank","KACHASI v1.x","FC/TR/LIV/250025","HIGH","SWIFT ERROR ON KACHASI",2.43987861124333,"Within SLA"
"First  City Monument Bank","KACHASI v1.x","FC/TR/LIV/250024","HIGH","URGENT FIXES ON TRADE X (Fund Type Drop Menu)",1394.83576250001,"Breached SLA"
"First  City Monument Bank","KACHASI v1.x","FC/TR/LIV/250023","HIGH","UNABLE TO PRINT CUSTOM DUTY (b'ODOGWU)",2.86427194444695,"Within SLA"
"First  City Monument Bank","KACHASI v1.x","FC/TR/LIV/250022","HIGH","DISCREPANCY IN BREAKDOWN FROM TRADEX AND NAIRA ACCOUNT DEBIT",143.429532499867,"Breached SLA"
"First  City Monument Bank","KACHASI v1.x","FC/TR/LIV/250021","HIGH","NO REPORT FOR 04-04-2025 on TRADEX",39.2713094443898,"Within SLA"
"First  City Monument Bank","KACHASI v1.x","FC/TR/LIV/250020","HIGH","TLS 1.2 Implementation",2068.53452388884,"Breached SLA"
"First  City Monument Bank","KACHASI v1.x","FC/TR/LIV/250019","CRITICAL","UNABLE TO PAY FOR  eExcisePayment",1968.48800444452,"Breached SLA"
"First  City Monument Bank","KACHASI v1.x","FC/TR/LIV/250018","HIGH","NOTIFICATIONS NOT GOING OUT OF TRADEX",2739.03964888898,"Breached SLA"
"First  City Monument Bank","KACHASI v1.x","FC/TR/LIV/250016","LOW","FX Bids Batch Not Populating",147.985418333381,"Within SLA"
"First  City Monument Bank","KACHASI v1.x","FC/TR/LIV/250015","CRITICAL","ISSUE WITH LC AMENDMENT",1008.34571027773,"Breached SLA"
"First  City Monument Bank","KACHASI v1.x","FC/TR/LIV/250014","CRITICAL","TSA PAYMENT FAILURE",99.8318258334766,"Breached SLA"
"First  City Monument Bank","KACHASI v1.x","FC/TR/LIV/250013","LOW","DISCREPANCY IN BREAKDOWN FROM TRADEX AND NAIRA ACCOUNT",186.254793888889,"Within SLA"
"First  City Monument Bank","KACHASI v1.x","FC/TR/LIV/250012","MEDIUM","VIRAMSUN NIG LTD =====ACCOUNT NO. 3580283017",74.236337777751,"Within SLA"
"First  City Monument Bank","KACHASI v1.x","FC/TR/LIV/250011","HIGH","DISCREPANCY IN BREAKDOWN FROM TRADEX & NAIRA ACCOUNT DEBIT",3.94406861113384,"Within SLA"
"First  City Monument Bank","KACHASI v1.x","FC/TR/LIV/250010","CRITICAL","UNABLE TO COMPLETE PTA CREATION ON TRADEX",22.9054916667519,"Within SLA"
"First  City Monument Bank","KACHASI v1.x","FC/TR/LIV/250009","HIGH","ENQUIRY ON FX TRANSFER  AF20251427480",51.0612658333266,"Within SLA"
"First  City Monument Bank","KACHASI v1.x","FC/TR/LIV/250008","HIGH","PURCHASE OF FX ON FORM M NO. MF20250004233",93.1118361111148,"Breached SLA"
"First  City Monument Bank","KACHASI v1.x","FC/TR/LIV/250007","CRITICAL","Transaction Not Flowing on TSA",867.164298888878,"Breached SLA"
"First  City Monument Bank","KACHASI v1.x","FC/TR/LIV/250006","HIGH","ISSUES WITH ECD LODGEMENT",120.535228888853,"Breached SLA"
"First  City Monument Bank","KACHASI v1.x","FC/TR/LIV/250005","HIGH","TSA Issue",4.5660402776557,"Within SLA"
"First  City Monument Bank","KACHASI v1.x","FC/TR/LIV/250004","HIGH","FAILED FORM M REQUESTS ON KACHASI",29.1840977778775,"Within SLA"
"First  City Monument Bank","KACHASI v1.x","FC/TR/LIV/250003","MEDIUM","ERRORS ON KACHASI FOR PTA/BTA PROCESSING",288.102313055657,"Breached SLA"
"First  City Monument Bank","KACHASI v1.x","FC/TR/LIV/250002","MEDIUM","MISSING SWIFT MESSAGE - FCMB25LC00002",50.0251958331792,"Within SLA"
"First  City Monument Bank","KACHASI v1.x","FC/TR/LIV/250001","HIGH","Architecture Review for TradeX",458.001423055655,"Breached SLA"
"First  City Monument Bank","KACHASI v1.x","FC/12/12/0076","CRITICAL","Create Idris Adisa ON ISura",0.919549722166266,"Within SLA"
"First  City Monument Bank","KACHASI v1.x","FC/12/12/0075","HIGH","Pre-Charges Not taken",816.242169722216,"Breached SLA"
"First  City Monument Bank","KACHASI v1.x","FC/12/11/0074","HIGH","PENDING CUSTOM DUTY APPROVAL IFO 1023890781 ( 25423)",27.0630422221147,"Within SLA"
"First  City Monument Bank","KACHASI v1.x","FC/11/11/0073","CRITICAL","FAILED TRANSMISSION ON CUSTOM DUTY PAYMENT",46.1350302777719,"Breached SLA"
"First  City Monument Bank","KACHASI v1.x","FC/10/11/0071","HIGH","REQUEST FOR PRE-NEGOTIATION BREAKDWON",27.1674658333068,"Within SLA"
"First  City Monument Bank","KACHASI v1.x","FC/06/11/0070","CRITICAL","CUSTOM DUTY PAYMENT YET TO SETTLED",21.4195383331971,"Within SLA"
"First  City Monument Bank","KACHASI v1.x","FC/03/11/0069","CRITICAL","KACHASI SWIFT MANAGER ERROR",15.5845111111994,"Within SLA"
"First  City Monument Bank","KACHASI v1.x","FC/03/11/0068","HIGH","UNABLE TO GENERATE RECEIPT ON TRADEX",30.3312477779109,"Within SLA"
"First  City Monument Bank","KACHASI v1.x","FC/30/10/0067","HIGH","Pending Custom Duty Payment",16.9225080554606,"Within SLA"
"First  City Monument Bank","KACHASI v1.x","FC/22/10/0065","HIGH","EXCESS FX PURCHASE IFO PIVOT INTEGRATED ENERGY SERVICES LIMITED  LC WITH MAY ADD CLAUSE",24.179055277782,"Within SLA"
"First  City Monument Bank","KACHASI v1.x","FC/14/10/0064","CRITICAL","CUSTOM TRANSACTIONS YET TO BE TRANSIMITED 09-10-2025",27.3766611110768,"Breached SLA"
"First  City Monument Bank","KACHASI v1.x","FC/13/10/0063","CRITICAL","Finacle SSL Update",2.94053583336063,"Within SLA"
"First  City Monument Bank","KACHASI v1.x","FC/10/10/0062","HIGH","ROBUST INTERNATIONAL COMMODITIES LTD NXP XG202500214148606",68.9632677777554,"Within SLA"
"First  City Monument Bank","KACHASI v1.x","FC/09/10/0061","CRITICAL","LC Transaction Not Showing On Swift Outgoing Messages",6.9545630554785,"Within SLA"
"First  City Monument Bank","KACHASI v1.x","FC/08/10/0060","CRITICAL","TRANSMISSION OF FAILED CUSTOM DUTY PAYMENT",46.1104936109623,"Breached SLA"
"First  City Monument Bank","KACHASI v1.x","FC/03/10/0023","CRITICAL","Unable to access the report",0.807398333447054,"Within SLA"
"First  City Monument Bank","KACHASI v1.x","FC/02/10/0059","CRITICAL","Workflow Errors",7.63467000005767,"Within SLA"
"First  City Monument Bank","KACHASI v1.x","FC/02/10/0058","HIGH","UNSETTLED CUSTOM DUTY",23.6643569443258,"Within SLA"
"First  City Monument Bank","KACHASI v1.x","FC/30/09/0057","CRITICAL","SERVICE DEGRATION ON KACHASI",3.30818527779775,"Within SLA"
"First  City Monument Bank","KACHASI v1.x","FC/30/09/0056","CRITICAL","Unable to launch Tradex URL",5.27577555557946,"Within SLA"
"First  City Monument Bank","KACHASI v1.x","FC/29/09/0021","HIGH","FAILED REQUESTS ON KACHASI FOR FORMS M CANCELLATION",212.178965555504,"Breached SLA"
"First  City Monument Bank","KACHASI v1.x","FC/29/09/0055","HIGH","REPORT OF RECONCILIATION - OUTSTANDING TRADE OBLIGATION ON TAURUS OILA AND GAS LIMITED",70.4525322222034,"Within SLA"
"First  City Monument Bank","KACHASI v1.x","FC/26/09/0054","HIGH","PENDING CUSTOM DUTY APPROVAL IFO CHARDON GLOBAL SERVICES NIG",106.377771944564,"Breached SLA"
"First  City Monument Bank","KACHASI v1.x","FC/24/09/0053","HIGH","SETTLEMENT ISSUE ON COLLECTION ACCOUNT",175.925950000004,"Breached SLA"
"First  City Monument Bank","KACHASI v1.x","FC/24/09/0052","CRITICAL","CUSTOM DUTY PAYMENT:TAXES NOT TRANSMITTED",41.6313263888005,"Breached SLA"
"First  City Monument Bank","KACHASI v1.x","FC/10/09/0051","HIGH","KACHASI POSTING ERROR FCMB25LC00172",192.42551999999,"Breached SLA"
"First  City Monument Bank","KACHASI v1.x","FC/09/09/0019","HIGH","FX FUNDS TRANSFER- TRADE",3.26730694435537,"Within SLA"
"First  City Monument Bank","KACHASI v1.x","FC/09/09/0050","HIGH","REQUEST TO PURCHASE FX",20.0057597222622,"Within SLA"
"First  City Monument Bank","KACHASI v1.x","FC/03/09/0049","CRITICAL","RE: FCMB NXP - NESS Payment  01-09-2025",109.262032500061,"Breached SLA"
"First  City Monument Bank","KACHASI v1.x","FC/03/09/0048","CRITICAL","TRANSMISSION OF FAILED CUSTOM DUTY PAYMENT",209.858126666746,"Breached SLA"
"First  City Monument Bank","KACHASI v1.x","FC/03/09/0047","HIGH","DOUBLE DEBIT OF CUSTOMERS FOR CUSTOM DUTY PAYMENT",116.323728333344,"Breached SLA"
"First  City Monument Bank","KACHASI v1.x","FC/01/09/0046","HIGH","RE: DRAFT LC IRO MASTERSTROKES PACKAGES -- MF20250073374",19.835481944494,"Within SLA"
"First  City Monument Bank","KACHASI v1.x","FC/27/08/0045","HIGH","CANCELLED ASSESSMENTS",23.7785147221293,"Within SLA"
"First  City Monument Bank","KACHASI v1.x","FC/26/08/0044","HIGH","NXP Transaction not validating on the Portal",50.1819611111423,"Within SLA"
"First  City Monument Bank","KACHASI v1.x","FC/22/08/0043","CRITICAL","BACKEND CLOSURE OF THE LODGEMENT",168.636838333332,"Breached SLA"
"First  City Monument Bank","KACHASI v1.x","FC/22/08/0042","HIGH","KACHASI ERROR ON LODGMENT",4.29336638882523,"Within SLA"
"First  City Monument Bank","KACHASI v1.x","FC/21/08/0041","CRITICAL","KACHASI SWIFT MANAGER ERROR",23.1656255556154,"Within SLA"
"First  City Monument Bank","KACHASI v1.x","FC/20/08/0012","HIGH","Form A Number Not Populated",46.1522213889984,"Within SLA"
"First  City Monument Bank","KACHASI v1.x","FC/20/08/0040","HIGH","Iintervention Account Error",26.5852658333606,"Within SLA"
"First  City Monument Bank","KACHASI v1.x","FC/15/08/0039","HIGH","Custom Duty Receipts Not Printing",5.13206388900289,"Within SLA"
"First  City Monument Bank","KACHASI v1.x","FC/12/08/0038","CRITICAL","CHALLENEG WITH FX BID",389.75715194433,"Breached SLA"
"First  City Monument Bank","KACHASI v1.x","FC/11/08/0037","HIGH","Preneg Issue",4.3528783331858,"Within SLA"
"First  City Monument Bank","KACHASI v1.x","FC/06/08/0036","HIGH","FAILED CUSTOM DUTY PAYMENT",48.7945769444341,"Within SLA"
"First  City Monument Bank","KACHASI v1.x","FC/05/08/0035","CRITICAL","REQUEST FOR PRE-NEGOTIATION CHARGE BREAKDOWN MATCHING DEBIT PASSED TO CUSTOMER‚ÄôS NAIRA ACCOUNT",51.0493272221647,"Breached SLA"
"First  City Monument Bank","KACHASI v1.x","FC/01/08/0034","HIGH","FORM A VALIDATION",4.08397083333693,"Within SLA"
"First  City Monument Bank","KACHASI v1.x","FC/31/07/0033","HIGH","CUSTOM DUTY PAYMENT AUTHORIZATION FAILING",3.82183555554366,"Within SLA"
"First  City Monument Bank","KACHASI v1.x","FC/31/07/0032","HIGH","UNABLE TO FETCH FORM A NUMBER",26.6279769443208,"Within SLA"
"First  City Monument Bank","KACHASI v1.x","FC/28/07/0031","HIGH","UNABLE TO PROCESS BODOGWU CUSTOM DUTY""",78.6950405555544,"Breached SLA"
"First  City Monument Bank","KACHASI v1.x","FC/22/07/0030","HIGH","REQUEST FOR FX PURCHASES",5.7871022222098,"Within SLA"
"First  City Monument Bank","KACHASI v1.x","FC/21/07/0029","HIGH","INVALID SDG ERROR ON CUSTOM DUTY PAYMENT",30.3772386111086,"Within SLA"
"First  City Monument Bank","KACHASI v1.x","FC/17/07/0028","HIGH","INVALID SDG ERROR ON CUSTOM DUTY PAYMENT",22.018705833354,"Within SLA"
"First  City Monument Bank","KACHASI v1.x","FC/17/07/0009","HIGH","NESS Fee",145.835056111158,"Breached SLA"
"First  City Monument Bank","KACHASI v1.x","FC/16/07/0027","HIGH","FX Bid Request Issue",142.207920555607,"Breached SLA"
"First  City Monument Bank","KACHASI v1.x","FC/11/07/0026","HIGH","User unable to approve custom duty",0.455137777898926,"Within SLA"
"First  City Monument Bank","KACHASI v1.x","FC/11/07/0025","HIGH","Unable to create intervention account",243.29809138889,"Breached SLA"
"First  City Monument Bank","KACHASI v1.x","FC/09/07/0024","HIGH","ERROR ON TRADEX- PERFECT PACKAGING LTD-0728572011",52.9679644443677,"Within SLA"
"First  City Monument Bank","TENTACLES","FC/08/07/0023","CRITICAL","ISSUE WITH TSA/ TAXES",353.517105833336,"Breached SLA"
"First  City Monument Bank","KACHASI v1.x","FC/07/07/0022","HIGH","PRENEG CHALLENGE",210.692806666601,"Breached SLA"
"First  City Monument Bank","KACHASI v1.x","FC/04/07/0021","HIGH","Challenge on Pre neg",0.778645833372138,"Within SLA"
"First  City Monument Bank","TENTACLES","FC/01/07/0006","CRITICAL","DUPLICATE REMITTANCES FOR CUSTOM",73.0817133334349,"Breached SLA"
"First  City Monument Bank","KACHASI v1.x","FC/01/07/0020","HIGH","PRE-NEGOTIATION CHARGE BREAKDOWN",987.014975277765,"Breached SLA"
"First  City Monument Bank","KACHASI v1.x","FC/30/06/0019","CRITICAL","TSA ENCRYPTED REQ AND RESPONSE",1.1958586112014,"Within SLA"
"First  City Monument Bank","KACHASI v1.x","FC/26/06/0018","HIGH","Transaction DIDNt flow to swift",138.277369999909,"Breached SLA"
"First  City Monument Bank","TENTACLES","FC/25/06/0017","CRITICAL","Corebanking Service Is Not Coming Up",22.578882499889,"Within SLA"
"First  City Monument Bank","KACHASI v1.x","FC/24/06/0016","CRITICAL","OPEN SSL VULNERABILITY",4.48690472217277,"Within SLA"
"First  City Monument Bank","TENTACLES","FC/20/06/0015","CRITICAL","ISSUE WITH TRANSMITTING TRANSACTION",118.093363611144,"Breached SLA"
"First  City Monument Bank","KACHASI v1.x","FC/19/06/0014","HIGH","FORMS M CANCELLATION- CROWN FLOUR LIMITED",198.402688333299,"Breached SLA"
"First  City Monument Bank","TENTACLES","FC/16/06/0013","CRITICAL","ISSUE IS TOSSER ON TENTACLES",6.24881249992177,"Within SLA"
"First  City Monument Bank","TENTACLES","FC/16/06/0012","CRITICAL","AUTTOMATION OF NCS REST TO ALLOW TRANSACTION SIMULTANEOUSLY",893.168639166572,"Breached SLA"
"First  City Monument Bank","TENTACLES","FC/16/06/0011","CRITICAL","Bodogwu not getting new duty",9.02893194439821,"Within SLA"
"First  City Monument Bank","KACHASI v1.x","FC/16/06/0010","CRITICAL","PRENEG REPORT",6.31289916671813,"Within SLA"
"First  City Monument Bank","KACHASI v1.x","FC/16/06/0009","CRITICAL","DISCREPANCY IN BREAKDOWN FROM TRADEX AND NAIRA ACCOUNT DEBIT ABUJA STEEL MILLS LIMITED",52.9788905555033,"Breached SLA"
"First  City Monument Bank","KACHASI v1.x","FC/11/06/0008","CRITICAL","UNABLE TO APPROVE FORM A",46.2030125000747,"Breached SLA"
"First  City Monument Bank","TENTACLES","FC/11/06/0007","HIGH","ERROR HANDLING",50.8329230553936,"Within SLA"
"First  City Monument Bank","TENTACLES","FC/10/06/0005","HIGH","COREBANKING CHALLENGE ON TENTACLES",1.42335083341459,"Within SLA"
"First  City Monument Bank","KACHASI v1.x","FC/10/06/0004","HIGH","SECURITY REGISTER - Q1 2025 INTERNAL VAPT",193.398204444442,"Breached SLA"
"First  City Monument Bank","TENTACLES","FC/10/06/0003","CRITICAL","FAILED TO IMPORT CUSTOME DUTY FOR A65",5.72278194443788,"Within SLA"
"First  City Monument Bank","KACHASI v1.x","FC/05/06/0002","LOW","UNABLE TO TREAT CUSTOM DUTY",0.100096388894599,"Within SLA"
"First  City Monument Bank","KACHASI v1.x","FC/05/06/0001","LOW","UNABLE TO CASH BACK UNCONFIRMED LC",329.948928333353,"Breached SLA"
"First  City Monument Bank","TENTACLES","FC/05/06/0002","CRITICAL","INCLUSION OF OTHER PORTS ON NCS REST",3.98202444455819,"Within SLA"
"First  City Monument Bank","KACHASI v1.x","FC/05/06/0001","HIGH","FAILED FORM M REQUESTS ON KACHASI",7.69665166659979,"Within SLA"
"First  City Monument Bank","KACHASI v1.x","FC/TR/LIV/250029","HIGH","Unable to process form NXP",501.213551944471,"Breached SLA"
"First  City Monument Bank","TENTACLES","FC/TE/LIV/250001","HIGH","TENTACLES DOWNTIME",500.110310277727,"Breached SLA"
"First  City Monument Bank","KACHASI v1.x","FC/TR/LIV/250028","CRITICAL","Issues with LC",45.2585669444525,"Breached SLA"
"First  City Monument Bank","KACHASI v1.x","FC/TR/LIV/250027","HIGH","EMAIL ADDRESS REQUEST",1777.89389194432,"Breached SLA"
"First  City Monument Bank","KACHASI v1.x","FC/TR/LIV/250026","CRITICAL","CHALLENGE WITH LC FLOWS",5.86325222218875,"Within SLA"
"First  City Monument Bank","KACHASI v1.x","FC/TR/LIV/250025","HIGH","SWIFT ERROR ON KACHASI",2.43987861124333,"Within SLA"
"First  City Monument Bank","KACHASI v1.x","FC/TR/LIV/250024","HIGH","URGENT FIXES ON TRADE X (Fund Type Drop Menu)",1394.83576250001,"Breached SLA"
"First  City Monument Bank","KACHASI v1.x","FC/TR/LIV/250023","HIGH","UNABLE TO PRINT CUSTOM DUTY (b'ODOGWU)",2.86427194444695,"Within SLA"
"First  City Monument Bank","KACHASI v1.x","FC/TR/LIV/250022","HIGH","DISCREPANCY IN BREAKDOWN FROM TRADEX AND NAIRA ACCOUNT DEBIT",143.429532499867,"Breached SLA"
"First  City Monument Bank","KACHASI v1.x","FC/TR/LIV/250021","HIGH","NO REPORT FOR 04-04-2025 on TRADEX",39.2713094443898,"Within SLA"
"First  City Monument Bank","KACHASI v1.x","FC/TR/LIV/250020","HIGH","TLS 1.2 Implementation",2068.53452388884,"Breached SLA"
"First  City Monument Bank","KACHASI v1.x","FC/TR/LIV/250019","CRITICAL","UNABLE TO PAY FOR  eExcisePayment",1968.48800444452,"Breached SLA"
"First  City Monument Bank","KACHASI v1.x","FC/TR/LIV/250018","HIGH","NOTIFICATIONS NOT GOING OUT OF TRADEX",2739.03964888898,"Breached SLA"
"First  City Monument Bank","KACHASI v1.x","FC/TR/LIV/250016","LOW","FX Bids Batch Not Populating",147.985418333381,"Within SLA"
"First  City Monument Bank","KACHASI v1.x","FC/TR/LIV/250015","CRITICAL","ISSUE WITH LC AMENDMENT",1008.34571027773,"Breached SLA"
"First  City Monument Bank","KACHASI v1.x","FC/TR/LIV/250014","CRITICAL","TSA PAYMENT FAILURE",99.8318258334766,"Breached SLA"
"First  City Monument Bank","KACHASI v1.x","FC/TR/LIV/250013","LOW","DISCREPANCY IN BREAKDOWN FROM TRADEX AND NAIRA ACCOUNT",186.254793888889,"Within SLA"
"First  City Monument Bank","KACHASI v1.x","FC/TR/LIV/250012","MEDIUM","VIRAMSUN NIG LTD =====ACCOUNT NO. 3580283017",74.236337777751,"Within SLA"
"First  City Monument Bank","KACHASI v1.x","FC/TR/LIV/250011","HIGH","DISCREPANCY IN BREAKDOWN FROM TRADEX & NAIRA ACCOUNT DEBIT",3.94406861113384,"Within SLA"
"First  City Monument Bank","KACHASI v1.x","FC/TR/LIV/250010","CRITICAL","UNABLE TO COMPLETE PTA CREATION ON TRADEX",22.9054916667519,"Within SLA"
"First  City Monument Bank","KACHASI v1.x","FC/TR/LIV/250009","HIGH","ENQUIRY ON FX TRANSFER  AF20251427480",51.0612658333266,"Within SLA"
"First  City Monument Bank","KACHASI v1.x","FC/TR/LIV/250008","HIGH","PURCHASE OF FX ON FORM M NO. MF20250004233",93.1118361111148,"Breached SLA"
"First  City Monument Bank","KACHASI v1.x","FC/TR/LIV/250007","CRITICAL","Transaction Not Flowing on TSA",867.164298888878,"Breached SLA"
"First  City Monument Bank","KACHASI v1.x","FC/TR/LIV/250006","HIGH","ISSUES WITH ECD LODGEMENT",120.535228888853,"Breached SLA"
"First  City Monument Bank","KACHASI v1.x","FC/TR/LIV/250005","HIGH","TSA Issue",4.5660402776557,"Within SLA"
"First  City Monument Bank","KACHASI v1.x","FC/TR/LIV/250004","HIGH","FAILED FORM M REQUESTS ON KACHASI",29.1840977778775,"Within SLA"
"First  City Monument Bank","KACHASI v1.x","FC/TR/LIV/250003","MEDIUM","ERRORS ON KACHASI FOR PTA/BTA PROCESSING",288.102313055657,"Breached SLA"
"First  City Monument Bank","KACHASI v1.x","FC/TR/LIV/250002","MEDIUM","MISSING SWIFT MESSAGE - FCMB25LC00002",50.0251958331792,"Within SLA"
"First  City Monument Bank","KACHASI v1.x","FC/TR/LIV/250001","HIGH","Architecture Review for TradeX",458.001423055655,"Breached SLA"
"First  City Monument Bank","KACHASI v1.x","FC/12/12/0076","CRITICAL","Create Idris Adisa ON ISura",0.919549722166266,"Within SLA"
"First  City Monument Bank","KACHASI v1.x","FC/12/12/0075","HIGH","Pre-Charges Not taken",816.242169722216,"Breached SLA"
"First  City Monument Bank","KACHASI v1.x","FC/12/11/0074","HIGH","PENDING CUSTOM DUTY APPROVAL IFO 1023890781 ( 25423)",27.0630422221147,"Within SLA"
"First  City Monument Bank","KACHASI v1.x","FC/11/11/0073","CRITICAL","FAILED TRANSMISSION ON CUSTOM DUTY PAYMENT",46.1350302777719,"Breached SLA"
"First  City Monument Bank","KACHASI v1.x","FC/10/11/0071","HIGH","REQUEST FOR PRE-NEGOTIATION BREAKDWON",27.1674658333068,"Within SLA"
"First  City Monument Bank","KACHASI v1.x","FC/06/11/0070","CRITICAL","CUSTOM DUTY PAYMENT YET TO SETTLED",21.4195383331971,"Within SLA"
"First  City Monument Bank","KACHASI v1.x","FC/03/11/0069","CRITICAL","KACHASI SWIFT MANAGER ERROR",15.5845111111994,"Within SLA"
"First  City Monument Bank","KACHASI v1.x","FC/03/11/0068","HIGH","UNABLE TO GENERATE RECEIPT ON TRADEX",30.3312477779109,"Within SLA"
"First  City Monument Bank","KACHASI v1.x","FC/30/10/0067","HIGH","Pending Custom Duty Payment",16.9225080554606,"Within SLA"
"First  City Monument Bank","KACHASI v1.x","FC/22/10/0065","HIGH","EXCESS FX PURCHASE IFO PIVOT INTEGRATED ENERGY SERVICES LIMITED  LC WITH MAY ADD CLAUSE",24.179055277782,"Within SLA"
"First  City Monument Bank","KACHASI v1.x","FC/14/10/0064","CRITICAL","CUSTOM TRANSACTIONS YET TO BE TRANSIMITED 09-10-2025",27.3766611110768,"Breached SLA"
"First  City Monument Bank","KACHASI v1.x","FC/13/10/0063","CRITICAL","Finacle SSL Update",2.94053583336063,"Within SLA"
"First  City Monument Bank","KACHASI v1.x","FC/10/10/0062","HIGH","ROBUST INTERNATIONAL COMMODITIES LTD NXP XG202500214148606",68.9632677777554,"Within SLA"
"First  City Monument Bank","KACHASI v1.x","FC/09/10/0061","CRITICAL","LC Transaction Not Showing On Swift Outgoing Messages",6.9545630554785,"Within SLA"
"First  City Monument Bank","KACHASI v1.x","FC/08/10/0060","CRITICAL","TRANSMISSION OF FAILED CUSTOM DUTY PAYMENT",46.1104936109623,"Breached SLA"
"First  City Monument Bank","KACHASI v1.x","FC/03/10/0023","CRITICAL","Unable to access the report",0.807398333447054,"Within SLA"
"First  City Monument Bank","KACHASI v1.x","FC/02/10/0059","CRITICAL","Workflow Errors",7.63467000005767,"Within SLA"
"First  City Monument Bank","KACHASI v1.x","FC/02/10/0058","HIGH","UNSETTLED CUSTOM DUTY",23.6643569443258,"Within SLA"
"First  City Monument Bank","KACHASI v1.x","FC/30/09/0057","CRITICAL","SERVICE DEGRATION ON KACHASI",3.30818527779775,"Within SLA"
"First  City Monument Bank","KACHASI v1.x","FC/30/09/0056","CRITICAL","Unable to launch Tradex URL",5.27577555557946,"Within SLA"
"First  City Monument Bank","KACHASI v1.x","FC/29/09/0021","HIGH","FAILED REQUESTS ON KACHASI FOR FORMS M CANCELLATION",212.178965555504,"Breached SLA"
"First  City Monument Bank","KACHASI v1.x","FC/29/09/0055","HIGH","REPORT OF RECONCILIATION - OUTSTANDING TRADE OBLIGATION ON TAURUS OILA AND GAS LIMITED",70.4525322222034,"Within SLA"
"First  City Monument Bank","KACHASI v1.x","FC/26/09/0054","HIGH","PENDING CUSTOM DUTY APPROVAL IFO CHARDON GLOBAL SERVICES NIG",106.377771944564,"Breached SLA"
"First  City Monument Bank","KACHASI v1.x","FC/24/09/0053","HIGH","SETTLEMENT ISSUE ON COLLECTION ACCOUNT",175.925950000004,"Breached SLA"
"First  City Monument Bank","KACHASI v1.x","FC/24/09/0052","CRITICAL","CUSTOM DUTY PAYMENT:TAXES NOT TRANSMITTED",41.6313263888005,"Breached SLA"
"First  City Monument Bank","KACHASI v1.x","FC/10/09/0051","HIGH","KACHASI POSTING ERROR FCMB25LC00172",192.42551999999,"Breached SLA"
"First  City Monument Bank","KACHASI v1.x","FC/09/09/0019","HIGH","FX FUNDS TRANSFER- TRADE",3.26730694435537,"Within SLA"
"First  City Monument Bank","KACHASI v1.x","FC/09/09/0050","HIGH","REQUEST TO PURCHASE FX",20.0057597222622,"Within SLA"
"First  City Monument Bank","KACHASI v1.x","FC/03/09/0049","CRITICAL","RE: FCMB NXP - NESS Payment  01-09-2025",109.262032500061,"Breached SLA"
"First  City Monument Bank","KACHASI v1.x","FC/03/09/0048","CRITICAL","TRANSMISSION OF FAILED CUSTOM DUTY PAYMENT",209.858126666746,"Breached SLA"
"First  City Monument Bank","KACHASI v1.x","FC/03/09/0047","HIGH","DOUBLE DEBIT OF CUSTOMERS FOR CUSTOM DUTY PAYMENT",116.323728333344,"Breached SLA"
"First  City Monument Bank","KACHASI v1.x","FC/01/09/0046","HIGH","RE: DRAFT LC IRO MASTERSTROKES PACKAGES -- MF20250073374",19.835481944494,"Within SLA"
"First  City Monument Bank","KACHASI v1.x","FC/27/08/0045","HIGH","CANCELLED ASSESSMENTS",23.7785147221293,"Within SLA"
"First  City Monument Bank","KACHASI v1.x","FC/26/08/0044","HIGH","NXP Transaction not validating on the Portal",50.1819611111423,"Within SLA"
"First  City Monument Bank","KACHASI v1.x","FC/22/08/0043","CRITICAL","BACKEND CLOSURE OF THE LODGEMENT",168.636838333332,"Breached SLA"
"First  City Monument Bank","KACHASI v1.x","FC/22/08/0042","HIGH","KACHASI ERROR ON LODGMENT",4.29336638882523,"Within SLA"
"First  City Monument Bank","KACHASI v1.x","FC/21/08/0041","CRITICAL","KACHASI SWIFT MANAGER ERROR",23.1656255556154,"Within SLA"
"First  City Monument Bank","KACHASI v1.x","FC/20/08/0012","HIGH","Form A Number Not Populated",46.1522213889984,"Within SLA"
"First  City Monument Bank","KACHASI v1.x","FC/20/08/0040","HIGH","Iintervention Account Error",26.5852658333606,"Within SLA"
"First  City Monument Bank","KACHASI v1.x","FC/15/08/0039","HIGH","Custom Duty Receipts Not Printing",5.13206388900289,"Within SLA"
"First  City Monument Bank","KACHASI v1.x","FC/12/08/0038","CRITICAL","CHALLENEG WITH FX BID",389.75715194433,"Breached SLA"
"First  City Monument Bank","KACHASI v1.x","FC/11/08/0037","HIGH","Preneg Issue",4.3528783331858,"Within SLA"
"First  City Monument Bank","KACHASI v1.x","FC/06/08/0036","HIGH","FAILED CUSTOM DUTY PAYMENT",48.7945769444341,"Within SLA"
"First  City Monument Bank","KACHASI v1.x","FC/05/08/0035","CRITICAL","REQUEST FOR PRE-NEGOTIATION CHARGE BREAKDOWN MATCHING DEBIT PASSED TO CUSTOMER‚ÄôS NAIRA ACCOUNT",51.0493272221647,"Breached SLA"
"First  City Monument Bank","KACHASI v1.x","FC/01/08/0034","HIGH","FORM A VALIDATION",4.08397083333693,"Within SLA"
"First  City Monument Bank","KACHASI v1.x","FC/31/07/0033","HIGH","CUSTOM DUTY PAYMENT AUTHORIZATION FAILING",3.82183555554366,"Within SLA"
"First  City Monument Bank","KACHASI v1.x","FC/31/07/0032","HIGH","UNABLE TO FETCH FORM A NUMBER",26.6279769443208,"Within SLA"
"First  City Monument Bank","KACHASI v1.x","FC/28/07/0031","HIGH","UNABLE TO PROCESS BODOGWU CUSTOM DUTY""",78.6950405555544,"Breached SLA"
"First  City Monument Bank","KACHASI v1.x","FC/22/07/0030","HIGH","REQUEST FOR FX PURCHASES",5.7871022222098,"Within SLA"
"First  City Monument Bank","KACHASI v1.x","FC/21/07/0029","HIGH","INVALID SDG ERROR ON CUSTOM DUTY PAYMENT",30.3772386111086,"Within SLA"
"First  City Monument Bank","KACHASI v1.x","FC/17/07/0028","HIGH","INVALID SDG ERROR ON CUSTOM DUTY PAYMENT",22.018705833354,"Within SLA"
"First  City Monument Bank","KACHASI v1.x","FC/17/07/0009","HIGH","NESS Fee",145.835056111158,"Breached SLA"
"First  City Monument Bank","KACHASI v1.x","FC/16/07/0027","HIGH","FX Bid Request Issue",142.207920555607,"Breached SLA"
"First  City Monument Bank","KACHASI v1.x","FC/11/07/0026","HIGH","User unable to approve custom duty",0.455137777898926,"Within SLA"
"First  City Monument Bank","KACHASI v1.x","FC/11/07/0025","HIGH","Unable to create intervention account",243.29809138889,"Breached SLA"
"First  City Monument Bank","KACHASI v1.x","FC/09/07/0024","HIGH","ERROR ON TRADEX- PERFECT PACKAGING LTD-0728572011",52.9679644443677,"Within SLA"
"First  City Monument Bank","TENTACLES","FC/08/07/0023","CRITICAL","ISSUE WITH TSA/ TAXES",353.517105833336,"Breached SLA"
"First  City Monument Bank","KACHASI v1.x","FC/07/07/0022","HIGH","PRENEG CHALLENGE",210.692806666601,"Breached SLA"
"First  City Monument Bank","KACHASI v1.x","FC/04/07/0021","HIGH","Challenge on Pre neg",0.778645833372138,"Within SLA"
"First  City Monument Bank","TENTACLES","FC/01/07/0006","CRITICAL","DUPLICATE REMITTANCES FOR CUSTOM",73.0817133334349,"Breached SLA"
"First  City Monument Bank","KACHASI v1.x","FC/01/07/0020","HIGH","PRE-NEGOTIATION CHARGE BREAKDOWN",987.014975277765,"Breached SLA"
"First  City Monument Bank","KACHASI v1.x","FC/30/06/0019","CRITICAL","TSA ENCRYPTED REQ AND RESPONSE",1.1958586112014,"Within SLA"
"First  City Monument Bank","KACHASI v1.x","FC/26/06/0018","HIGH","Transaction DIDNt flow to swift",138.277369999909,"Breached SLA"
"First  City Monument Bank","TENTACLES","FC/25/06/0017","CRITICAL","Corebanking Service Is Not Coming Up",22.578882499889,"Within SLA"
"First  City Monument Bank","KACHASI v1.x","FC/24/06/0016","CRITICAL","OPEN SSL VULNERABILITY",4.48690472217277,"Within SLA"
"First  City Monument Bank","TENTACLES","FC/20/06/0015","CRITICAL","ISSUE WITH TRANSMITTING TRANSACTION",118.093363611144,"Breached SLA"
"First  City Monument Bank","KACHASI v1.x","FC/19/06/0014","HIGH","FORMS M CANCELLATION- CROWN FLOUR LIMITED",198.402688333299,"Breached SLA"
"First  City Monument Bank","TENTACLES","FC/16/06/0013","CRITICAL","ISSUE IS TOSSER ON TENTACLES",6.24881249992177,"Within SLA"
"First  City Monument Bank","TENTACLES","FC/16/06/0012","CRITICAL","AUTTOMATION OF NCS REST TO ALLOW TRANSACTION SIMULTANEOUSLY",893.168639166572,"Breached SLA"
"First  City Monument Bank","TENTACLES","FC/16/06/0011","CRITICAL","Bodogwu not getting new duty",9.02893194439821,"Within SLA"
"First  City Monument Bank","KACHASI v1.x","FC/16/06/0010","CRITICAL","PRENEG REPORT",6.31289916671813,"Within SLA"
"First  City Monument Bank","KACHASI v1.x","FC/16/06/0009","CRITICAL","DISCREPANCY IN BREAKDOWN FROM TRADEX AND NAIRA ACCOUNT DEBIT ABUJA STEEL MILLS LIMITED",52.9788905555033,"Breached SLA"
"First  City Monument Bank","KACHASI v1.x","FC/11/06/0008","CRITICAL","UNABLE TO APPROVE FORM A",46.2030125000747,"Breached SLA"
"First  City Monument Bank","TENTACLES","FC/11/06/0007","HIGH","ERROR HANDLING",50.8329230553936,"Within SLA"
"First  City Monument Bank","TENTACLES","FC/10/06/0005","HIGH","COREBANKING CHALLENGE ON TENTACLES",1.42335083341459,"Within SLA"
"First  City Monument Bank","KACHASI v1.x","FC/10/06/0004","HIGH","SECURITY REGISTER - Q1 2025 INTERNAL VAPT",193.398204444442,"Breached SLA"
"First  City Monument Bank","TENTACLES","FC/10/06/0003","CRITICAL","FAILED TO IMPORT CUSTOME DUTY FOR A65",5.72278194443788,"Within SLA"
"First  City Monument Bank","KACHASI v1.x","FC/05/06/0002","LOW","UNABLE TO TREAT CUSTOM DUTY",0.100096388894599,"Within SLA"
"First  City Monument Bank","KACHASI v1.x","FC/05/06/0001","LOW","UNABLE TO CASH BACK UNCONFIRMED LC",329.948928333353,"Breached SLA"
"First  City Monument Bank","TENTACLES","FC/05/06/0002","CRITICAL","INCLUSION OF OTHER PORTS ON NCS REST",3.98202444455819,"Within SLA"
"First  City Monument Bank","KACHASI v1.x","FC/05/06/0001","HIGH","FAILED FORM M REQUESTS ON KACHASI",7.69665166659979,"Within SLA"
"First  City Monument Bank","KACHASI v1.x","FC/TR/LIV/250029","HIGH","Unable to process form NXP",501.213551944471,"Breached SLA"
"First  City Monument Bank","TENTACLES","FC/TE/LIV/250001","HIGH","TENTACLES DOWNTIME",500.110310277727,"Breached SLA"
"First  City Monument Bank","KACHASI v1.x","FC/TR/LIV/250028","CRITICAL","Issues with LC",45.2585669444525,"Breached SLA"
"First  City Monument Bank","KACHASI v1.x","FC/TR/LIV/250027","HIGH","EMAIL ADDRESS REQUEST",1777.89389194432,"Breached SLA"
"First  City Monument Bank","KACHASI v1.x","FC/TR/LIV/250026","CRITICAL","CHALLENGE WITH LC FLOWS",5.86325222218875,"Within SLA"
"First  City Monument Bank","KACHASI v1.x","FC/TR/LIV/250025","HIGH","SWIFT ERROR ON KACHASI",2.43987861124333,"Within SLA"
"First  City Monument Bank","KACHASI v1.x","FC/TR/LIV/250024","HIGH","URGENT FIXES ON TRADE X (Fund Type Drop Menu)",1394.83576250001,"Breached SLA"
"First  City Monument Bank","KACHASI v1.x","FC/TR/LIV/250023","HIGH","UNABLE TO PRINT CUSTOM DUTY (b'ODOGWU)",2.86427194444695,"Within SLA"
"First  City Monument Bank","KACHASI v1.x","FC/TR/LIV/250022","HIGH","DISCREPANCY IN BREAKDOWN FROM TRADEX AND NAIRA ACCOUNT DEBIT",143.429532499867,"Breached SLA"
"First  City Monument Bank","KACHASI v1.x","FC/TR/LIV/250021","HIGH","NO REPORT FOR 04-04-2025 on TRADEX",39.2713094443898,"Within SLA"
"First  City Monument Bank","KACHASI v1.x","FC/TR/LIV/250020","HIGH","TLS 1.2 Implementation",2068.53452388884,"Breached SLA"
"First  City Monument Bank","KACHASI v1.x","FC/TR/LIV/250019","CRITICAL","UNABLE TO PAY FOR  eExcisePayment",1968.48800444452,"Breached SLA"
"First  City Monument Bank","KACHASI v1.x","FC/TR/LIV/250018","HIGH","NOTIFICATIONS NOT GOING OUT OF TRADEX",2739.03964888898,"Breached SLA"
"First  City Monument Bank","KACHASI v1.x","FC/TR/LIV/250016","LOW","FX Bids Batch Not Populating",147.985418333381,"Within SLA"
"First  City Monument Bank","KACHASI v1.x","FC/TR/LIV/250015","CRITICAL","ISSUE WITH LC AMENDMENT",1008.34571027773,"Breached SLA"
"First  City Monument Bank","KACHASI v1.x","FC/TR/LIV/250014","CRITICAL","TSA PAYMENT FAILURE",99.8318258334766,"Breached SLA"
"First  City Monument Bank","KACHASI v1.x","FC/TR/LIV/250013","LOW","DISCREPANCY IN BREAKDOWN FROM TRADEX AND NAIRA ACCOUNT",186.254793888889,"Within SLA"
"First  City Monument Bank","KACHASI v1.x","FC/TR/LIV/250012","MEDIUM","VIRAMSUN NIG LTD =====ACCOUNT NO. 3580283017",74.236337777751,"Within SLA"
"First  City Monument Bank","KACHASI v1.x","FC/TR/LIV/250011","HIGH","DISCREPANCY IN BREAKDOWN FROM TRADEX & NAIRA ACCOUNT DEBIT",3.94406861113384,"Within SLA"
"First  City Monument Bank","KACHASI v1.x","FC/TR/LIV/250010","CRITICAL","UNABLE TO COMPLETE PTA CREATION ON TRADEX",22.9054916667519,"Within SLA"
"First  City Monument Bank","KACHASI v1.x","FC/TR/LIV/250009","HIGH","ENQUIRY ON FX TRANSFER  AF20251427480",51.0612658333266,"Within SLA"
"First  City Monument Bank","KACHASI v1.x","FC/TR/LIV/250008","HIGH","PURCHASE OF FX ON FORM M NO. MF20250004233",93.1118361111148,"Breached SLA"
"First  City Monument Bank","KACHASI v1.x","FC/TR/LIV/250007","CRITICAL","Transaction Not Flowing on TSA",867.164298888878,"Breached SLA"
"First  City Monument Bank","KACHASI v1.x","FC/TR/LIV/250006","HIGH","ISSUES WITH ECD LODGEMENT",120.535228888853,"Breached SLA"
"First  City Monument Bank","KACHASI v1.x","FC/TR/LIV/250005","HIGH","TSA Issue",4.5660402776557,"Within SLA"
"First  City Monument Bank","KACHASI v1.x","FC/TR/LIV/250004","HIGH","FAILED FORM M REQUESTS ON KACHASI",29.1840977778775,"Within SLA"
"First  City Monument Bank","KACHASI v1.x","FC/TR/LIV/250003","MEDIUM","ERRORS ON KACHASI FOR PTA/BTA PROCESSING",288.102313055657,"Breached SLA"
"First  City Monument Bank","KACHASI v1.x","FC/TR/LIV/250002","MEDIUM","MISSING SWIFT MESSAGE - FCMB25LC00002",50.0251958331792,"Within SLA"
"First  City Monument Bank","KACHASI v1.x","FC/TR/LIV/250001","HIGH","Architecture Review for TradeX",458.001423055655,"Breached SLA"
"Stanbic IBTC","DATASTORE","SI/14/11/0007","LOW","ISSUE ON INDEXING STUDIO",72.6896663888474,"Within SLA"
"Stanbic IBTC","DATASTORE","SI/17/09/0006","LOW","Reporting for count of number of pages on Central Archives data definitions",142.106139999989,"Within SLA"
"Stanbic IBTC","DATASTORE","SI/27/08/0005","MEDIUM","SSL Configuration for the Endpoint",1460.61923416669,"Breached SLA"
"Stanbic IBTC","DATASTORE","SI/26/08/0004","CRITICAL","VULNERABILITIES IDENTIFIED ON DATASTORE",379.006181388977,"Breached SLA"
"Stanbic IBTC","DATASTORE","SI/22/08/0003","MEDIUM","MISSING INDEXES ON DATASTORE DB",644.412037777773,"Breached SLA"
"Stanbic IBTC","DATASTORE","SI/04/07/0002","MEDIUM","INFRASTRUCTURE UPGRADE SPECIFICATION",788.97309305548,"Breached SLA"
"Stanbic IBTC","DATASTORE","SI/18/06/0001","HIGH","SLOWNESS BEING EXPERIENCED FOR POST API CALLS",1657.17438500002,"Breached SLA"
"Wema Bank","TENTACLES","WB/15/12/0058","HIGH","Email Notification",72.325262499915,"Breached SLA"
"Wema Bank","KACHASI v2.x","WB/10/12/0057","HIGH","Unable to submit Draft",27.595461666584,"Within SLA"
"Wema Bank","KACHASI v2.x","WB/03/12/0056","MEDIUM","CASH BACK SETUP FOR ZENITH BANK",50.4513102777419,"Within SLA"
"Wema Bank","KACHASI v2.x","WB/03/12/0055","MEDIUM","REQUEST FOR SUPPORT - NOFICATIONS NOT WORKING FOR MILESTONES SET",3049.55033611116,"Breached SLA"
"Wema Bank","KACHASI v2.x","WB/03/12/0054","MEDIUM","REQUEST FOR SUPPORT - FORM M NOT PUPULATING FOR LC",25.7030988889164,"Within SLA"
"Wema Bank","KACHASI v2.x","WB/02/12/0053","HIGH","SCREATION OF ZENITH BANK EURO CLEANLINE UTILIZATION",22.9847469444503,"Within SLA"
"Wema Bank","KACHASI v2.x","WB/28/11/0052","MEDIUM","SUPPORT REQUEST-LC ERROR",70.4091080555809,"Within SLA"
"Wema Bank","KACHASI v2.x","WB/27/11/0051","MEDIUM","request for support- add account for new swift code",98.4908075000276,"Within SLA"
"Wema Bank","KACHASI v2.x","WB/26/11/0050","HIGH","ALAT FOR BUSINESS TRANSACTIONS NOT FLOWING INTO KACHASI",120.720911111101,"Breached SLA"
"Wema Bank","KACHASI v2.x","WB/25/11/0049","HIGH","REQUEST FOR SUPPORT - UNABLE TO CHARGE O FORM M",5.11624555557501,"Within SLA"
"Wema Bank","KACHASI v2.x","WB/24/11/0048","HIGH","Active mq failed to start up",47.6742777776672,"Within SLA"
"Wema Bank","TENTACLES","WB/20/11/0047","HIGH","REQUEST FOR SUPPORT - UNABLE TO PULL IN FORM Ms",123.479789166595,"Breached SLA"
"Wema Bank","KACHASI v2.x","WB/20/11/0046","MEDIUM","REQUEST FOR SUPPORT - CREATION OF ZENITH BANK UK USD CLEANLINE UTILIZATION",123.497359722212,"Breached SLA"
"Wema Bank","KACHASI v2.x","WB/14/11/0045","HIGH","creation of Account",268.754303055641,"Breached SLA"
"Wema Bank","KACHASI v2.x","WB/13/11/0044","MEDIUM","CUSTOMER ACCOUNT STATUS CLOSED",122.451445277897,"Breached SLA"
"Wema Bank","KACHASI v2.x","WB/13/11/0043","HIGH","REQUEST FOR SUP[PRT - LC PROCESSING CHALLNEGE",2.51918638881762,"Within SLA"
"Wema Bank","KACHASI v2.x","WB/13/11/0042","MEDIUM","LC PROCESSING ISSUE",0.750938055629376,"Within SLA"
"Wema Bank","TENTACLES","WB/09/11/0041","MEDIUM","REQUEST FPR SUPPORT - PULL IN FORM Ms PRE- BODOGWU INTERGRATION",377.879531110986,"Breached SLA"
"Wema Bank","KACHASI v2.x","WB/31/10/0040","HIGH","UNABLE TO PULL / REJECT NCX",100.893436388928,"Breached SLA"
"Wema Bank","KACHASI v2.x","WB/31/10/0039","MEDIUM","UNABLE TO PROCESS FORM MS",101.796410555486,"Within SLA"
"Wema Bank","KACHASI v2.x","WB/29/10/0038","HIGH","REQUEST FOR SUPPORT - LOBS FILE SHRINK",41.6801350000896,"Within SLA"
"Wema Bank","KACHASI v2.x","WB/24/10/0037","MEDIUM","UNABLE TO REJECT NCX AND NXP",2.10945583332796,"Within SLA"
"Wema Bank","KACHASI v2.x","WB/23/10/0036","MEDIUM","REQUEST FRO SUPPORT - CHARGES NOT TAKE ON FORM M",1.4573280554032,"Within SLA"
"Wema Bank","KACHASI v2.x","WB/14/10/0035","MEDIUM","REQUEST FOR SUPPORT - POSTING FOR JP MORGAN",3000.29217361123,"Breached SLA"
"Wema Bank","KACHASI v2.x","WB/07/10/0034","HIGH","Report for Transactions flowing from Alat for business",497.807131388923,"Breached SLA"
"Wema Bank","KACHASI v2.x","WB/30/09/0022","HIGH","Trade Help Desk role on Kachasi",45.2098233332508,"Within SLA"
"Wema Bank","KACHASI v2.x","WB/30/09/0033","HIGH","OTP Page is not coming up",0.400023055553902,"Within SLA"
"Wema Bank","KACHASI v2.x","WB/15/09/0032","HIGH","Multiple debits on Swift outgoing and multipl debits for incoming swift",1601.87765222217,"Breached SLA"
"Wema Bank","KACHASI v2.x","WB/12/09/0031","MEDIUM","INABILITY TO REJECT NXP",2.90534361120081,"Within SLA"
"Wema Bank","KACHASI v2.x","WB/08/09/0030","HIGH","SWIFT INFLOW NOT GENERATING ICP NUMBER 8224500246JO",70.993101944332,"Within SLA"
"Wema Bank","KACHASI v2.x","WB/08/09/0029","MEDIUM","ERROR APPROVING NXP",4.61953638884006,"Within SLA"
"Wema Bank","KACHASI v2.x","WB/28/08/0028","MEDIUM","BSUNESS SUPPORT REQUIRED- RELATED FORM M",2.10813583340496,"Within SLA"
"Wema Bank","KACHASI v2.x","WB/27/08/0027","HIGH","Bills Of Collection",22.9319366666023,"Within SLA"
"Wema Bank","KACHASI v2.x","WB/15/08/0026","HIGH","OCP TRANSACTIONS NOT REFLECTING ON KACHASI",143.600772222213,"Breached SLA"
"Wema Bank","KACHASI v2.x","WB/13/08/0025","HIGH","MX CONVERSION",2394.60982611106,"Breached SLA"
"Wema Bank","KACHASI v2.x","WB/13/08/0024","MEDIUM","CHANGE OF NARRATION FOR AMENDMENTS INVOLVING LC",26.7767538889311,"Within SLA"
"Wema Bank","KACHASI v2.x","WB/01/08/0022","HIGH","Post Neg Counterparty Account",1.18956749991048,"Within SLA"
"Wema Bank","TENTACLES","WB/30/07/0021","HIGH","REQUEST FOR SUPPORT - NXPs NOT FETCHING",146.810607500025,"Breached SLA"
"Wema Bank","KACHASI v2.x","WB/29/07/0020","MEDIUM","REQUEST FOR SUPPORT - PROCESSING DEPLOYED 202COV",70.1698183332919,"Within SLA"
"Wema Bank","KACHASI v2.x","WB/29/07/0019","HIGH","Currency not reflecting to initiate a swift message",4.86147250008071,"Within SLA"
"Wema Bank","TENTACLES","WB/18/07/0017","MEDIUM","UNABLE TO FETCH NXP ON KACHASI - XF2025156824 XF2025156830 XF2025156836",51.1370533332811,"Within SLA"
"Wema Bank","KACHASI v2.x","WB/18/07/0015","HIGH","Unable to attach documents on Kachasi UAT",146.594524722314,"Breached SLA"
"Wema Bank","KACHASI v2.x","WB/17/07/0014","MEDIUM","REJECTED TRANSACTION STILL ON KACHASI",0.188244722143281,"Within SLA"
"Wema Bank","KACHASI v2.x","WB/17/07/0013","MEDIUM","UNABLE TO FETCH NXP ON KACHASI - XF2025156733",0.32221777777886,"Within SLA"
"Wema Bank","KACHASI v2.x","WB/14/07/0012","HIGH","NXP ref now reflecting on Kachasi(XG202500035143183)",165.365730277786,"Breached SLA"
"Wema Bank","KACHASI v2.x","WB/14/07/0011","MEDIUM","REQUEST FOR SUPPORT - POST NEG ISSUE",6.42879194451962,"Within SLA"
"Wema Bank","KACHASI v2.x","WB/10/07/0010","MEDIUM","Unable to debit customer on Kachasi",28.2381719444529,"Within SLA"
"Wema Bank","KACHASI v2.x","WB/07/07/0009","MEDIUM","REQUEST FOR SUPPORT - MODIFICATION OF COMMISSION AND VAT ENTERIES FROM BRANCH TRANSIT TO BRANCH INCOME",47.2575983331772,"Within SLA"
"Wema Bank","KACHASI v2.x","WB/07/07/0008","MEDIUM","REQUEST FOR DEPLOYMENT",95.2417388887843,"Within SLA"
"Wema Bank","KACHASI v2.x","WB/03/07/0007","MEDIUM","TEST WEB PLATFORM NOT UP",2.01978416671045,"Within SLA"
"Wema Bank","KACHASI v2.x","WB/26/06/0006","MEDIUM","ERROR APPROVING SWIFT INFLOW",118.495431111194,"Within SLA"
"Wema Bank","KACHASI v2.x","WB/19/06/0005","HIGH","TRANASCTIONS ON QUEUE NOT POPULATING POSTING ENTRIES",24.0530347221647,"Within SLA"
"Wema Bank","KACHASI v2.x","WB/16/06/0004","HIGH","ONBOARDING OF NEW CORRESPONDENT BANK ON KACHASI",50.2970616667299,"Within SLA"
"Wema Bank","KACHASI v2.x","WB/13/06/0003","MEDIUM","MISSING ITEMS ON WORKFLOW",1.30845416674856,"Within SLA"
"Wema Bank","KACHASI v2.x","WB/10/06/0005","HIGH","LC CHARGE UPDATE",5.51421750005102,"Within SLA"
"Wema Bank","KACHASI v2.x","WB/05/06/0002","MEDIUM","FIXED TO BE MADE ON NXP",4051.53068083338,"Breached SLA"
"Wema Bank","KACHASI v2.x","WB/05/06/0001","HIGH","INFLOW REPORTS NOT UPTO DATE",1.74563527770806,"Within SLA"
"Wema Bank","KACHASI v2.x","WB/KA/LIV/250053","HIGH","Unable to submit LC Transaction (DRAFT01262)",1.35658611101098,"Within SLA"
"Wema Bank","KACHASI v2.x","WB/KA/LIV/250052","HIGH","NXP APPROVED BUT SHOWING INACTIVE ON INSTRUMENT",45.2797563888598,"Within SLA"
"Wema Bank","KACHASI v2.x","WB/KA/LIV/250051","CRITICAL","FORM M NOT ON KACHASI AT THE POINT OF LOGING DRAFT FOR LC",22.9325641666073,"Within SLA"
"Wema Bank","KACHASI v2.x","WB/KA/LIV/250050","MEDIUM","LC Expiry Notifications",333.413777499867,"Breached SLA"
"Wema Bank","KACHASI v2.x","WB/KA/LIV/250049","MEDIUM","FORM M WITH UNCLEAR STATUS",6.29956583323656,"Within SLA"
"Wema Bank","KACHASI v2.x","WB/KA/LIV/250048","HIGH","ACTIVATION OF SWIFT MX MESSAGES ON KACHASI",337.680867222254,"Breached SLA"
"Wema Bank","KACHASI v2.x","WB/KA/LIV/250047","HIGH","NXP CHARGE NOT DEBITED FOR XG202500035138291",64.8054491665098,"Within SLA"
"Wema Bank","KACHASI v2.x","WB/KA/LIV/250046","MEDIUM","customer credit limit",5.11634555569617,"Within SLA"
"Wema Bank","KACHASI v2.x","WB/KA/LIV/250044","MEDIUM","Transaction not reflecting on reviewer's queue",21.0282313889475,"Within SLA"
"Wema Bank","KACHASI v2.x","WB/KA/LIV/250043","MEDIUM","NO CHARGES TAKEN FOR FORM Ms",53.9569786112406,"Within SLA"
"Wema Bank","KACHASI v2.x","WB/KA/LIV/250042","CRITICAL","UNABLE TO PULL FORM-M INTO KACHASI MF20250031740",6.31716916663572,"Within SLA"
"Wema Bank","KACHASI v2.x","WB/KA/LIV/250041","MEDIUM","INVALID CHARACTER POSITION",2.81203194439877,"Within SLA"
"Wema Bank","KACHASI v2.x","WB/KA/LIV/250040","CRITICAL","FORM MS NOT DEBITED ON KACHASI AND IT IS ACTIVE",3.40810944442637,"Within SLA"
"Wema Bank","KACHASI v2.x","WB/KA/LIV/250039","CRITICAL","FORM M SHOWNG INACTIVE ON INSTRUMENT ON KACHASI",20.7361599999131,"Within SLA"
"Wema Bank","KACHASI v2.x","WB/KA/LIV/250038","CRITICAL","NXP REJECTED ON KACHASI",5.93549833347788,"Within SLA"
"Wema Bank","KACHASI v2.x","WB/KA/LIV/250037","CRITICAL","NXP WHEN REJECTED ON KACHASI WILL ONLY IMPACT ON TRMS",5.97518472222146,"Within SLA"
"Wema Bank","KACHASI v2.x","WB/KA/LIV/250036","CRITICAL","ADD CURRENCY AED  TO KACHASI TO ENABLE US PULL MF20250028800",1.79321583348792,"Within SLA"
"Wema Bank","KACHASI v2.x","WB/KA/LIV/250034","CRITICAL","UNABLE TO REJECT NXP TRANSACTION",120.11269666662,"Breached SLA"
"Wema Bank","KACHASI v2.x","WB/KA/LIV/250033","MEDIUM","LC Establishments Draft Number Not Changing to LC Ref at F47",219.105493333249,"Breached SLA"
"Wema Bank","KACHASI v2.x","WB/KA/LIV/250031","CRITICAL","UPDATED FORM M REGISTER ON KACHASI",97.9682169443113,"Breached SLA"
"Wema Bank","KACHASI v2.x","WB/KA/LIV/250030","CRITICAL","ENDORSEMENT AND RELEASE OF SHIPPING DOCUMENTS IFO......",22.5236366667668,"Within SLA"
"Wema Bank","KACHASI v2.x","WB/KA/LIV/250029","HIGH","UNABLE TO PULL FORM-M INTO KACHASI",23.8292941666441,"Within SLA"
"Wema Bank","KACHASI v2.x","WB/KA/LIV/250028","HIGH","VISIBLE TRANSFER OPTION NOT WORKING - OUTWARD FX",1.70765472220955,"Within SLA"
"Wema Bank","KACHASI v2.x","WB/KA/LIV/250027","HIGH","Mapping of columns to account numbers for Kachasi report",3.69068888900802,"Within SLA"
"Wema Bank","KACHASI v2.x","WB/KA/LIV/250026","HIGH","Email Notification on Due BC, Expired BL, Expired Form M",2379.97930611111,"Breached SLA"
"Wema Bank","KACHASI v2.x","WB/KA/LIV/250025","CRITICAL","Implementation of New USD Offshore Charges on Kachasi",53.4607883332064,"Breached SLA"
"Wema Bank","KACHASI v2.x","WB/KA/LIV/250024","HIGH","Unable to approve nxp",0.373175277665723,"Within SLA"
"Wema Bank","TENTACLES","WB/TE/LIV/250001","HIGH","Tentacles Downtime",0.616262499941513,"Within SLA"
"Wema Bank","KACHASI v2.x","WB/KA/LIV/250023","CRITICAL","AUTOMATION OF NXP REPORTING TEMPLATE AND CERTIFICATION",2707.20945138886,"Breached SLA"
"Wema Bank","KACHASI v2.x","WB/KA/LIV/250022","HIGH","CNY ERROR ON KACHASI",1.08449666661909,"Within SLA"
"Wema Bank","KACHASI v2.x","WB/KA/LIV/250021","HIGH","Forms M not reflecting after been pulled in Manually.",1.11153333331458,"Within SLA"
"Wema Bank","KACHASI v2.x","WB/KA/LIV/250020","HIGH","Unable to initiate LC transaction",1.52688250009669,"Within SLA"
"Wema Bank","KACHASI v2.x","WB/KA/LIV/250018","HIGH","INTEREST PAYMENT NOT SHOWING ON SUMMARY PAGE",3.7537780557177,"Within SLA"
"Wema Bank","KACHASI v2.x","WB/KA/LIV/250017","CRITICAL","CERTIFICATION OF NXP ON KACHASI",142.505886388826,"Breached SLA"
"Wema Bank","KACHASI v2.x","WB/KA/LIV/250016","CRITICAL","RE: BLANK FORM-M ON KACHASI WORKFLOW FOR MF20250006044",22.8140583332861,"Within SLA"
"Wema Bank","KACHASI v2.x","WB/KA/LIV/250015","CRITICAL","UNABLE TO PULL FORM-M INTO KACHASI",22.6031236110139,"Within SLA"
"Wema Bank","KACHASI v2.x","WB/KA/LIV/250013","HIGH","Transaction not reflecting",16.5624825000996,"Within SLA"
"Wema Bank","KACHASI v2.x","WB/KA/LIV/250011","CRITICAL","BLANK FORM-M ON KACHASI WORKFLOW FOR MF20250006044",96.753395277774,"Breached SLA"
"Wema Bank","KACHASI v2.x","WB/KA/LIV/250008","HIGH","Unable to fetch NXPs",2.19392444455298,"Within SLA"
"Wema Bank","TENTACLES","WB/15/12/0058","HIGH","Email Notification",72.325262499915,"Breached SLA"
"Wema Bank","KACHASI v2.x","WB/10/12/0057","HIGH","Unable to submit Draft",27.595461666584,"Within SLA"
"Wema Bank","KACHASI v2.x","WB/03/12/0056","MEDIUM","CASH BACK SETUP FOR ZENITH BANK",50.4513102777419,"Within SLA"
"Wema Bank","KACHASI v2.x","WB/03/12/0055","MEDIUM","REQUEST FOR SUPPORT - NOFICATIONS NOT WORKING FOR MILESTONES SET",3049.55033611116,"Breached SLA"
"Wema Bank","KACHASI v2.x","WB/03/12/0054","MEDIUM","REQUEST FOR SUPPORT - FORM M NOT PUPULATING FOR LC",25.7030988889164,"Within SLA"
"Wema Bank","KACHASI v2.x","WB/02/12/0053","HIGH","SCREATION OF ZENITH BANK EURO CLEANLINE UTILIZATION",22.9847469444503,"Within SLA"
"Wema Bank","KACHASI v2.x","WB/28/11/0052","MEDIUM","SUPPORT REQUEST-LC ERROR",70.4091080555809,"Within SLA"
"Wema Bank","KACHASI v2.x","WB/27/11/0051","MEDIUM","request for support- add account for new swift code",98.4908075000276,"Within SLA"
"Wema Bank","KACHASI v2.x","WB/26/11/0050","HIGH","ALAT FOR BUSINESS TRANSACTIONS NOT FLOWING INTO KACHASI",120.720911111101,"Breached SLA"
"Wema Bank","KACHASI v2.x","WB/25/11/0049","HIGH","REQUEST FOR SUPPORT - UNABLE TO CHARGE O FORM M",5.11624555557501,"Within SLA"
"Wema Bank","KACHASI v2.x","WB/24/11/0048","HIGH","Active mq failed to start up",47.6742777776672,"Within SLA"
"Wema Bank","TENTACLES","WB/20/11/0047","HIGH","REQUEST FOR SUPPORT - UNABLE TO PULL IN FORM Ms",123.479789166595,"Breached SLA"
"Wema Bank","KACHASI v2.x","WB/20/11/0046","MEDIUM","REQUEST FOR SUPPORT - CREATION OF ZENITH BANK UK USD CLEANLINE UTILIZATION",123.497359722212,"Breached SLA"
"Wema Bank","KACHASI v2.x","WB/14/11/0045","HIGH","creation of Account",268.754303055641,"Breached SLA"
"Wema Bank","KACHASI v2.x","WB/13/11/0044","MEDIUM","CUSTOMER ACCOUNT STATUS CLOSED",122.451445277897,"Breached SLA"
"Wema Bank","KACHASI v2.x","WB/13/11/0043","HIGH","REQUEST FOR SUP[PRT - LC PROCESSING CHALLNEGE",2.51918638881762,"Within SLA"
"Wema Bank","KACHASI v2.x","WB/13/11/0042","MEDIUM","LC PROCESSING ISSUE",0.750938055629376,"Within SLA"
"Wema Bank","TENTACLES","WB/09/11/0041","MEDIUM","REQUEST FPR SUPPORT - PULL IN FORM Ms PRE- BODOGWU INTERGRATION",377.879531110986,"Breached SLA"
"Wema Bank","KACHASI v2.x","WB/31/10/0040","HIGH","UNABLE TO PULL / REJECT NCX",100.893436388928,"Breached SLA"
"Wema Bank","KACHASI v2.x","WB/31/10/0039","MEDIUM","UNABLE TO PROCESS FORM MS",101.796410555486,"Within SLA"
"Wema Bank","KACHASI v2.x","WB/29/10/0038","HIGH","REQUEST FOR SUPPORT - LOBS FILE SHRINK",41.6801350000896,"Within SLA"
"Wema Bank","KACHASI v2.x","WB/24/10/0037","MEDIUM","UNABLE TO REJECT NCX AND NXP",2.10945583332796,"Within SLA"
"Wema Bank","KACHASI v2.x","WB/23/10/0036","MEDIUM","REQUEST FRO SUPPORT - CHARGES NOT TAKE ON FORM M",1.4573280554032,"Within SLA"
"Wema Bank","KACHASI v2.x","WB/14/10/0035","MEDIUM","REQUEST FOR SUPPORT - POSTING FOR JP MORGAN",3000.29217361123,"Breached SLA"
"Wema Bank","KACHASI v2.x","WB/07/10/0034","HIGH","Report for Transactions flowing from Alat for business",497.807131388923,"Breached SLA"
"Wema Bank","KACHASI v2.x","WB/30/09/0022","HIGH","Trade Help Desk role on Kachasi",45.2098233332508,"Within SLA"
"Wema Bank","KACHASI v2.x","WB/30/09/0033","HIGH","OTP Page is not coming up",0.400023055553902,"Within SLA"
"Wema Bank","KACHASI v2.x","WB/15/09/0032","HIGH","Multiple debits on Swift outgoing and multipl debits for incoming swift",1601.87765222217,"Breached SLA"
"Wema Bank","KACHASI v2.x","WB/12/09/0031","MEDIUM","INABILITY TO REJECT NXP",2.90534361120081,"Within SLA"
"Wema Bank","KACHASI v2.x","WB/08/09/0030","HIGH","SWIFT INFLOW NOT GENERATING ICP NUMBER 8224500246JO",70.993101944332,"Within SLA"
"Wema Bank","KACHASI v2.x","WB/08/09/0029","MEDIUM","ERROR APPROVING NXP",4.61953638884006,"Within SLA"
"Wema Bank","KACHASI v2.x","WB/28/08/0028","MEDIUM","BSUNESS SUPPORT REQUIRED- RELATED FORM M",2.10813583340496,"Within SLA"
"Wema Bank","KACHASI v2.x","WB/27/08/0027","HIGH","Bills Of Collection",22.9319366666023,"Within SLA"
"Wema Bank","KACHASI v2.x","WB/15/08/0026","HIGH","OCP TRANSACTIONS NOT REFLECTING ON KACHASI",143.600772222213,"Breached SLA"
"Wema Bank","KACHASI v2.x","WB/13/08/0025","HIGH","MX CONVERSION",2394.60982611106,"Breached SLA"
"Wema Bank","KACHASI v2.x","WB/13/08/0024","MEDIUM","CHANGE OF NARRATION FOR AMENDMENTS INVOLVING LC",26.7767538889311,"Within SLA"
"Wema Bank","KACHASI v2.x","WB/01/08/0022","HIGH","Post Neg Counterparty Account",1.18956749991048,"Within SLA"
"Wema Bank","TENTACLES","WB/30/07/0021","HIGH","REQUEST FOR SUPPORT - NXPs NOT FETCHING",146.810607500025,"Breached SLA"
"Wema Bank","KACHASI v2.x","WB/29/07/0020","MEDIUM","REQUEST FOR SUPPORT - PROCESSING DEPLOYED 202COV",70.1698183332919,"Within SLA"
"Wema Bank","KACHASI v2.x","WB/29/07/0019","HIGH","Currency not reflecting to initiate a swift message",4.86147250008071,"Within SLA"
"Wema Bank","TENTACLES","WB/18/07/0017","MEDIUM","UNABLE TO FETCH NXP ON KACHASI - XF2025156824 XF2025156830 XF2025156836",51.1370533332811,"Within SLA"
"Wema Bank","KACHASI v2.x","WB/18/07/0015","HIGH","Unable to attach documents on Kachasi UAT",146.594524722314,"Breached SLA"
"Wema Bank","KACHASI v2.x","WB/17/07/0014","MEDIUM","REJECTED TRANSACTION STILL ON KACHASI",0.188244722143281,"Within SLA"
"Wema Bank","KACHASI v2.x","WB/17/07/0013","MEDIUM","UNABLE TO FETCH NXP ON KACHASI - XF2025156733",0.32221777777886,"Within SLA"
"Wema Bank","KACHASI v2.x","WB/14/07/0012","HIGH","NXP ref now reflecting on Kachasi(XG202500035143183)",165.365730277786,"Breached SLA"
"Wema Bank","KACHASI v2.x","WB/14/07/0011","MEDIUM","REQUEST FOR SUPPORT - POST NEG ISSUE",6.42879194451962,"Within SLA"
"Wema Bank","KACHASI v2.x","WB/10/07/0010","MEDIUM","Unable to debit customer on Kachasi",28.2381719444529,"Within SLA"
"Wema Bank","KACHASI v2.x","WB/07/07/0009","MEDIUM","REQUEST FOR SUPPORT - MODIFICATION OF COMMISSION AND VAT ENTERIES FROM BRANCH TRANSIT TO BRANCH INCOME",47.2575983331772,"Within SLA"
"Wema Bank","KACHASI v2.x","WB/07/07/0008","MEDIUM","REQUEST FOR DEPLOYMENT",95.2417388887843,"Within SLA"
"Wema Bank","KACHASI v2.x","WB/03/07/0007","MEDIUM","TEST WEB PLATFORM NOT UP",2.01978416671045,"Within SLA"
"Wema Bank","KACHASI v2.x","WB/26/06/0006","MEDIUM","ERROR APPROVING SWIFT INFLOW",118.495431111194,"Within SLA"
"Wema Bank","KACHASI v2.x","WB/19/06/0005","HIGH","TRANASCTIONS ON QUEUE NOT POPULATING POSTING ENTRIES",24.0530347221647,"Within SLA"
"Wema Bank","KACHASI v2.x","WB/16/06/0004","HIGH","ONBOARDING OF NEW CORRESPONDENT BANK ON KACHASI",50.2970616667299,"Within SLA"
"Wema Bank","KACHASI v2.x","WB/13/06/0003","MEDIUM","MISSING ITEMS ON WORKFLOW",1.30845416674856,"Within SLA"
"Wema Bank","KACHASI v2.x","WB/10/06/0005","HIGH","LC CHARGE UPDATE",5.51421750005102,"Within SLA"
"Wema Bank","KACHASI v2.x","WB/05/06/0002","MEDIUM","FIXED TO BE MADE ON NXP",4051.53068083338,"Breached SLA"
"Wema Bank","KACHASI v2.x","WB/05/06/0001","HIGH","INFLOW REPORTS NOT UPTO DATE",1.74563527770806,"Within SLA"
"Wema Bank","KACHASI v2.x","WB/KA/LIV/250053","HIGH","Unable to submit LC Transaction (DRAFT01262)",1.35658611101098,"Within SLA"
"Wema Bank","KACHASI v2.x","WB/KA/LIV/250052","HIGH","NXP APPROVED BUT SHOWING INACTIVE ON INSTRUMENT",45.2797563888598,"Within SLA"
"Wema Bank","KACHASI v2.x","WB/KA/LIV/250051","CRITICAL","FORM M NOT ON KACHASI AT THE POINT OF LOGING DRAFT FOR LC",22.9325641666073,"Within SLA"
"Wema Bank","KACHASI v2.x","WB/KA/LIV/250050","MEDIUM","LC Expiry Notifications",333.413777499867,"Breached SLA"
"Wema Bank","KACHASI v2.x","WB/KA/LIV/250049","MEDIUM","FORM M WITH UNCLEAR STATUS",6.29956583323656,"Within SLA"
"Wema Bank","KACHASI v2.x","WB/KA/LIV/250048","HIGH","ACTIVATION OF SWIFT MX MESSAGES ON KACHASI",337.680867222254,"Breached SLA"
"Wema Bank","KACHASI v2.x","WB/KA/LIV/250047","HIGH","NXP CHARGE NOT DEBITED FOR XG202500035138291",64.8054491665098,"Within SLA"
"Wema Bank","KACHASI v2.x","WB/KA/LIV/250046","MEDIUM","customer credit limit",5.11634555569617,"Within SLA"
"Wema Bank","KACHASI v2.x","WB/KA/LIV/250044","MEDIUM","Transaction not reflecting on reviewer's queue",21.0282313889475,"Within SLA"
"Wema Bank","KACHASI v2.x","WB/KA/LIV/250043","MEDIUM","NO CHARGES TAKEN FOR FORM Ms",53.9569786112406,"Within SLA"
"Wema Bank","KACHASI v2.x","WB/KA/LIV/250042","CRITICAL","UNABLE TO PULL FORM-M INTO KACHASI MF20250031740",6.31716916663572,"Within SLA"
"Wema Bank","KACHASI v2.x","WB/KA/LIV/250041","MEDIUM","INVALID CHARACTER POSITION",2.81203194439877,"Within SLA"
"Wema Bank","KACHASI v2.x","WB/KA/LIV/250040","CRITICAL","FORM MS NOT DEBITED ON KACHASI AND IT IS ACTIVE",3.40810944442637,"Within SLA"
"Wema Bank","KACHASI v2.x","WB/KA/LIV/250039","CRITICAL","FORM M SHOWNG INACTIVE ON INSTRUMENT ON KACHASI",20.7361599999131,"Within SLA"
"Wema Bank","KACHASI v2.x","WB/KA/LIV/250038","CRITICAL","NXP REJECTED ON KACHASI",5.93549833347788,"Within SLA"
"Wema Bank","KACHASI v2.x","WB/KA/LIV/250037","CRITICAL","NXP WHEN REJECTED ON KACHASI WILL ONLY IMPACT ON TRMS",5.97518472222146,"Within SLA"
"Wema Bank","KACHASI v2.x","WB/KA/LIV/250036","CRITICAL","ADD CURRENCY AED  TO KACHASI TO ENABLE US PULL MF20250028800",1.79321583348792,"Within SLA"
"Wema Bank","KACHASI v2.x","WB/KA/LIV/250034","CRITICAL","UNABLE TO REJECT NXP TRANSACTION",120.11269666662,"Breached SLA"
"Wema Bank","KACHASI v2.x","WB/KA/LIV/250033","MEDIUM","LC Establishments Draft Number Not Changing to LC Ref at F47",219.105493333249,"Breached SLA"
"Wema Bank","KACHASI v2.x","WB/KA/LIV/250031","CRITICAL","UPDATED FORM M REGISTER ON KACHASI",97.9682169443113,"Breached SLA"
"Wema Bank","KACHASI v2.x","WB/KA/LIV/250030","CRITICAL","ENDORSEMENT AND RELEASE OF SHIPPING DOCUMENTS IFO......",22.5236366667668,"Within SLA"
"Wema Bank","KACHASI v2.x","WB/KA/LIV/250029","HIGH","UNABLE TO PULL FORM-M INTO KACHASI",23.8292941666441,"Within SLA"
"Wema Bank","KACHASI v2.x","WB/KA/LIV/250028","HIGH","VISIBLE TRANSFER OPTION NOT WORKING - OUTWARD FX",1.70765472220955,"Within SLA"
"Wema Bank","KACHASI v2.x","WB/KA/LIV/250027","HIGH","Mapping of columns to account numbers for Kachasi report",3.69068888900802,"Within SLA"
"Wema Bank","KACHASI v2.x","WB/KA/LIV/250026","HIGH","Email Notification on Due BC, Expired BL, Expired Form M",2379.97930611111,"Breached SLA"
"Wema Bank","KACHASI v2.x","WB/KA/LIV/250025","CRITICAL","Implementation of New USD Offshore Charges on Kachasi",53.4607883332064,"Breached SLA"
"Wema Bank","KACHASI v2.x","WB/KA/LIV/250024","HIGH","Unable to approve nxp",0.373175277665723,"Within SLA"
"Wema Bank","TENTACLES","WB/TE/LIV/250001","HIGH","Tentacles Downtime",0.616262499941513,"Within SLA"
"Wema Bank","KACHASI v2.x","WB/KA/LIV/250023","CRITICAL","AUTOMATION OF NXP REPORTING TEMPLATE AND CERTIFICATION",2707.20945138886,"Breached SLA"
"Wema Bank","KACHASI v2.x","WB/KA/LIV/250022","HIGH","CNY ERROR ON KACHASI",1.08449666661909,"Within SLA"
"Wema Bank","KACHASI v2.x","WB/KA/LIV/250021","HIGH","Forms M not reflecting after been pulled in Manually.",1.11153333331458,"Within SLA"
"Wema Bank","KACHASI v2.x","WB/KA/LIV/250020","HIGH","Unable to initiate LC transaction",1.52688250009669,"Within SLA"
"Wema Bank","KACHASI v2.x","WB/KA/LIV/250018","HIGH","INTEREST PAYMENT NOT SHOWING ON SUMMARY PAGE",3.7537780557177,"Within SLA"
"Wema Bank","KACHASI v2.x","WB/KA/LIV/250017","CRITICAL","CERTIFICATION OF NXP ON KACHASI",142.505886388826,"Breached SLA"
"Wema Bank","KACHASI v2.x","WB/KA/LIV/250016","CRITICAL","RE: BLANK FORM-M ON KACHASI WORKFLOW FOR MF20250006044",22.8140583332861,"Within SLA"
"Wema Bank","KACHASI v2.x","WB/KA/LIV/250015","CRITICAL","UNABLE TO PULL FORM-M INTO KACHASI",22.6031236110139,"Within SLA"
"Wema Bank","KACHASI v2.x","WB/KA/LIV/250013","HIGH","Transaction not reflecting",16.5624825000996,"Within SLA"
"Wema Bank","KACHASI v2.x","WB/KA/LIV/250011","CRITICAL","BLANK FORM-M ON KACHASI WORKFLOW FOR MF20250006044",96.753395277774,"Breached SLA"
"Wema Bank","KACHASI v2.x","WB/KA/LIV/250008","HIGH","Unable to fetch NXPs",2.19392444455298,"Within SLA"
"Wema Bank","TENTACLES","WB/15/12/0058","HIGH","Email Notification",72.325262499915,"Breached SLA"
"Wema Bank","KACHASI v2.x","WB/10/12/0057","HIGH","Unable to submit Draft",27.595461666584,"Within SLA"
"Wema Bank","KACHASI v2.x","WB/03/12/0056","MEDIUM","CASH BACK SETUP FOR ZENITH BANK",50.4513102777419,"Within SLA"
"Wema Bank","KACHASI v2.x","WB/03/12/0055","MEDIUM","REQUEST FOR SUPPORT - NOFICATIONS NOT WORKING FOR MILESTONES SET",3049.55033611116,"Breached SLA"
"Wema Bank","KACHASI v2.x","WB/03/12/0054","MEDIUM","REQUEST FOR SUPPORT - FORM M NOT PUPULATING FOR LC",25.7030988889164,"Within SLA"
"Wema Bank","KACHASI v2.x","WB/02/12/0053","HIGH","SCREATION OF ZENITH BANK EURO CLEANLINE UTILIZATION",22.9847469444503,"Within SLA"
"Wema Bank","KACHASI v2.x","WB/28/11/0052","MEDIUM","SUPPORT REQUEST-LC ERROR",70.4091080555809,"Within SLA"
"Wema Bank","KACHASI v2.x","WB/27/11/0051","MEDIUM","request for support- add account for new swift code",98.4908075000276,"Within SLA"
"Wema Bank","KACHASI v2.x","WB/26/11/0050","HIGH","ALAT FOR BUSINESS TRANSACTIONS NOT FLOWING INTO KACHASI",120.720911111101,"Breached SLA"
"Wema Bank","KACHASI v2.x","WB/25/11/0049","HIGH","REQUEST FOR SUPPORT - UNABLE TO CHARGE O FORM M",5.11624555557501,"Within SLA"
"Wema Bank","KACHASI v2.x","WB/24/11/0048","HIGH","Active mq failed to start up",47.6742777776672,"Within SLA"
"Wema Bank","TENTACLES","WB/20/11/0047","HIGH","REQUEST FOR SUPPORT - UNABLE TO PULL IN FORM Ms",123.479789166595,"Breached SLA"
"Wema Bank","KACHASI v2.x","WB/20/11/0046","MEDIUM","REQUEST FOR SUPPORT - CREATION OF ZENITH BANK UK USD CLEANLINE UTILIZATION",123.497359722212,"Breached SLA"
"Wema Bank","KACHASI v2.x","WB/14/11/0045","HIGH","creation of Account",268.754303055641,"Breached SLA"
"Wema Bank","KACHASI v2.x","WB/13/11/0044","MEDIUM","CUSTOMER ACCOUNT STATUS CLOSED",122.451445277897,"Breached SLA"
"Wema Bank","KACHASI v2.x","WB/13/11/0043","HIGH","REQUEST FOR SUP[PRT - LC PROCESSING CHALLNEGE",2.51918638881762,"Within SLA"
"Wema Bank","KACHASI v2.x","WB/13/11/0042","MEDIUM","LC PROCESSING ISSUE",0.750938055629376,"Within SLA"
"Wema Bank","TENTACLES","WB/09/11/0041","MEDIUM","REQUEST FPR SUPPORT - PULL IN FORM Ms PRE- BODOGWU INTERGRATION",377.879531110986,"Breached SLA"
"Wema Bank","KACHASI v2.x","WB/31/10/0040","HIGH","UNABLE TO PULL / REJECT NCX",100.893436388928,"Breached SLA"
"Wema Bank","KACHASI v2.x","WB/31/10/0039","MEDIUM","UNABLE TO PROCESS FORM MS",101.796410555486,"Within SLA"
"Wema Bank","KACHASI v2.x","WB/29/10/0038","HIGH","REQUEST FOR SUPPORT - LOBS FILE SHRINK",41.6801350000896,"Within SLA"
"Wema Bank","KACHASI v2.x","WB/24/10/0037","MEDIUM","UNABLE TO REJECT NCX AND NXP",2.10945583332796,"Within SLA"
"Wema Bank","KACHASI v2.x","WB/23/10/0036","MEDIUM","REQUEST FRO SUPPORT - CHARGES NOT TAKE ON FORM M",1.4573280554032,"Within SLA"
"Wema Bank","KACHASI v2.x","WB/14/10/0035","MEDIUM","REQUEST FOR SUPPORT - POSTING FOR JP MORGAN",3000.29217361123,"Breached SLA"
"Wema Bank","KACHASI v2.x","WB/07/10/0034","HIGH","Report for Transactions flowing from Alat for business",497.807131388923,"Breached SLA"
"Wema Bank","KACHASI v2.x","WB/30/09/0022","HIGH","Trade Help Desk role on Kachasi",45.2098233332508,"Within SLA"
"Wema Bank","KACHASI v2.x","WB/30/09/0033","HIGH","OTP Page is not coming up",0.400023055553902,"Within SLA"
"Wema Bank","KACHASI v2.x","WB/15/09/0032","HIGH","Multiple debits on Swift outgoing and multipl debits for incoming swift",1601.87765222217,"Breached SLA"
"Wema Bank","KACHASI v2.x","WB/12/09/0031","MEDIUM","INABILITY TO REJECT NXP",2.90534361120081,"Within SLA"
"Wema Bank","KACHASI v2.x","WB/08/09/0030","HIGH","SWIFT INFLOW NOT GENERATING ICP NUMBER 8224500246JO",70.993101944332,"Within SLA"
"Wema Bank","KACHASI v2.x","WB/08/09/0029","MEDIUM","ERROR APPROVING NXP",4.61953638884006,"Within SLA"
"Wema Bank","KACHASI v2.x","WB/28/08/0028","MEDIUM","BSUNESS SUPPORT REQUIRED- RELATED FORM M",2.10813583340496,"Within SLA"
"Wema Bank","KACHASI v2.x","WB/27/08/0027","HIGH","Bills Of Collection",22.9319366666023,"Within SLA"
"Wema Bank","KACHASI v2.x","WB/15/08/0026","HIGH","OCP TRANSACTIONS NOT REFLECTING ON KACHASI",143.600772222213,"Breached SLA"
"Wema Bank","KACHASI v2.x","WB/13/08/0025","HIGH","MX CONVERSION",2394.60982611106,"Breached SLA"
"Wema Bank","KACHASI v2.x","WB/13/08/0024","MEDIUM","CHANGE OF NARRATION FOR AMENDMENTS INVOLVING LC",26.7767538889311,"Within SLA"
"Wema Bank","KACHASI v2.x","WB/01/08/0022","HIGH","Post Neg Counterparty Account",1.18956749991048,"Within SLA"
"Wema Bank","TENTACLES","WB/30/07/0021","HIGH","REQUEST FOR SUPPORT - NXPs NOT FETCHING",146.810607500025,"Breached SLA"
"Wema Bank","KACHASI v2.x","WB/29/07/0020","MEDIUM","REQUEST FOR SUPPORT - PROCESSING DEPLOYED 202COV",70.1698183332919,"Within SLA"
"Wema Bank","KACHASI v2.x","WB/29/07/0019","HIGH","Currency not reflecting to initiate a swift message",4.86147250008071,"Within SLA"
"Wema Bank","TENTACLES","WB/18/07/0017","MEDIUM","UNABLE TO FETCH NXP ON KACHASI - XF2025156824 XF2025156830 XF2025156836",51.1370533332811,"Within SLA"
"Wema Bank","KACHASI v2.x","WB/18/07/0015","HIGH","Unable to attach documents on Kachasi UAT",146.594524722314,"Breached SLA"
"Wema Bank","KACHASI v2.x","WB/17/07/0014","MEDIUM","REJECTED TRANSACTION STILL ON KACHASI",0.188244722143281,"Within SLA"
"Wema Bank","KACHASI v2.x","WB/17/07/0013","MEDIUM","UNABLE TO FETCH NXP ON KACHASI - XF2025156733",0.32221777777886,"Within SLA"
"Wema Bank","KACHASI v2.x","WB/14/07/0012","HIGH","NXP ref now reflecting on Kachasi(XG202500035143183)",165.365730277786,"Breached SLA"
"Wema Bank","KACHASI v2.x","WB/14/07/0011","MEDIUM","REQUEST FOR SUPPORT - POST NEG ISSUE",6.42879194451962,"Within SLA"
"Wema Bank","KACHASI v2.x","WB/10/07/0010","MEDIUM","Unable to debit customer on Kachasi",28.2381719444529,"Within SLA"
"Wema Bank","KACHASI v2.x","WB/07/07/0009","MEDIUM","REQUEST FOR SUPPORT - MODIFICATION OF COMMISSION AND VAT ENTERIES FROM BRANCH TRANSIT TO BRANCH INCOME",47.2575983331772,"Within SLA"
"Wema Bank","KACHASI v2.x","WB/07/07/0008","MEDIUM","REQUEST FOR DEPLOYMENT",95.2417388887843,"Within SLA"
"Wema Bank","KACHASI v2.x","WB/03/07/0007","MEDIUM","TEST WEB PLATFORM NOT UP",2.01978416671045,"Within SLA"
"Wema Bank","KACHASI v2.x","WB/26/06/0006","MEDIUM","ERROR APPROVING SWIFT INFLOW",118.495431111194,"Within SLA"
"Wema Bank","KACHASI v2.x","WB/19/06/0005","HIGH","TRANASCTIONS ON QUEUE NOT POPULATING POSTING ENTRIES",24.0530347221647,"Within SLA"
"Wema Bank","KACHASI v2.x","WB/16/06/0004","HIGH","ONBOARDING OF NEW CORRESPONDENT BANK ON KACHASI",50.2970616667299,"Within SLA"
"Wema Bank","KACHASI v2.x","WB/13/06/0003","MEDIUM","MISSING ITEMS ON WORKFLOW",1.30845416674856,"Within SLA"
"Wema Bank","KACHASI v2.x","WB/10/06/0005","HIGH","LC CHARGE UPDATE",5.51421750005102,"Within SLA"
"Wema Bank","KACHASI v2.x","WB/05/06/0002","MEDIUM","FIXED TO BE MADE ON NXP",4051.53068083338,"Breached SLA"
"Wema Bank","KACHASI v2.x","WB/05/06/0001","HIGH","INFLOW REPORTS NOT UPTO DATE",1.74563527770806,"Within SLA"
"Wema Bank","KACHASI v2.x","WB/KA/LIV/250053","HIGH","Unable to submit LC Transaction (DRAFT01262)",1.35658611101098,"Within SLA"
"Wema Bank","KACHASI v2.x","WB/KA/LIV/250052","HIGH","NXP APPROVED BUT SHOWING INACTIVE ON INSTRUMENT",45.2797563888598,"Within SLA"
"Wema Bank","KACHASI v2.x","WB/KA/LIV/250051","CRITICAL","FORM M NOT ON KACHASI AT THE POINT OF LOGING DRAFT FOR LC",22.9325641666073,"Within SLA"
"Wema Bank","KACHASI v2.x","WB/KA/LIV/250050","MEDIUM","LC Expiry Notifications",333.413777499867,"Breached SLA"
"Wema Bank","KACHASI v2.x","WB/KA/LIV/250049","MEDIUM","FORM M WITH UNCLEAR STATUS",6.29956583323656,"Within SLA"
"Wema Bank","KACHASI v2.x","WB/KA/LIV/250048","HIGH","ACTIVATION OF SWIFT MX MESSAGES ON KACHASI",337.680867222254,"Breached SLA"
"Wema Bank","KACHASI v2.x","WB/KA/LIV/250047","HIGH","NXP CHARGE NOT DEBITED FOR XG202500035138291",64.8054491665098,"Within SLA"
"Wema Bank","KACHASI v2.x","WB/KA/LIV/250046","MEDIUM","customer credit limit",5.11634555569617,"Within SLA"
"Wema Bank","KACHASI v2.x","WB/KA/LIV/250044","MEDIUM","Transaction not reflecting on reviewer's queue",21.0282313889475,"Within SLA"
"Wema Bank","KACHASI v2.x","WB/KA/LIV/250043","MEDIUM","NO CHARGES TAKEN FOR FORM Ms",53.9569786112406,"Within SLA"
"Wema Bank","KACHASI v2.x","WB/KA/LIV/250042","CRITICAL","UNABLE TO PULL FORM-M INTO KACHASI MF20250031740",6.31716916663572,"Within SLA"
"Wema Bank","KACHASI v2.x","WB/KA/LIV/250041","MEDIUM","INVALID CHARACTER POSITION",2.81203194439877,"Within SLA"
"Wema Bank","KACHASI v2.x","WB/KA/LIV/250040","CRITICAL","FORM MS NOT DEBITED ON KACHASI AND IT IS ACTIVE",3.40810944442637,"Within SLA"
"Wema Bank","KACHASI v2.x","WB/KA/LIV/250039","CRITICAL","FORM M SHOWNG INACTIVE ON INSTRUMENT ON KACHASI",20.7361599999131,"Within SLA"
"Wema Bank","KACHASI v2.x","WB/KA/LIV/250038","CRITICAL","NXP REJECTED ON KACHASI",5.93549833347788,"Within SLA"
"Wema Bank","KACHASI v2.x","WB/KA/LIV/250037","CRITICAL","NXP WHEN REJECTED ON KACHASI WILL ONLY IMPACT ON TRMS",5.97518472222146,"Within SLA"
"Wema Bank","KACHASI v2.x","WB/KA/LIV/250036","CRITICAL","ADD CURRENCY AED  TO KACHASI TO ENABLE US PULL MF20250028800",1.79321583348792,"Within SLA"
"Wema Bank","KACHASI v2.x","WB/KA/LIV/250034","CRITICAL","UNABLE TO REJECT NXP TRANSACTION",120.11269666662,"Breached SLA"
"Wema Bank","KACHASI v2.x","WB/KA/LIV/250033","MEDIUM","LC Establishments Draft Number Not Changing to LC Ref at F47",219.105493333249,"Breached SLA"
"Wema Bank","KACHASI v2.x","WB/KA/LIV/250031","CRITICAL","UPDATED FORM M REGISTER ON KACHASI",97.9682169443113,"Breached SLA"
"Wema Bank","KACHASI v2.x","WB/KA/LIV/250030","CRITICAL","ENDORSEMENT AND RELEASE OF SHIPPING DOCUMENTS IFO......",22.5236366667668,"Within SLA"
"Wema Bank","KACHASI v2.x","WB/KA/LIV/250029","HIGH","UNABLE TO PULL FORM-M INTO KACHASI",23.8292941666441,"Within SLA"
"Wema Bank","KACHASI v2.x","WB/KA/LIV/250028","HIGH","VISIBLE TRANSFER OPTION NOT WORKING - OUTWARD FX",1.70765472220955,"Within SLA"
"Wema Bank","KACHASI v2.x","WB/KA/LIV/250027","HIGH","Mapping of columns to account numbers for Kachasi report",3.69068888900802,"Within SLA"
"Wema Bank","KACHASI v2.x","WB/KA/LIV/250026","HIGH","Email Notification on Due BC, Expired BL, Expired Form M",2379.97930611111,"Breached SLA"
"Wema Bank","KACHASI v2.x","WB/KA/LIV/250025","CRITICAL","Implementation of New USD Offshore Charges on Kachasi",53.4607883332064,"Breached SLA"
"Wema Bank","KACHASI v2.x","WB/KA/LIV/250024","HIGH","Unable to approve nxp",0.373175277665723,"Within SLA"
"Wema Bank","TENTACLES","WB/TE/LIV/250001","HIGH","Tentacles Downtime",0.616262499941513,"Within SLA"
"Wema Bank","KACHASI v2.x","WB/KA/LIV/250023","CRITICAL","AUTOMATION OF NXP REPORTING TEMPLATE AND CERTIFICATION",2707.20945138886,"Breached SLA"
"Wema Bank","KACHASI v2.x","WB/KA/LIV/250022","HIGH","CNY ERROR ON KACHASI",1.08449666661909,"Within SLA"
"Wema Bank","KACHASI v2.x","WB/KA/LIV/250021","HIGH","Forms M not reflecting after been pulled in Manually.",1.11153333331458,"Within SLA"
"Wema Bank","KACHASI v2.x","WB/KA/LIV/250020","HIGH","Unable to initiate LC transaction",1.52688250009669,"Within SLA"
"Wema Bank","KACHASI v2.x","WB/KA/LIV/250018","HIGH","INTEREST PAYMENT NOT SHOWING ON SUMMARY PAGE",3.7537780557177,"Within SLA"
"Wema Bank","KACHASI v2.x","WB/KA/LIV/250017","CRITICAL","CERTIFICATION OF NXP ON KACHASI",142.505886388826,"Breached SLA"
"Wema Bank","KACHASI v2.x","WB/KA/LIV/250016","CRITICAL","RE: BLANK FORM-M ON KACHASI WORKFLOW FOR MF20250006044",22.8140583332861,"Within SLA"
"Wema Bank","KACHASI v2.x","WB/KA/LIV/250015","CRITICAL","UNABLE TO PULL FORM-M INTO KACHASI",22.6031236110139,"Within SLA"
"Wema Bank","KACHASI v2.x","WB/KA/LIV/250013","HIGH","Transaction not reflecting",16.5624825000996,"Within SLA"
"Wema Bank","KACHASI v2.x","WB/KA/LIV/250011","CRITICAL","BLANK FORM-M ON KACHASI WORKFLOW FOR MF20250006044",96.753395277774,"Breached SLA"
"Wema Bank","KACHASI v2.x","WB/KA/LIV/250008","HIGH","Unable to fetch NXPs",2.19392444455298,"Within SLA"
"Wema Bank","TENTACLES","WB/15/12/0058","HIGH","Email Notification",72.325262499915,"Breached SLA"
"Wema Bank","KACHASI v2.x","WB/10/12/0057","HIGH","Unable to submit Draft",27.595461666584,"Within SLA"
"Wema Bank","KACHASI v2.x","WB/03/12/0056","MEDIUM","CASH BACK SETUP FOR ZENITH BANK",50.4513102777419,"Within SLA"
"Wema Bank","KACHASI v2.x","WB/03/12/0055","MEDIUM","REQUEST FOR SUPPORT - NOFICATIONS NOT WORKING FOR MILESTONES SET",3049.55033611116,"Breached SLA"
"Wema Bank","KACHASI v2.x","WB/03/12/0054","MEDIUM","REQUEST FOR SUPPORT - FORM M NOT PUPULATING FOR LC",25.7030988889164,"Within SLA"
"Wema Bank","KACHASI v2.x","WB/02/12/0053","HIGH","SCREATION OF ZENITH BANK EURO CLEANLINE UTILIZATION",22.9847469444503,"Within SLA"
"Wema Bank","KACHASI v2.x","WB/28/11/0052","MEDIUM","SUPPORT REQUEST-LC ERROR",70.4091080555809,"Within SLA"
"Wema Bank","KACHASI v2.x","WB/27/11/0051","MEDIUM","request for support- add account for new swift code",98.4908075000276,"Within SLA"
"Wema Bank","KACHASI v2.x","WB/26/11/0050","HIGH","ALAT FOR BUSINESS TRANSACTIONS NOT FLOWING INTO KACHASI",120.720911111101,"Breached SLA"
"Wema Bank","KACHASI v2.x","WB/25/11/0049","HIGH","REQUEST FOR SUPPORT - UNABLE TO CHARGE O FORM M",5.11624555557501,"Within SLA"
"Wema Bank","KACHASI v2.x","WB/24/11/0048","HIGH","Active mq failed to start up",47.6742777776672,"Within SLA"
"Wema Bank","TENTACLES","WB/20/11/0047","HIGH","REQUEST FOR SUPPORT - UNABLE TO PULL IN FORM Ms",123.479789166595,"Breached SLA"
"Wema Bank","KACHASI v2.x","WB/20/11/0046","MEDIUM","REQUEST FOR SUPPORT - CREATION OF ZENITH BANK UK USD CLEANLINE UTILIZATION",123.497359722212,"Breached SLA"
"Wema Bank","KACHASI v2.x","WB/14/11/0045","HIGH","creation of Account",268.754303055641,"Breached SLA"
"Wema Bank","KACHASI v2.x","WB/13/11/0044","MEDIUM","CUSTOMER ACCOUNT STATUS CLOSED",122.451445277897,"Breached SLA"
"Wema Bank","KACHASI v2.x","WB/13/11/0043","HIGH","REQUEST FOR SUP[PRT - LC PROCESSING CHALLNEGE",2.51918638881762,"Within SLA"
"Wema Bank","KACHASI v2.x","WB/13/11/0042","MEDIUM","LC PROCESSING ISSUE",0.750938055629376,"Within SLA"
"Wema Bank","TENTACLES","WB/09/11/0041","MEDIUM","REQUEST FPR SUPPORT - PULL IN FORM Ms PRE- BODOGWU INTERGRATION",377.879531110986,"Breached SLA"
"Wema Bank","KACHASI v2.x","WB/31/10/0040","HIGH","UNABLE TO PULL / REJECT NCX",100.893436388928,"Breached SLA"
"Wema Bank","KACHASI v2.x","WB/31/10/0039","MEDIUM","UNABLE TO PROCESS FORM MS",101.796410555486,"Within SLA"
"Wema Bank","KACHASI v2.x","WB/29/10/0038","HIGH","REQUEST FOR SUPPORT - LOBS FILE SHRINK",41.6801350000896,"Within SLA"
"Wema Bank","KACHASI v2.x","WB/24/10/0037","MEDIUM","UNABLE TO REJECT NCX AND NXP",2.10945583332796,"Within SLA"
"Wema Bank","KACHASI v2.x","WB/23/10/0036","MEDIUM","REQUEST FRO SUPPORT - CHARGES NOT TAKE ON FORM M",1.4573280554032,"Within SLA"
"Wema Bank","KACHASI v2.x","WB/14/10/0035","MEDIUM","REQUEST FOR SUPPORT - POSTING FOR JP MORGAN",3000.29217361123,"Breached SLA"
"Wema Bank","KACHASI v2.x","WB/07/10/0034","HIGH","Report for Transactions flowing from Alat for business",497.807131388923,"Breached SLA"
"Wema Bank","KACHASI v2.x","WB/30/09/0022","HIGH","Trade Help Desk role on Kachasi",45.2098233332508,"Within SLA"
"Wema Bank","KACHASI v2.x","WB/30/09/0033","HIGH","OTP Page is not coming up",0.400023055553902,"Within SLA"
"Wema Bank","KACHASI v2.x","WB/15/09/0032","HIGH","Multiple debits on Swift outgoing and multipl debits for incoming swift",1601.87765222217,"Breached SLA"
"Wema Bank","KACHASI v2.x","WB/12/09/0031","MEDIUM","INABILITY TO REJECT NXP",2.90534361120081,"Within SLA"
"Wema Bank","KACHASI v2.x","WB/08/09/0030","HIGH","SWIFT INFLOW NOT GENERATING ICP NUMBER 8224500246JO",70.993101944332,"Within SLA"
"Wema Bank","KACHASI v2.x","WB/08/09/0029","MEDIUM","ERROR APPROVING NXP",4.61953638884006,"Within SLA"
"Wema Bank","KACHASI v2.x","WB/28/08/0028","MEDIUM","BSUNESS SUPPORT REQUIRED- RELATED FORM M",2.10813583340496,"Within SLA"
"Wema Bank","KACHASI v2.x","WB/27/08/0027","HIGH","Bills Of Collection",22.9319366666023,"Within SLA"
"Wema Bank","KACHASI v2.x","WB/15/08/0026","HIGH","OCP TRANSACTIONS NOT REFLECTING ON KACHASI",143.600772222213,"Breached SLA"
"Wema Bank","KACHASI v2.x","WB/13/08/0025","HIGH","MX CONVERSION",2394.60982611106,"Breached SLA"
"Wema Bank","KACHASI v2.x","WB/13/08/0024","MEDIUM","CHANGE OF NARRATION FOR AMENDMENTS INVOLVING LC",26.7767538889311,"Within SLA"
"Wema Bank","KACHASI v2.x","WB/01/08/0022","HIGH","Post Neg Counterparty Account",1.18956749991048,"Within SLA"
"Wema Bank","TENTACLES","WB/30/07/0021","HIGH","REQUEST FOR SUPPORT - NXPs NOT FETCHING",146.810607500025,"Breached SLA"
"Wema Bank","KACHASI v2.x","WB/29/07/0020","MEDIUM","REQUEST FOR SUPPORT - PROCESSING DEPLOYED 202COV",70.1698183332919,"Within SLA"
"Wema Bank","KACHASI v2.x","WB/29/07/0019","HIGH","Currency not reflecting to initiate a swift message",4.86147250008071,"Within SLA"
"Wema Bank","TENTACLES","WB/18/07/0017","MEDIUM","UNABLE TO FETCH NXP ON KACHASI - XF2025156824 XF2025156830 XF2025156836",51.1370533332811,"Within SLA"
"Wema Bank","KACHASI v2.x","WB/18/07/0015","HIGH","Unable to attach documents on Kachasi UAT",146.594524722314,"Breached SLA"
"Wema Bank","KACHASI v2.x","WB/17/07/0014","MEDIUM","REJECTED TRANSACTION STILL ON KACHASI",0.188244722143281,"Within SLA"
"Wema Bank","KACHASI v2.x","WB/17/07/0013","MEDIUM","UNABLE TO FETCH NXP ON KACHASI - XF2025156733",0.32221777777886,"Within SLA"
"Wema Bank","KACHASI v2.x","WB/14/07/0012","HIGH","NXP ref now reflecting on Kachasi(XG202500035143183)",165.365730277786,"Breached SLA"
"Wema Bank","KACHASI v2.x","WB/14/07/0011","MEDIUM","REQUEST FOR SUPPORT - POST NEG ISSUE",6.42879194451962,"Within SLA"
"Wema Bank","KACHASI v2.x","WB/10/07/0010","MEDIUM","Unable to debit customer on Kachasi",28.2381719444529,"Within SLA"
"Wema Bank","KACHASI v2.x","WB/07/07/0009","MEDIUM","REQUEST FOR SUPPORT - MODIFICATION OF COMMISSION AND VAT ENTERIES FROM BRANCH TRANSIT TO BRANCH INCOME",47.2575983331772,"Within SLA"
"Wema Bank","KACHASI v2.x","WB/07/07/0008","MEDIUM","REQUEST FOR DEPLOYMENT",95.2417388887843,"Within SLA"
"Wema Bank","KACHASI v2.x","WB/03/07/0007","MEDIUM","TEST WEB PLATFORM NOT UP",2.01978416671045,"Within SLA"
"Wema Bank","KACHASI v2.x","WB/26/06/0006","MEDIUM","ERROR APPROVING SWIFT INFLOW",118.495431111194,"Within SLA"
"Wema Bank","KACHASI v2.x","WB/19/06/0005","HIGH","TRANASCTIONS ON QUEUE NOT POPULATING POSTING ENTRIES",24.0530347221647,"Within SLA"
"Wema Bank","KACHASI v2.x","WB/16/06/0004","HIGH","ONBOARDING OF NEW CORRESPONDENT BANK ON KACHASI",50.2970616667299,"Within SLA"
"Wema Bank","KACHASI v2.x","WB/13/06/0003","MEDIUM","MISSING ITEMS ON WORKFLOW",1.30845416674856,"Within SLA"
"Wema Bank","KACHASI v2.x","WB/10/06/0005","HIGH","LC CHARGE UPDATE",5.51421750005102,"Within SLA"
"Wema Bank","KACHASI v2.x","WB/05/06/0002","MEDIUM","FIXED TO BE MADE ON NXP",4051.53068083338,"Breached SLA"
"Wema Bank","KACHASI v2.x","WB/05/06/0001","HIGH","INFLOW REPORTS NOT UPTO DATE",1.74563527770806,"Within SLA"
"Wema Bank","KACHASI v2.x","WB/KA/LIV/250053","HIGH","Unable to submit LC Transaction (DRAFT01262)",1.35658611101098,"Within SLA"
"Wema Bank","KACHASI v2.x","WB/KA/LIV/250052","HIGH","NXP APPROVED BUT SHOWING INACTIVE ON INSTRUMENT",45.2797563888598,"Within SLA"
"Wema Bank","KACHASI v2.x","WB/KA/LIV/250051","CRITICAL","FORM M NOT ON KACHASI AT THE POINT OF LOGING DRAFT FOR LC",22.9325641666073,"Within SLA"
"Wema Bank","KACHASI v2.x","WB/KA/LIV/250050","MEDIUM","LC Expiry Notifications",333.413777499867,"Breached SLA"
"Wema Bank","KACHASI v2.x","WB/KA/LIV/250049","MEDIUM","FORM M WITH UNCLEAR STATUS",6.29956583323656,"Within SLA"
"Wema Bank","KACHASI v2.x","WB/KA/LIV/250048","HIGH","ACTIVATION OF SWIFT MX MESSAGES ON KACHASI",337.680867222254,"Breached SLA"
"Wema Bank","KACHASI v2.x","WB/KA/LIV/250047","HIGH","NXP CHARGE NOT DEBITED FOR XG202500035138291",64.8054491665098,"Within SLA"
"Wema Bank","KACHASI v2.x","WB/KA/LIV/250046","MEDIUM","customer credit limit",5.11634555569617,"Within SLA"
"Wema Bank","KACHASI v2.x","WB/KA/LIV/250044","MEDIUM","Transaction not reflecting on reviewer's queue",21.0282313889475,"Within SLA"
"Wema Bank","KACHASI v2.x","WB/KA/LIV/250043","MEDIUM","NO CHARGES TAKEN FOR FORM Ms",53.9569786112406,"Within SLA"
"Wema Bank","KACHASI v2.x","WB/KA/LIV/250042","CRITICAL","UNABLE TO PULL FORM-M INTO KACHASI MF20250031740",6.31716916663572,"Within SLA"
"Wema Bank","KACHASI v2.x","WB/KA/LIV/250041","MEDIUM","INVALID CHARACTER POSITION",2.81203194439877,"Within SLA"
"Wema Bank","KACHASI v2.x","WB/KA/LIV/250040","CRITICAL","FORM MS NOT DEBITED ON KACHASI AND IT IS ACTIVE",3.40810944442637,"Within SLA"
"Wema Bank","KACHASI v2.x","WB/KA/LIV/250039","CRITICAL","FORM M SHOWNG INACTIVE ON INSTRUMENT ON KACHASI",20.7361599999131,"Within SLA"
"Wema Bank","KACHASI v2.x","WB/KA/LIV/250038","CRITICAL","NXP REJECTED ON KACHASI",5.93549833347788,"Within SLA"
"Wema Bank","KACHASI v2.x","WB/KA/LIV/250037","CRITICAL","NXP WHEN REJECTED ON KACHASI WILL ONLY IMPACT ON TRMS",5.97518472222146,"Within SLA"
"Wema Bank","KACHASI v2.x","WB/KA/LIV/250036","CRITICAL","ADD CURRENCY AED  TO KACHASI TO ENABLE US PULL MF20250028800",1.79321583348792,"Within SLA"
"Wema Bank","KACHASI v2.x","WB/KA/LIV/250034","CRITICAL","UNABLE TO REJECT NXP TRANSACTION",120.11269666662,"Breached SLA"
"Wema Bank","KACHASI v2.x","WB/KA/LIV/250033","MEDIUM","LC Establishments Draft Number Not Changing to LC Ref at F47",219.105493333249,"Breached SLA"
"Wema Bank","KACHASI v2.x","WB/KA/LIV/250031","CRITICAL","UPDATED FORM M REGISTER ON KACHASI",97.9682169443113,"Breached SLA"
"Wema Bank","KACHASI v2.x","WB/KA/LIV/250030","CRITICAL","ENDORSEMENT AND RELEASE OF SHIPPING DOCUMENTS IFO......",22.5236366667668,"Within SLA"
"Wema Bank","KACHASI v2.x","WB/KA/LIV/250029","HIGH","UNABLE TO PULL FORM-M INTO KACHASI",23.8292941666441,"Within SLA"
"Wema Bank","KACHASI v2.x","WB/KA/LIV/250028","HIGH","VISIBLE TRANSFER OPTION NOT WORKING - OUTWARD FX",1.70765472220955,"Within SLA"
"Wema Bank","KACHASI v2.x","WB/KA/LIV/250027","HIGH","Mapping of columns to account numbers for Kachasi report",3.69068888900802,"Within SLA"
"Wema Bank","KACHASI v2.x","WB/KA/LIV/250026","HIGH","Email Notification on Due BC, Expired BL, Expired Form M",2379.97930611111,"Breached SLA"
"Wema Bank","KACHASI v2.x","WB/KA/LIV/250025","CRITICAL","Implementation of New USD Offshore Charges on Kachasi",53.4607883332064,"Breached SLA"
"Wema Bank","KACHASI v2.x","WB/KA/LIV/250024","HIGH","Unable to approve nxp",0.373175277665723,"Within SLA"
"Wema Bank","TENTACLES","WB/TE/LIV/250001","HIGH","Tentacles Downtime",0.616262499941513,"Within SLA"
"Wema Bank","KACHASI v2.x","WB/KA/LIV/250023","CRITICAL","AUTOMATION OF NXP REPORTING TEMPLATE AND CERTIFICATION",2707.20945138886,"Breached SLA"
"Wema Bank","KACHASI v2.x","WB/KA/LIV/250022","HIGH","CNY ERROR ON KACHASI",1.08449666661909,"Within SLA"
"Wema Bank","KACHASI v2.x","WB/KA/LIV/250021","HIGH","Forms M not reflecting after been pulled in Manually.",1.11153333331458,"Within SLA"
"Wema Bank","KACHASI v2.x","WB/KA/LIV/250020","HIGH","Unable to initiate LC transaction",1.52688250009669,"Within SLA"
"Wema Bank","KACHASI v2.x","WB/KA/LIV/250018","HIGH","INTEREST PAYMENT NOT SHOWING ON SUMMARY PAGE",3.7537780557177,"Within SLA"
"Wema Bank","KACHASI v2.x","WB/KA/LIV/250017","CRITICAL","CERTIFICATION OF NXP ON KACHASI",142.505886388826,"Breached SLA"
"Wema Bank","KACHASI v2.x","WB/KA/LIV/250016","CRITICAL","RE: BLANK FORM-M ON KACHASI WORKFLOW FOR MF20250006044",22.8140583332861,"Within SLA"
"Wema Bank","KACHASI v2.x","WB/KA/LIV/250015","CRITICAL","UNABLE TO PULL FORM-M INTO KACHASI",22.6031236110139,"Within SLA"
"Wema Bank","KACHASI v2.x","WB/KA/LIV/250013","HIGH","Transaction not reflecting",16.5624825000996,"Within SLA"
"Wema Bank","KACHASI v2.x","WB/KA/LIV/250011","CRITICAL","BLANK FORM-M ON KACHASI WORKFLOW FOR MF20250006044",96.753395277774,"Breached SLA"
"Wema Bank","KACHASI v2.x","WB/KA/LIV/250008","HIGH","Unable to fetch NXPs",2.19392444455298,"Within SLA"
"Wema Bank","TENTACLES","WB/15/12/0058","HIGH","Email Notification",72.325262499915,"Breached SLA"
"Wema Bank","KACHASI v2.x","WB/10/12/0057","HIGH","Unable to submit Draft",27.595461666584,"Within SLA"
"Wema Bank","KACHASI v2.x","WB/03/12/0056","MEDIUM","CASH BACK SETUP FOR ZENITH BANK",50.4513102777419,"Within SLA"
"Wema Bank","KACHASI v2.x","WB/03/12/0055","MEDIUM","REQUEST FOR SUPPORT - NOFICATIONS NOT WORKING FOR MILESTONES SET",3049.55033611116,"Breached SLA"
"Wema Bank","KACHASI v2.x","WB/03/12/0054","MEDIUM","REQUEST FOR SUPPORT - FORM M NOT PUPULATING FOR LC",25.7030988889164,"Within SLA"
"Wema Bank","KACHASI v2.x","WB/02/12/0053","HIGH","SCREATION OF ZENITH BANK EURO CLEANLINE UTILIZATION",22.9847469444503,"Within SLA"
"Wema Bank","KACHASI v2.x","WB/28/11/0052","MEDIUM","SUPPORT REQUEST-LC ERROR",70.4091080555809,"Within SLA"
"Wema Bank","KACHASI v2.x","WB/27/11/0051","MEDIUM","request for support- add account for new swift code",98.4908075000276,"Within SLA"
"Wema Bank","KACHASI v2.x","WB/26/11/0050","HIGH","ALAT FOR BUSINESS TRANSACTIONS NOT FLOWING INTO KACHASI",120.720911111101,"Breached SLA"
"Wema Bank","KACHASI v2.x","WB/25/11/0049","HIGH","REQUEST FOR SUPPORT - UNABLE TO CHARGE O FORM M",5.11624555557501,"Within SLA"
"Wema Bank","KACHASI v2.x","WB/24/11/0048","HIGH","Active mq failed to start up",47.6742777776672,"Within SLA"
"Wema Bank","TENTACLES","WB/20/11/0047","HIGH","REQUEST FOR SUPPORT - UNABLE TO PULL IN FORM Ms",123.479789166595,"Breached SLA"
"Wema Bank","KACHASI v2.x","WB/20/11/0046","MEDIUM","REQUEST FOR SUPPORT - CREATION OF ZENITH BANK UK USD CLEANLINE UTILIZATION",123.497359722212,"Breached SLA"
"Wema Bank","KACHASI v2.x","WB/14/11/0045","HIGH","creation of Account",268.754303055641,"Breached SLA"
"Wema Bank","KACHASI v2.x","WB/13/11/0044","MEDIUM","CUSTOMER ACCOUNT STATUS CLOSED",122.451445277897,"Breached SLA"
"Wema Bank","KACHASI v2.x","WB/13/11/0043","HIGH","REQUEST FOR SUP[PRT - LC PROCESSING CHALLNEGE",2.51918638881762,"Within SLA"
"Wema Bank","KACHASI v2.x","WB/13/11/0042","MEDIUM","LC PROCESSING ISSUE",0.750938055629376,"Within SLA"
"Wema Bank","TENTACLES","WB/09/11/0041","MEDIUM","REQUEST FPR SUPPORT - PULL IN FORM Ms PRE- BODOGWU INTERGRATION",377.879531110986,"Breached SLA"
"Wema Bank","KACHASI v2.x","WB/31/10/0040","HIGH","UNABLE TO PULL / REJECT NCX",100.893436388928,"Breached SLA"
"Wema Bank","KACHASI v2.x","WB/31/10/0039","MEDIUM","UNABLE TO PROCESS FORM MS",101.796410555486,"Within SLA"
"Wema Bank","KACHASI v2.x","WB/29/10/0038","HIGH","REQUEST FOR SUPPORT - LOBS FILE SHRINK",41.6801350000896,"Within SLA"
"Wema Bank","KACHASI v2.x","WB/24/10/0037","MEDIUM","UNABLE TO REJECT NCX AND NXP",2.10945583332796,"Within SLA"
"Wema Bank","KACHASI v2.x","WB/23/10/0036","MEDIUM","REQUEST FRO SUPPORT - CHARGES NOT TAKE ON FORM M",1.4573280554032,"Within SLA"
"Wema Bank","KACHASI v2.x","WB/14/10/0035","MEDIUM","REQUEST FOR SUPPORT - POSTING FOR JP MORGAN",3000.29217361123,"Breached SLA"
"Wema Bank","KACHASI v2.x","WB/07/10/0034","HIGH","Report for Transactions flowing from Alat for business",497.807131388923,"Breached SLA"
"Wema Bank","KACHASI v2.x","WB/30/09/0022","HIGH","Trade Help Desk role on Kachasi",45.2098233332508,"Within SLA"
"Wema Bank","KACHASI v2.x","WB/30/09/0033","HIGH","OTP Page is not coming up",0.400023055553902,"Within SLA"
"Wema Bank","KACHASI v2.x","WB/15/09/0032","HIGH","Multiple debits on Swift outgoing and multipl debits for incoming swift",1601.87765222217,"Breached SLA"
"Wema Bank","KACHASI v2.x","WB/12/09/0031","MEDIUM","INABILITY TO REJECT NXP",2.90534361120081,"Within SLA"
"Wema Bank","KACHASI v2.x","WB/08/09/0030","HIGH","SWIFT INFLOW NOT GENERATING ICP NUMBER 8224500246JO",70.993101944332,"Within SLA"
"Wema Bank","KACHASI v2.x","WB/08/09/0029","MEDIUM","ERROR APPROVING NXP",4.61953638884006,"Within SLA"
"Wema Bank","KACHASI v2.x","WB/28/08/0028","MEDIUM","BSUNESS SUPPORT REQUIRED- RELATED FORM M",2.10813583340496,"Within SLA"
"Wema Bank","KACHASI v2.x","WB/27/08/0027","HIGH","Bills Of Collection",22.9319366666023,"Within SLA"
"Wema Bank","KACHASI v2.x","WB/15/08/0026","HIGH","OCP TRANSACTIONS NOT REFLECTING ON KACHASI",143.600772222213,"Breached SLA"
"Wema Bank","KACHASI v2.x","WB/13/08/0025","HIGH","MX CONVERSION",2394.60982611106,"Breached SLA"
"Wema Bank","KACHASI v2.x","WB/13/08/0024","MEDIUM","CHANGE OF NARRATION FOR AMENDMENTS INVOLVING LC",26.7767538889311,"Within SLA"
"Wema Bank","KACHASI v2.x","WB/01/08/0022","HIGH","Post Neg Counterparty Account",1.18956749991048,"Within SLA"
"Wema Bank","TENTACLES","WB/30/07/0021","HIGH","REQUEST FOR SUPPORT - NXPs NOT FETCHING",146.810607500025,"Breached SLA"
"Wema Bank","KACHASI v2.x","WB/29/07/0020","MEDIUM","REQUEST FOR SUPPORT - PROCESSING DEPLOYED 202COV",70.1698183332919,"Within SLA"
"Wema Bank","KACHASI v2.x","WB/29/07/0019","HIGH","Currency not reflecting to initiate a swift message",4.86147250008071,"Within SLA"
"Wema Bank","TENTACLES","WB/18/07/0017","MEDIUM","UNABLE TO FETCH NXP ON KACHASI - XF2025156824 XF2025156830 XF2025156836",51.1370533332811,"Within SLA"
"Wema Bank","KACHASI v2.x","WB/18/07/0015","HIGH","Unable to attach documents on Kachasi UAT",146.594524722314,"Breached SLA"
"Wema Bank","KACHASI v2.x","WB/17/07/0014","MEDIUM","REJECTED TRANSACTION STILL ON KACHASI",0.188244722143281,"Within SLA"
"Wema Bank","KACHASI v2.x","WB/17/07/0013","MEDIUM","UNABLE TO FETCH NXP ON KACHASI - XF2025156733",0.32221777777886,"Within SLA"
"Wema Bank","KACHASI v2.x","WB/14/07/0012","HIGH","NXP ref now reflecting on Kachasi(XG202500035143183)",165.365730277786,"Breached SLA"
"Wema Bank","KACHASI v2.x","WB/14/07/0011","MEDIUM","REQUEST FOR SUPPORT - POST NEG ISSUE",6.42879194451962,"Within SLA"
"Wema Bank","KACHASI v2.x","WB/10/07/0010","MEDIUM","Unable to debit customer on Kachasi",28.2381719444529,"Within SLA"
"Wema Bank","KACHASI v2.x","WB/07/07/0009","MEDIUM","REQUEST FOR SUPPORT - MODIFICATION OF COMMISSION AND VAT ENTERIES FROM BRANCH TRANSIT TO BRANCH INCOME",47.2575983331772,"Within SLA"
"Wema Bank","KACHASI v2.x","WB/07/07/0008","MEDIUM","REQUEST FOR DEPLOYMENT",95.2417388887843,"Within SLA"
"Wema Bank","KACHASI v2.x","WB/03/07/0007","MEDIUM","TEST WEB PLATFORM NOT UP",2.01978416671045,"Within SLA"
"Wema Bank","KACHASI v2.x","WB/26/06/0006","MEDIUM","ERROR APPROVING SWIFT INFLOW",118.495431111194,"Within SLA"
"Wema Bank","KACHASI v2.x","WB/19/06/0005","HIGH","TRANASCTIONS ON QUEUE NOT POPULATING POSTING ENTRIES",24.0530347221647,"Within SLA"
"Wema Bank","KACHASI v2.x","WB/16/06/0004","HIGH","ONBOARDING OF NEW CORRESPONDENT BANK ON KACHASI",50.2970616667299,"Within SLA"
"Wema Bank","KACHASI v2.x","WB/13/06/0003","MEDIUM","MISSING ITEMS ON WORKFLOW",1.30845416674856,"Within SLA"
"Wema Bank","KACHASI v2.x","WB/10/06/0005","HIGH","LC CHARGE UPDATE",5.51421750005102,"Within SLA"
"Wema Bank","KACHASI v2.x","WB/05/06/0002","MEDIUM","FIXED TO BE MADE ON NXP",4051.53068083338,"Breached SLA"
"Wema Bank","KACHASI v2.x","WB/05/06/0001","HIGH","INFLOW REPORTS NOT UPTO DATE",1.74563527770806,"Within SLA"
"Wema Bank","KACHASI v2.x","WB/KA/LIV/250053","HIGH","Unable to submit LC Transaction (DRAFT01262)",1.35658611101098,"Within SLA"
"Wema Bank","KACHASI v2.x","WB/KA/LIV/250052","HIGH","NXP APPROVED BUT SHOWING INACTIVE ON INSTRUMENT",45.2797563888598,"Within SLA"
"Wema Bank","KACHASI v2.x","WB/KA/LIV/250051","CRITICAL","FORM M NOT ON KACHASI AT THE POINT OF LOGING DRAFT FOR LC",22.9325641666073,"Within SLA"
"Wema Bank","KACHASI v2.x","WB/KA/LIV/250050","MEDIUM","LC Expiry Notifications",333.413777499867,"Breached SLA"
"Wema Bank","KACHASI v2.x","WB/KA/LIV/250049","MEDIUM","FORM M WITH UNCLEAR STATUS",6.29956583323656,"Within SLA"
"Wema Bank","KACHASI v2.x","WB/KA/LIV/250048","HIGH","ACTIVATION OF SWIFT MX MESSAGES ON KACHASI",337.680867222254,"Breached SLA"
"Wema Bank","KACHASI v2.x","WB/KA/LIV/250047","HIGH","NXP CHARGE NOT DEBITED FOR XG202500035138291",64.8054491665098,"Within SLA"
"Wema Bank","KACHASI v2.x","WB/KA/LIV/250046","MEDIUM","customer credit limit",5.11634555569617,"Within SLA"
"Wema Bank","KACHASI v2.x","WB/KA/LIV/250044","MEDIUM","Transaction not reflecting on reviewer's queue",21.0282313889475,"Within SLA"
"Wema Bank","KACHASI v2.x","WB/KA/LIV/250043","MEDIUM","NO CHARGES TAKEN FOR FORM Ms",53.9569786112406,"Within SLA"
"Wema Bank","KACHASI v2.x","WB/KA/LIV/250042","CRITICAL","UNABLE TO PULL FORM-M INTO KACHASI MF20250031740",6.31716916663572,"Within SLA"
"Wema Bank","KACHASI v2.x","WB/KA/LIV/250041","MEDIUM","INVALID CHARACTER POSITION",2.81203194439877,"Within SLA"
"Wema Bank","KACHASI v2.x","WB/KA/LIV/250040","CRITICAL","FORM MS NOT DEBITED ON KACHASI AND IT IS ACTIVE",3.40810944442637,"Within SLA"
"Wema Bank","KACHASI v2.x","WB/KA/LIV/250039","CRITICAL","FORM M SHOWNG INACTIVE ON INSTRUMENT ON KACHASI",20.7361599999131,"Within SLA"
"Wema Bank","KACHASI v2.x","WB/KA/LIV/250038","CRITICAL","NXP REJECTED ON KACHASI",5.93549833347788,"Within SLA"
"Wema Bank","KACHASI v2.x","WB/KA/LIV/250037","CRITICAL","NXP WHEN REJECTED ON KACHASI WILL ONLY IMPACT ON TRMS",5.97518472222146,"Within SLA"
"Wema Bank","KACHASI v2.x","WB/KA/LIV/250036","CRITICAL","ADD CURRENCY AED  TO KACHASI TO ENABLE US PULL MF20250028800",1.79321583348792,"Within SLA"
"Wema Bank","KACHASI v2.x","WB/KA/LIV/250034","CRITICAL","UNABLE TO REJECT NXP TRANSACTION",120.11269666662,"Breached SLA"
"Wema Bank","KACHASI v2.x","WB/KA/LIV/250033","MEDIUM","LC Establishments Draft Number Not Changing to LC Ref at F47",219.105493333249,"Breached SLA"
"Wema Bank","KACHASI v2.x","WB/KA/LIV/250031","CRITICAL","UPDATED FORM M REGISTER ON KACHASI",97.9682169443113,"Breached SLA"
"Wema Bank","KACHASI v2.x","WB/KA/LIV/250030","CRITICAL","ENDORSEMENT AND RELEASE OF SHIPPING DOCUMENTS IFO......",22.5236366667668,"Within SLA"
"Wema Bank","KACHASI v2.x","WB/KA/LIV/250029","HIGH","UNABLE TO PULL FORM-M INTO KACHASI",23.8292941666441,"Within SLA"
"Wema Bank","KACHASI v2.x","WB/KA/LIV/250028","HIGH","VISIBLE TRANSFER OPTION NOT WORKING - OUTWARD FX",1.70765472220955,"Within SLA"
"Wema Bank","KACHASI v2.x","WB/KA/LIV/250027","HIGH","Mapping of columns to account numbers for Kachasi report",3.69068888900802,"Within SLA"
"Wema Bank","KACHASI v2.x","WB/KA/LIV/250026","HIGH","Email Notification on Due BC, Expired BL, Expired Form M",2379.97930611111,"Breached SLA"
"Wema Bank","KACHASI v2.x","WB/KA/LIV/250025","CRITICAL","Implementation of New USD Offshore Charges on Kachasi",53.4607883332064,"Breached SLA"
"Wema Bank","KACHASI v2.x","WB/KA/LIV/250024","HIGH","Unable to approve nxp",0.373175277665723,"Within SLA"
"Wema Bank","TENTACLES","WB/TE/LIV/250001","HIGH","Tentacles Downtime",0.616262499941513,"Within SLA"
"Wema Bank","KACHASI v2.x","WB/KA/LIV/250023","CRITICAL","AUTOMATION OF NXP REPORTING TEMPLATE AND CERTIFICATION",2707.20945138886,"Breached SLA"
"Wema Bank","KACHASI v2.x","WB/KA/LIV/250022","HIGH","CNY ERROR ON KACHASI",1.08449666661909,"Within SLA"
"Wema Bank","KACHASI v2.x","WB/KA/LIV/250021","HIGH","Forms M not reflecting after been pulled in Manually.",1.11153333331458,"Within SLA"
"Wema Bank","KACHASI v2.x","WB/KA/LIV/250020","HIGH","Unable to initiate LC transaction",1.52688250009669,"Within SLA"
"Wema Bank","KACHASI v2.x","WB/KA/LIV/250018","HIGH","INTEREST PAYMENT NOT SHOWING ON SUMMARY PAGE",3.7537780557177,"Within SLA"
"Wema Bank","KACHASI v2.x","WB/KA/LIV/250017","CRITICAL","CERTIFICATION OF NXP ON KACHASI",142.505886388826,"Breached SLA"
"Wema Bank","KACHASI v2.x","WB/KA/LIV/250016","CRITICAL","RE: BLANK FORM-M ON KACHASI WORKFLOW FOR MF20250006044",22.8140583332861,"Within SLA"
"Wema Bank","KACHASI v2.x","WB/KA/LIV/250015","CRITICAL","UNABLE TO PULL FORM-M INTO KACHASI",22.6031236110139,"Within SLA"
"Wema Bank","KACHASI v2.x","WB/KA/LIV/250013","HIGH","Transaction not reflecting",16.5624825000996,"Within SLA"
"Wema Bank","KACHASI v2.x","WB/KA/LIV/250011","CRITICAL","BLANK FORM-M ON KACHASI WORKFLOW FOR MF20250006044",96.753395277774,"Breached SLA"
"Wema Bank","KACHASI v2.x","WB/KA/LIV/250008","HIGH","Unable to fetch NXPs",2.19392444455298,"Within SLA"
"Wema Bank","TENTACLES","WB/15/12/0058","HIGH","Email Notification",72.325262499915,"Breached SLA"
"Wema Bank","KACHASI v2.x","WB/10/12/0057","HIGH","Unable to submit Draft",27.595461666584,"Within SLA"
"Wema Bank","KACHASI v2.x","WB/03/12/0056","MEDIUM","CASH BACK SETUP FOR ZENITH BANK",50.4513102777419,"Within SLA"
"Wema Bank","KACHASI v2.x","WB/03/12/0055","MEDIUM","REQUEST FOR SUPPORT - NOFICATIONS NOT WORKING FOR MILESTONES SET",3049.55033611116,"Breached SLA"
"Wema Bank","KACHASI v2.x","WB/03/12/0054","MEDIUM","REQUEST FOR SUPPORT - FORM M NOT PUPULATING FOR LC",25.7030988889164,"Within SLA"
"Wema Bank","KACHASI v2.x","WB/02/12/0053","HIGH","SCREATION OF ZENITH BANK EURO CLEANLINE UTILIZATION",22.9847469444503,"Within SLA"
"Wema Bank","KACHASI v2.x","WB/28/11/0052","MEDIUM","SUPPORT REQUEST-LC ERROR",70.4091080555809,"Within SLA"
"Wema Bank","KACHASI v2.x","WB/27/11/0051","MEDIUM","request for support- add account for new swift code",98.4908075000276,"Within SLA"
"Wema Bank","KACHASI v2.x","WB/26/11/0050","HIGH","ALAT FOR BUSINESS TRANSACTIONS NOT FLOWING INTO KACHASI",120.720911111101,"Breached SLA"
"Wema Bank","KACHASI v2.x","WB/25/11/0049","HIGH","REQUEST FOR SUPPORT - UNABLE TO CHARGE O FORM M",5.11624555557501,"Within SLA"
"Wema Bank","KACHASI v2.x","WB/24/11/0048","HIGH","Active mq failed to start up",47.6742777776672,"Within SLA"
"Wema Bank","TENTACLES","WB/20/11/0047","HIGH","REQUEST FOR SUPPORT - UNABLE TO PULL IN FORM Ms",123.479789166595,"Breached SLA"
"Wema Bank","KACHASI v2.x","WB/20/11/0046","MEDIUM","REQUEST FOR SUPPORT - CREATION OF ZENITH BANK UK USD CLEANLINE UTILIZATION",123.497359722212,"Breached SLA"
"Wema Bank","KACHASI v2.x","WB/14/11/0045","HIGH","creation of Account",268.754303055641,"Breached SLA"
"Wema Bank","KACHASI v2.x","WB/13/11/0044","MEDIUM","CUSTOMER ACCOUNT STATUS CLOSED",122.451445277897,"Breached SLA"
"Wema Bank","KACHASI v2.x","WB/13/11/0043","HIGH","REQUEST FOR SUP[PRT - LC PROCESSING CHALLNEGE",2.51918638881762,"Within SLA"
"Wema Bank","KACHASI v2.x","WB/13/11/0042","MEDIUM","LC PROCESSING ISSUE",0.750938055629376,"Within SLA"
"Wema Bank","TENTACLES","WB/09/11/0041","MEDIUM","REQUEST FPR SUPPORT - PULL IN FORM Ms PRE- BODOGWU INTERGRATION",377.879531110986,"Breached SLA"
"Wema Bank","KACHASI v2.x","WB/31/10/0040","HIGH","UNABLE TO PULL / REJECT NCX",100.893436388928,"Breached SLA"
"Wema Bank","KACHASI v2.x","WB/31/10/0039","MEDIUM","UNABLE TO PROCESS FORM MS",101.796410555486,"Within SLA"
"Wema Bank","KACHASI v2.x","WB/29/10/0038","HIGH","REQUEST FOR SUPPORT - LOBS FILE SHRINK",41.6801350000896,"Within SLA"
"Wema Bank","KACHASI v2.x","WB/24/10/0037","MEDIUM","UNABLE TO REJECT NCX AND NXP",2.10945583332796,"Within SLA"
"Wema Bank","KACHASI v2.x","WB/23/10/0036","MEDIUM","REQUEST FRO SUPPORT - CHARGES NOT TAKE ON FORM M",1.4573280554032,"Within SLA"
"Wema Bank","KACHASI v2.x","WB/14/10/0035","MEDIUM","REQUEST FOR SUPPORT - POSTING FOR JP MORGAN",3000.29217361123,"Breached SLA"
"Wema Bank","KACHASI v2.x","WB/07/10/0034","HIGH","Report for Transactions flowing from Alat for business",497.807131388923,"Breached SLA"
"Wema Bank","KACHASI v2.x","WB/30/09/0022","HIGH","Trade Help Desk role on Kachasi",45.2098233332508,"Within SLA"
"Wema Bank","KACHASI v2.x","WB/30/09/0033","HIGH","OTP Page is not coming up",0.400023055553902,"Within SLA"
"Wema Bank","KACHASI v2.x","WB/15/09/0032","HIGH","Multiple debits on Swift outgoing and multipl debits for incoming swift",1601.87765222217,"Breached SLA"
"Wema Bank","KACHASI v2.x","WB/12/09/0031","MEDIUM","INABILITY TO REJECT NXP",2.90534361120081,"Within SLA"
"Wema Bank","KACHASI v2.x","WB/08/09/0030","HIGH","SWIFT INFLOW NOT GENERATING ICP NUMBER 8224500246JO",70.993101944332,"Within SLA"
"Wema Bank","KACHASI v2.x","WB/08/09/0029","MEDIUM","ERROR APPROVING NXP",4.61953638884006,"Within SLA"
"Wema Bank","KACHASI v2.x","WB/28/08/0028","MEDIUM","BSUNESS SUPPORT REQUIRED- RELATED FORM M",2.10813583340496,"Within SLA"
"Wema Bank","KACHASI v2.x","WB/27/08/0027","HIGH","Bills Of Collection",22.9319366666023,"Within SLA"
"Wema Bank","KACHASI v2.x","WB/15/08/0026","HIGH","OCP TRANSACTIONS NOT REFLECTING ON KACHASI",143.600772222213,"Breached SLA"
"Wema Bank","KACHASI v2.x","WB/13/08/0025","HIGH","MX CONVERSION",2394.60982611106,"Breached SLA"
"Wema Bank","KACHASI v2.x","WB/13/08/0024","MEDIUM","CHANGE OF NARRATION FOR AMENDMENTS INVOLVING LC",26.7767538889311,"Within SLA"
"Wema Bank","KACHASI v2.x","WB/01/08/0022","HIGH","Post Neg Counterparty Account",1.18956749991048,"Within SLA"
"Wema Bank","TENTACLES","WB/30/07/0021","HIGH","REQUEST FOR SUPPORT - NXPs NOT FETCHING",146.810607500025,"Breached SLA"
"Wema Bank","KACHASI v2.x","WB/29/07/0020","MEDIUM","REQUEST FOR SUPPORT - PROCESSING DEPLOYED 202COV",70.1698183332919,"Within SLA"
"Wema Bank","KACHASI v2.x","WB/29/07/0019","HIGH","Currency not reflecting to initiate a swift message",4.86147250008071,"Within SLA"
"Wema Bank","TENTACLES","WB/18/07/0017","MEDIUM","UNABLE TO FETCH NXP ON KACHASI - XF2025156824 XF2025156830 XF2025156836",51.1370533332811,"Within SLA"
"Wema Bank","KACHASI v2.x","WB/18/07/0015","HIGH","Unable to attach documents on Kachasi UAT",146.594524722314,"Breached SLA"
"Wema Bank","KACHASI v2.x","WB/17/07/0014","MEDIUM","REJECTED TRANSACTION STILL ON KACHASI",0.188244722143281,"Within SLA"
"Wema Bank","KACHASI v2.x","WB/17/07/0013","MEDIUM","UNABLE TO FETCH NXP ON KACHASI - XF2025156733",0.32221777777886,"Within SLA"
"Wema Bank","KACHASI v2.x","WB/14/07/0012","HIGH","NXP ref now reflecting on Kachasi(XG202500035143183)",165.365730277786,"Breached SLA"
"Wema Bank","KACHASI v2.x","WB/14/07/0011","MEDIUM","REQUEST FOR SUPPORT - POST NEG ISSUE",6.42879194451962,"Within SLA"
"Wema Bank","KACHASI v2.x","WB/10/07/0010","MEDIUM","Unable to debit customer on Kachasi",28.2381719444529,"Within SLA"
"Wema Bank","KACHASI v2.x","WB/07/07/0009","MEDIUM","REQUEST FOR SUPPORT - MODIFICATION OF COMMISSION AND VAT ENTERIES FROM BRANCH TRANSIT TO BRANCH INCOME",47.2575983331772,"Within SLA"
"Wema Bank","KACHASI v2.x","WB/07/07/0008","MEDIUM","REQUEST FOR DEPLOYMENT",95.2417388887843,"Within SLA"
"Wema Bank","KACHASI v2.x","WB/03/07/0007","MEDIUM","TEST WEB PLATFORM NOT UP",2.01978416671045,"Within SLA"
"Wema Bank","KACHASI v2.x","WB/26/06/0006","MEDIUM","ERROR APPROVING SWIFT INFLOW",118.495431111194,"Within SLA"
"Wema Bank","KACHASI v2.x","WB/19/06/0005","HIGH","TRANASCTIONS ON QUEUE NOT POPULATING POSTING ENTRIES",24.0530347221647,"Within SLA"
"Wema Bank","KACHASI v2.x","WB/16/06/0004","HIGH","ONBOARDING OF NEW CORRESPONDENT BANK ON KACHASI",50.2970616667299,"Within SLA"
"Wema Bank","KACHASI v2.x","WB/13/06/0003","MEDIUM","MISSING ITEMS ON WORKFLOW",1.30845416674856,"Within SLA"
"Wema Bank","KACHASI v2.x","WB/10/06/0005","HIGH","LC CHARGE UPDATE",5.51421750005102,"Within SLA"
"Wema Bank","KACHASI v2.x","WB/05/06/0002","MEDIUM","FIXED TO BE MADE ON NXP",4051.53068083338,"Breached SLA"
"Wema Bank","KACHASI v2.x","WB/05/06/0001","HIGH","INFLOW REPORTS NOT UPTO DATE",1.74563527770806,"Within SLA"
"Wema Bank","KACHASI v2.x","WB/KA/LIV/250053","HIGH","Unable to submit LC Transaction (DRAFT01262)",1.35658611101098,"Within SLA"
"Wema Bank","KACHASI v2.x","WB/KA/LIV/250052","HIGH","NXP APPROVED BUT SHOWING INACTIVE ON INSTRUMENT",45.2797563888598,"Within SLA"
"Wema Bank","KACHASI v2.x","WB/KA/LIV/250051","CRITICAL","FORM M NOT ON KACHASI AT THE POINT OF LOGING DRAFT FOR LC",22.9325641666073,"Within SLA"
"Wema Bank","KACHASI v2.x","WB/KA/LIV/250050","MEDIUM","LC Expiry Notifications",333.413777499867,"Breached SLA"
"Wema Bank","KACHASI v2.x","WB/KA/LIV/250049","MEDIUM","FORM M WITH UNCLEAR STATUS",6.29956583323656,"Within SLA"
"Wema Bank","KACHASI v2.x","WB/KA/LIV/250048","HIGH","ACTIVATION OF SWIFT MX MESSAGES ON KACHASI",337.680867222254,"Breached SLA"
"Wema Bank","KACHASI v2.x","WB/KA/LIV/250047","HIGH","NXP CHARGE NOT DEBITED FOR XG202500035138291",64.8054491665098,"Within SLA"
"Wema Bank","KACHASI v2.x","WB/KA/LIV/250046","MEDIUM","customer credit limit",5.11634555569617,"Within SLA"
"Wema Bank","KACHASI v2.x","WB/KA/LIV/250044","MEDIUM","Transaction not reflecting on reviewer's queue",21.0282313889475,"Within SLA"
"Wema Bank","KACHASI v2.x","WB/KA/LIV/250043","MEDIUM","NO CHARGES TAKEN FOR FORM Ms",53.9569786112406,"Within SLA"
"Wema Bank","KACHASI v2.x","WB/KA/LIV/250042","CRITICAL","UNABLE TO PULL FORM-M INTO KACHASI MF20250031740",6.31716916663572,"Within SLA"
"Wema Bank","KACHASI v2.x","WB/KA/LIV/250041","MEDIUM","INVALID CHARACTER POSITION",2.81203194439877,"Within SLA"
"Wema Bank","KACHASI v2.x","WB/KA/LIV/250040","CRITICAL","FORM MS NOT DEBITED ON KACHASI AND IT IS ACTIVE",3.40810944442637,"Within SLA"
"Wema Bank","KACHASI v2.x","WB/KA/LIV/250039","CRITICAL","FORM M SHOWNG INACTIVE ON INSTRUMENT ON KACHASI",20.7361599999131,"Within SLA"
"Wema Bank","KACHASI v2.x","WB/KA/LIV/250038","CRITICAL","NXP REJECTED ON KACHASI",5.93549833347788,"Within SLA"
"Wema Bank","KACHASI v2.x","WB/KA/LIV/250037","CRITICAL","NXP WHEN REJECTED ON KACHASI WILL ONLY IMPACT ON TRMS",5.97518472222146,"Within SLA"
"Wema Bank","KACHASI v2.x","WB/KA/LIV/250036","CRITICAL","ADD CURRENCY AED  TO KACHASI TO ENABLE US PULL MF20250028800",1.79321583348792,"Within SLA"
"Wema Bank","KACHASI v2.x","WB/KA/LIV/250034","CRITICAL","UNABLE TO REJECT NXP TRANSACTION",120.11269666662,"Breached SLA"
"Wema Bank","KACHASI v2.x","WB/KA/LIV/250033","MEDIUM","LC Establishments Draft Number Not Changing to LC Ref at F47",219.105493333249,"Breached SLA"
"Wema Bank","KACHASI v2.x","WB/KA/LIV/250031","CRITICAL","UPDATED FORM M REGISTER ON KACHASI",97.9682169443113,"Breached SLA"
"Wema Bank","KACHASI v2.x","WB/KA/LIV/250030","CRITICAL","ENDORSEMENT AND RELEASE OF SHIPPING DOCUMENTS IFO......",22.5236366667668,"Within SLA"
"Wema Bank","KACHASI v2.x","WB/KA/LIV/250029","HIGH","UNABLE TO PULL FORM-M INTO KACHASI",23.8292941666441,"Within SLA"
"Wema Bank","KACHASI v2.x","WB/KA/LIV/250028","HIGH","VISIBLE TRANSFER OPTION NOT WORKING - OUTWARD FX",1.70765472220955,"Within SLA"
"Wema Bank","KACHASI v2.x","WB/KA/LIV/250027","HIGH","Mapping of columns to account numbers for Kachasi report",3.69068888900802,"Within SLA"
"Wema Bank","KACHASI v2.x","WB/KA/LIV/250026","HIGH","Email Notification on Due BC, Expired BL, Expired Form M",2379.97930611111,"Breached SLA"
"Wema Bank","KACHASI v2.x","WB/KA/LIV/250025","CRITICAL","Implementation of New USD Offshore Charges on Kachasi",53.4607883332064,"Breached SLA"
"Wema Bank","KACHASI v2.x","WB/KA/LIV/250024","HIGH","Unable to approve nxp",0.373175277665723,"Within SLA"
"Wema Bank","TENTACLES","WB/TE/LIV/250001","HIGH","Tentacles Downtime",0.616262499941513,"Within SLA"
"Wema Bank","KACHASI v2.x","WB/KA/LIV/250023","CRITICAL","AUTOMATION OF NXP REPORTING TEMPLATE AND CERTIFICATION",2707.20945138886,"Breached SLA"
"Wema Bank","KACHASI v2.x","WB/KA/LIV/250022","HIGH","CNY ERROR ON KACHASI",1.08449666661909,"Within SLA"
"Wema Bank","KACHASI v2.x","WB/KA/LIV/250021","HIGH","Forms M not reflecting after been pulled in Manually.",1.11153333331458,"Within SLA"
"Wema Bank","KACHASI v2.x","WB/KA/LIV/250020","HIGH","Unable to initiate LC transaction",1.52688250009669,"Within SLA"
"Wema Bank","KACHASI v2.x","WB/KA/LIV/250018","HIGH","INTEREST PAYMENT NOT SHOWING ON SUMMARY PAGE",3.7537780557177,"Within SLA"
"Wema Bank","KACHASI v2.x","WB/KA/LIV/250017","CRITICAL","CERTIFICATION OF NXP ON KACHASI",142.505886388826,"Breached SLA"
"Wema Bank","KACHASI v2.x","WB/KA/LIV/250016","CRITICAL","RE: BLANK FORM-M ON KACHASI WORKFLOW FOR MF20250006044",22.8140583332861,"Within SLA"
"Wema Bank","KACHASI v2.x","WB/KA/LIV/250015","CRITICAL","UNABLE TO PULL FORM-M INTO KACHASI",22.6031236110139,"Within SLA"
"Wema Bank","KACHASI v2.x","WB/KA/LIV/250013","HIGH","Transaction not reflecting",16.5624825000996,"Within SLA"
"Wema Bank","KACHASI v2.x","WB/KA/LIV/250011","CRITICAL","BLANK FORM-M ON KACHASI WORKFLOW FOR MF20250006044",96.753395277774,"Breached SLA"
"Wema Bank","KACHASI v2.x","WB/KA/LIV/250008","HIGH","Unable to fetch NXPs",2.19392444455298,"Within SLA"
"Stanbic IBTC","DATASTORE","SI/14/11/0007","LOW","ISSUE ON INDEXING STUDIO",72.6896663888474,"Within SLA"
"Stanbic IBTC","DATASTORE","SI/17/09/0006","LOW","Reporting for count of number of pages on Central Archives data definitions",142.106139999989,"Within SLA"
"Stanbic IBTC","DATASTORE","SI/27/08/0005","MEDIUM","SSL Configuration for the Endpoint",1460.61923416669,"Breached SLA"
"Stanbic IBTC","DATASTORE","SI/26/08/0004","CRITICAL","VULNERABILITIES IDENTIFIED ON DATASTORE",379.006181388977,"Breached SLA"
"Stanbic IBTC","DATASTORE","SI/22/08/0003","MEDIUM","MISSING INDEXES ON DATASTORE DB",644.412037777773,"Breached SLA"
"Stanbic IBTC","DATASTORE","SI/04/07/0002","MEDIUM","INFRASTRUCTURE UPGRADE SPECIFICATION",788.97309305548,"Breached SLA"
"Stanbic IBTC","DATASTORE","SI/18/06/0001","HIGH","SLOWNESS BEING EXPERIENCED FOR POST API CALLS",1657.17438500002,"Breached SLA"
"Stanbic IBTC","DATASTORE","SI/14/11/0007","LOW","ISSUE ON INDEXING STUDIO",72.6896663888474,"Within SLA"
"Stanbic IBTC","DATASTORE","SI/17/09/0006","LOW","Reporting for count of number of pages on Central Archives data definitions",142.106139999989,"Within SLA"
"Stanbic IBTC","DATASTORE","SI/27/08/0005","MEDIUM","SSL Configuration for the Endpoint",1460.61923416669,"Breached SLA"
"Stanbic IBTC","DATASTORE","SI/26/08/0004","CRITICAL","VULNERABILITIES IDENTIFIED ON DATASTORE",379.006181388977,"Breached SLA"
"Stanbic IBTC","DATASTORE","SI/22/08/0003","MEDIUM","MISSING INDEXES ON DATASTORE DB",644.412037777773,"Breached SLA"
"Stanbic IBTC","DATASTORE","SI/04/07/0002","MEDIUM","INFRASTRUCTURE UPGRADE SPECIFICATION",788.97309305548,"Breached SLA"
"Stanbic IBTC","DATASTORE","SI/18/06/0001","HIGH","SLOWNESS BEING EXPERIENCED FOR POST API CALLS",1657.17438500002,"Breached SLA"
"Stanbic IBTC","DATASTORE","SI/14/11/0007","LOW","ISSUE ON INDEXING STUDIO",72.6896663888474,"Within SLA"
"Stanbic IBTC","DATASTORE","SI/17/09/0006","LOW","Reporting for count of number of pages on Central Archives data definitions",142.106139999989,"Within SLA"
"Stanbic IBTC","DATASTORE","SI/27/08/0005","MEDIUM","SSL Configuration for the Endpoint",1460.61923416669,"Breached SLA"
"Stanbic IBTC","DATASTORE","SI/26/08/0004","CRITICAL","VULNERABILITIES IDENTIFIED ON DATASTORE",379.006181388977,"Breached SLA"
"Stanbic IBTC","DATASTORE","SI/22/08/0003","MEDIUM","MISSING INDEXES ON DATASTORE DB",644.412037777773,"Breached SLA"
"Stanbic IBTC","DATASTORE","SI/04/07/0002","MEDIUM","INFRASTRUCTURE UPGRADE SPECIFICATION",788.97309305548,"Breached SLA"
"Stanbic IBTC","DATASTORE","SI/18/06/0001","HIGH","SLOWNESS BEING EXPERIENCED FOR POST API CALLS",1657.17438500002,"Breached SLA"
"Stanbic IBTC","DATASTORE","SI/14/11/0007","LOW","ISSUE ON INDEXING STUDIO",72.6896663888474,"Within SLA"
"Stanbic IBTC","DATASTORE","SI/17/09/0006","LOW","Reporting for count of number of pages on Central Archives data definitions",142.106139999989,"Within SLA"
"Stanbic IBTC","DATASTORE","SI/27/08/0005","MEDIUM","SSL Configuration for the Endpoint",1460.61923416669,"Breached SLA"
"Stanbic IBTC","DATASTORE","SI/26/08/0004","CRITICAL","VULNERABILITIES IDENTIFIED ON DATASTORE",379.006181388977,"Breached SLA"
"Stanbic IBTC","DATASTORE","SI/22/08/0003","MEDIUM","MISSING INDEXES ON DATASTORE DB",644.412037777773,"Breached SLA"
"Stanbic IBTC","DATASTORE","SI/04/07/0002","MEDIUM","INFRASTRUCTURE UPGRADE SPECIFICATION",788.97309305548,"Breached SLA"
"Stanbic IBTC","DATASTORE","SI/18/06/0001","HIGH","SLOWNESS BEING EXPERIENCED FOR POST API CALLS",1657.17438500002,"Breached SLA"
"First  City Monument Bank","KACHASI v1.x","FC/12/12/0076","CRITICAL","Create Idris Adisa ON ISura",0.919549722166266,"Within SLA"
"First  City Monument Bank","KACHASI v1.x","FC/12/12/0075","HIGH","Pre-Charges Not taken",816.242169722216,"Breached SLA"
"First  City Monument Bank","KACHASI v1.x","FC/12/11/0074","HIGH","PENDING CUSTOM DUTY APPROVAL IFO 1023890781 ( 25423)",27.0630422221147,"Within SLA"
"First  City Monument Bank","KACHASI v1.x","FC/11/11/0073","CRITICAL","FAILED TRANSMISSION ON CUSTOM DUTY PAYMENT",46.1350302777719,"Breached SLA"
"First  City Monument Bank","KACHASI v1.x","FC/10/11/0071","HIGH","REQUEST FOR PRE-NEGOTIATION BREAKDWON",27.1674658333068,"Within SLA"
"First  City Monument Bank","KACHASI v1.x","FC/06/11/0070","CRITICAL","CUSTOM DUTY PAYMENT YET TO SETTLED",21.4195383331971,"Within SLA"
"First  City Monument Bank","KACHASI v1.x","FC/03/11/0069","CRITICAL","KACHASI SWIFT MANAGER ERROR",15.5845111111994,"Within SLA"
"First  City Monument Bank","KACHASI v1.x","FC/03/11/0068","HIGH","UNABLE TO GENERATE RECEIPT ON TRADEX",30.3312477779109,"Within SLA"
"First  City Monument Bank","KACHASI v1.x","FC/30/10/0067","HIGH","Pending Custom Duty Payment",16.9225080554606,"Within SLA"
"First  City Monument Bank","KACHASI v1.x","FC/22/10/0065","HIGH","EXCESS FX PURCHASE IFO PIVOT INTEGRATED ENERGY SERVICES LIMITED  LC WITH MAY ADD CLAUSE",24.179055277782,"Within SLA"
"First  City Monument Bank","KACHASI v1.x","FC/14/10/0064","CRITICAL","CUSTOM TRANSACTIONS YET TO BE TRANSIMITED 09-10-2025",27.3766611110768,"Breached SLA"
"First  City Monument Bank","KACHASI v1.x","FC/13/10/0063","CRITICAL","Finacle SSL Update",2.94053583336063,"Within SLA"
"First  City Monument Bank","KACHASI v1.x","FC/10/10/0062","HIGH","ROBUST INTERNATIONAL COMMODITIES LTD NXP XG202500214148606",68.9632677777554,"Within SLA"
"First  City Monument Bank","KACHASI v1.x","FC/09/10/0061","CRITICAL","LC Transaction Not Showing On Swift Outgoing Messages",6.9545630554785,"Within SLA"
"First  City Monument Bank","KACHASI v1.x","FC/08/10/0060","CRITICAL","TRANSMISSION OF FAILED CUSTOM DUTY PAYMENT",46.1104936109623,"Breached SLA"
"First  City Monument Bank","KACHASI v1.x","FC/03/10/0023","CRITICAL","Unable to access the report",0.807398333447054,"Within SLA"
"First  City Monument Bank","KACHASI v1.x","FC/02/10/0059","CRITICAL","Workflow Errors",7.63467000005767,"Within SLA"
"First  City Monument Bank","KACHASI v1.x","FC/02/10/0058","HIGH","UNSETTLED CUSTOM DUTY",23.6643569443258,"Within SLA"
"First  City Monument Bank","KACHASI v1.x","FC/30/09/0057","CRITICAL","SERVICE DEGRATION ON KACHASI",3.30818527779775,"Within SLA"
"First  City Monument Bank","KACHASI v1.x","FC/30/09/0056","CRITICAL","Unable to launch Tradex URL",5.27577555557946,"Within SLA"
"First  City Monument Bank","KACHASI v1.x","FC/29/09/0021","HIGH","FAILED REQUESTS ON KACHASI FOR FORMS M CANCELLATION",212.178965555504,"Breached SLA"
"First  City Monument Bank","KACHASI v1.x","FC/29/09/0055","HIGH","REPORT OF RECONCILIATION - OUTSTANDING TRADE OBLIGATION ON TAURUS OILA AND GAS LIMITED",70.4525322222034,"Within SLA"
"First  City Monument Bank","KACHASI v1.x","FC/26/09/0054","HIGH","PENDING CUSTOM DUTY APPROVAL IFO CHARDON GLOBAL SERVICES NIG",106.377771944564,"Breached SLA"
"First  City Monument Bank","KACHASI v1.x","FC/24/09/0053","HIGH","SETTLEMENT ISSUE ON COLLECTION ACCOUNT",175.925950000004,"Breached SLA"
"First  City Monument Bank","KACHASI v1.x","FC/24/09/0052","CRITICAL","CUSTOM DUTY PAYMENT:TAXES NOT TRANSMITTED",41.6313263888005,"Breached SLA"
"First  City Monument Bank","KACHASI v1.x","FC/10/09/0051","HIGH","KACHASI POSTING ERROR FCMB25LC00172",192.42551999999,"Breached SLA"
"First  City Monument Bank","KACHASI v1.x","FC/09/09/0019","HIGH","FX FUNDS TRANSFER- TRADE",3.26730694435537,"Within SLA"
"First  City Monument Bank","KACHASI v1.x","FC/09/09/0050","HIGH","REQUEST TO PURCHASE FX",20.0057597222622,"Within SLA"
"First  City Monument Bank","KACHASI v1.x","FC/03/09/0049","CRITICAL","RE: FCMB NXP - NESS Payment  01-09-2025",109.262032500061,"Breached SLA"
"First  City Monument Bank","KACHASI v1.x","FC/03/09/0048","CRITICAL","TRANSMISSION OF FAILED CUSTOM DUTY PAYMENT",209.858126666746,"Breached SLA"
"First  City Monument Bank","KACHASI v1.x","FC/03/09/0047","HIGH","DOUBLE DEBIT OF CUSTOMERS FOR CUSTOM DUTY PAYMENT",116.323728333344,"Breached SLA"
"First  City Monument Bank","KACHASI v1.x","FC/01/09/0046","HIGH","RE: DRAFT LC IRO MASTERSTROKES PACKAGES -- MF20250073374",19.835481944494,"Within SLA"
"First  City Monument Bank","KACHASI v1.x","FC/27/08/0045","HIGH","CANCELLED ASSESSMENTS",23.7785147221293,"Within SLA"
"First  City Monument Bank","KACHASI v1.x","FC/26/08/0044","HIGH","NXP Transaction not validating on the Portal",50.1819611111423,"Within SLA"
"First  City Monument Bank","KACHASI v1.x","FC/22/08/0043","CRITICAL","BACKEND CLOSURE OF THE LODGEMENT",168.636838333332,"Breached SLA"
"First  City Monument Bank","KACHASI v1.x","FC/22/08/0042","HIGH","KACHASI ERROR ON LODGMENT",4.29336638882523,"Within SLA"
"First  City Monument Bank","KACHASI v1.x","FC/21/08/0041","CRITICAL","KACHASI SWIFT MANAGER ERROR",23.1656255556154,"Within SLA"
"First  City Monument Bank","KACHASI v1.x","FC/20/08/0012","HIGH","Form A Number Not Populated",46.1522213889984,"Within SLA"
"First  City Monument Bank","KACHASI v1.x","FC/20/08/0040","HIGH","Iintervention Account Error",26.5852658333606,"Within SLA"
"First  City Monument Bank","KACHASI v1.x","FC/15/08/0039","HIGH","Custom Duty Receipts Not Printing",5.13206388900289,"Within SLA"
"First  City Monument Bank","KACHASI v1.x","FC/12/08/0038","CRITICAL","CHALLENEG WITH FX BID",389.75715194433,"Breached SLA"
"First  City Monument Bank","KACHASI v1.x","FC/11/08/0037","HIGH","Preneg Issue",4.3528783331858,"Within SLA"
"First  City Monument Bank","KACHASI v1.x","FC/06/08/0036","HIGH","FAILED CUSTOM DUTY PAYMENT",48.7945769444341,"Within SLA"
"First  City Monument Bank","KACHASI v1.x","FC/05/08/0035","CRITICAL","REQUEST FOR PRE-NEGOTIATION CHARGE BREAKDOWN MATCHING DEBIT PASSED TO CUSTOMER‚ÄôS NAIRA ACCOUNT",51.0493272221647,"Breached SLA"
"First  City Monument Bank","KACHASI v1.x","FC/01/08/0034","HIGH","FORM A VALIDATION",4.08397083333693,"Within SLA"
"First  City Monument Bank","KACHASI v1.x","FC/31/07/0033","HIGH","CUSTOM DUTY PAYMENT AUTHORIZATION FAILING",3.82183555554366,"Within SLA"
"First  City Monument Bank","KACHASI v1.x","FC/31/07/0032","HIGH","UNABLE TO FETCH FORM A NUMBER",26.6279769443208,"Within SLA"
"First  City Monument Bank","KACHASI v1.x","FC/28/07/0031","HIGH","UNABLE TO PROCESS BODOGWU CUSTOM DUTY""",78.6950405555544,"Breached SLA"
"First  City Monument Bank","KACHASI v1.x","FC/22/07/0030","HIGH","REQUEST FOR FX PURCHASES",5.7871022222098,"Within SLA"
"First  City Monument Bank","KACHASI v1.x","FC/21/07/0029","HIGH","INVALID SDG ERROR ON CUSTOM DUTY PAYMENT",30.3772386111086,"Within SLA"
"First  City Monument Bank","KACHASI v1.x","FC/17/07/0028","HIGH","INVALID SDG ERROR ON CUSTOM DUTY PAYMENT",22.018705833354,"Within SLA"
"First  City Monument Bank","KACHASI v1.x","FC/17/07/0009","HIGH","NESS Fee",145.835056111158,"Breached SLA"
"First  City Monument Bank","KACHASI v1.x","FC/16/07/0027","HIGH","FX Bid Request Issue",142.207920555607,"Breached SLA"
"First  City Monument Bank","KACHASI v1.x","FC/11/07/0026","HIGH","User unable to approve custom duty",0.455137777898926,"Within SLA"
"First  City Monument Bank","KACHASI v1.x","FC/11/07/0025","HIGH","Unable to create intervention account",243.29809138889,"Breached SLA"
"First  City Monument Bank","KACHASI v1.x","FC/09/07/0024","HIGH","ERROR ON TRADEX- PERFECT PACKAGING LTD-0728572011",52.9679644443677,"Within SLA"
"First  City Monument Bank","TENTACLES","FC/08/07/0023","CRITICAL","ISSUE WITH TSA/ TAXES",353.517105833336,"Breached SLA"
"First  City Monument Bank","KACHASI v1.x","FC/07/07/0022","HIGH","PRENEG CHALLENGE",210.692806666601,"Breached SLA"
"First  City Monument Bank","KACHASI v1.x","FC/04/07/0021","HIGH","Challenge on Pre neg",0.778645833372138,"Within SLA"
"First  City Monument Bank","TENTACLES","FC/01/07/0006","CRITICAL","DUPLICATE REMITTANCES FOR CUSTOM",73.0817133334349,"Breached SLA"
"First  City Monument Bank","KACHASI v1.x","FC/01/07/0020","HIGH","PRE-NEGOTIATION CHARGE BREAKDOWN",987.014975277765,"Breached SLA"
"First  City Monument Bank","KACHASI v1.x","FC/30/06/0019","CRITICAL","TSA ENCRYPTED REQ AND RESPONSE",1.1958586112014,"Within SLA"
"First  City Monument Bank","KACHASI v1.x","FC/26/06/0018","HIGH","Transaction DIDNt flow to swift",138.277369999909,"Breached SLA"
"First  City Monument Bank","TENTACLES","FC/25/06/0017","CRITICAL","Corebanking Service Is Not Coming Up",22.578882499889,"Within SLA"
"First  City Monument Bank","KACHASI v1.x","FC/24/06/0016","CRITICAL","OPEN SSL VULNERABILITY",4.48690472217277,"Within SLA"
"First  City Monument Bank","TENTACLES","FC/20/06/0015","CRITICAL","ISSUE WITH TRANSMITTING TRANSACTION",118.093363611144,"Breached SLA"
"First  City Monument Bank","KACHASI v1.x","FC/19/06/0014","HIGH","FORMS M CANCELLATION- CROWN FLOUR LIMITED",198.402688333299,"Breached SLA"
"First  City Monument Bank","TENTACLES","FC/16/06/0013","CRITICAL","ISSUE IS TOSSER ON TENTACLES",6.24881249992177,"Within SLA"
"First  City Monument Bank","TENTACLES","FC/16/06/0012","CRITICAL","AUTTOMATION OF NCS REST TO ALLOW TRANSACTION SIMULTANEOUSLY",893.168639166572,"Breached SLA"
"First  City Monument Bank","TENTACLES","FC/16/06/0011","CRITICAL","Bodogwu not getting new duty",9.02893194439821,"Within SLA"
"First  City Monument Bank","KACHASI v1.x","FC/16/06/0010","CRITICAL","PRENEG REPORT",6.31289916671813,"Within SLA"
"First  City Monument Bank","KACHASI v1.x","FC/16/06/0009","CRITICAL","DISCREPANCY IN BREAKDOWN FROM TRADEX AND NAIRA ACCOUNT DEBIT ABUJA STEEL MILLS LIMITED",52.9788905555033,"Breached SLA"
"First  City Monument Bank","KACHASI v1.x","FC/11/06/0008","CRITICAL","UNABLE TO APPROVE FORM A",46.2030125000747,"Breached SLA"
"First  City Monument Bank","TENTACLES","FC/11/06/0007","HIGH","ERROR HANDLING",50.8329230553936,"Within SLA"
"First  City Monument Bank","TENTACLES","FC/10/06/0005","HIGH","COREBANKING CHALLENGE ON TENTACLES",1.42335083341459,"Within SLA"
"First  City Monument Bank","KACHASI v1.x","FC/10/06/0004","HIGH","SECURITY REGISTER - Q1 2025 INTERNAL VAPT",193.398204444442,"Breached SLA"
"First  City Monument Bank","TENTACLES","FC/10/06/0003","CRITICAL","FAILED TO IMPORT CUSTOME DUTY FOR A65",5.72278194443788,"Within SLA"
"First  City Monument Bank","KACHASI v1.x","FC/05/06/0002","LOW","UNABLE TO TREAT CUSTOM DUTY",0.100096388894599,"Within SLA"
"First  City Monument Bank","KACHASI v1.x","FC/05/06/0001","LOW","UNABLE TO CASH BACK UNCONFIRMED LC",329.948928333353,"Breached SLA"
"First  City Monument Bank","TENTACLES","FC/05/06/0002","CRITICAL","INCLUSION OF OTHER PORTS ON NCS REST",3.98202444455819,"Within SLA"
"First  City Monument Bank","KACHASI v1.x","FC/05/06/0001","HIGH","FAILED FORM M REQUESTS ON KACHASI",7.69665166659979,"Within SLA"
"First  City Monument Bank","KACHASI v1.x","FC/TR/LIV/250029","HIGH","Unable to process form NXP",501.213551944471,"Breached SLA"
"First  City Monument Bank","TENTACLES","FC/TE/LIV/250001","HIGH","TENTACLES DOWNTIME",500.110310277727,"Breached SLA"
"First  City Monument Bank","KACHASI v1.x","FC/TR/LIV/250028","CRITICAL","Issues with LC",45.2585669444525,"Breached SLA"
"First  City Monument Bank","KACHASI v1.x","FC/TR/LIV/250027","HIGH","EMAIL ADDRESS REQUEST",1777.89389194432,"Breached SLA"
"First  City Monument Bank","KACHASI v1.x","FC/TR/LIV/250026","CRITICAL","CHALLENGE WITH LC FLOWS",5.86325222218875,"Within SLA"
"First  City Monument Bank","KACHASI v1.x","FC/TR/LIV/250025","HIGH","SWIFT ERROR ON KACHASI",2.43987861124333,"Within SLA"
"First  City Monument Bank","KACHASI v1.x","FC/TR/LIV/250024","HIGH","URGENT FIXES ON TRADE X (Fund Type Drop Menu)",1394.83576250001,"Breached SLA"
"First  City Monument Bank","KACHASI v1.x","FC/TR/LIV/250023","HIGH","UNABLE TO PRINT CUSTOM DUTY (b'ODOGWU)",2.86427194444695,"Within SLA"
"First  City Monument Bank","KACHASI v1.x","FC/TR/LIV/250022","HIGH","DISCREPANCY IN BREAKDOWN FROM TRADEX AND NAIRA ACCOUNT DEBIT",143.429532499867,"Breached SLA"
"First  City Monument Bank","KACHASI v1.x","FC/TR/LIV/250021","HIGH","NO REPORT FOR 04-04-2025 on TRADEX",39.2713094443898,"Within SLA"
"First  City Monument Bank","KACHASI v1.x","FC/TR/LIV/250020","HIGH","TLS 1.2 Implementation",2068.53452388884,"Breached SLA"
"First  City Monument Bank","KACHASI v1.x","FC/TR/LIV/250019","CRITICAL","UNABLE TO PAY FOR  eExcisePayment",1968.48800444452,"Breached SLA"
"First  City Monument Bank","KACHASI v1.x","FC/TR/LIV/250018","HIGH","NOTIFICATIONS NOT GOING OUT OF TRADEX",2739.03964888898,"Breached SLA"
"First  City Monument Bank","KACHASI v1.x","FC/TR/LIV/250016","LOW","FX Bids Batch Not Populating",147.985418333381,"Within SLA"
"First  City Monument Bank","KACHASI v1.x","FC/TR/LIV/250015","CRITICAL","ISSUE WITH LC AMENDMENT",1008.34571027773,"Breached SLA"
"First  City Monument Bank","KACHASI v1.x","FC/TR/LIV/250014","CRITICAL","TSA PAYMENT FAILURE",99.8318258334766,"Breached SLA"
"First  City Monument Bank","KACHASI v1.x","FC/TR/LIV/250013","LOW","DISCREPANCY IN BREAKDOWN FROM TRADEX AND NAIRA ACCOUNT",186.254793888889,"Within SLA"
"First  City Monument Bank","KACHASI v1.x","FC/TR/LIV/250012","MEDIUM","VIRAMSUN NIG LTD =====ACCOUNT NO. 3580283017",74.236337777751,"Within SLA"
"First  City Monument Bank","KACHASI v1.x","FC/TR/LIV/250011","HIGH","DISCREPANCY IN BREAKDOWN FROM TRADEX & NAIRA ACCOUNT DEBIT",3.94406861113384,"Within SLA"
"First  City Monument Bank","KACHASI v1.x","FC/TR/LIV/250010","CRITICAL","UNABLE TO COMPLETE PTA CREATION ON TRADEX",22.9054916667519,"Within SLA"
"First  City Monument Bank","KACHASI v1.x","FC/TR/LIV/250009","HIGH","ENQUIRY ON FX TRANSFER  AF20251427480",51.0612658333266,"Within SLA"
"First  City Monument Bank","KACHASI v1.x","FC/TR/LIV/250008","HIGH","PURCHASE OF FX ON FORM M NO. MF20250004233",93.1118361111148,"Breached SLA"
"First  City Monument Bank","KACHASI v1.x","FC/TR/LIV/250007","CRITICAL","Transaction Not Flowing on TSA",867.164298888878,"Breached SLA"
"First  City Monument Bank","KACHASI v1.x","FC/TR/LIV/250006","HIGH","ISSUES WITH ECD LODGEMENT",120.535228888853,"Breached SLA"
"First  City Monument Bank","KACHASI v1.x","FC/TR/LIV/250005","HIGH","TSA Issue",4.5660402776557,"Within SLA"
"First  City Monument Bank","KACHASI v1.x","FC/TR/LIV/250004","HIGH","FAILED FORM M REQUESTS ON KACHASI",29.1840977778775,"Within SLA"
"First  City Monument Bank","KACHASI v1.x","FC/TR/LIV/250003","MEDIUM","ERRORS ON KACHASI FOR PTA/BTA PROCESSING",288.102313055657,"Breached SLA"
"First  City Monument Bank","KACHASI v1.x","FC/TR/LIV/250002","MEDIUM","MISSING SWIFT MESSAGE - FCMB25LC00002",50.0251958331792,"Within SLA"
"First  City Monument Bank","KACHASI v1.x","FC/TR/LIV/250001","HIGH","Architecture Review for TradeX",458.001423055655,"Breached SLA"
"First  City Monument Bank","KACHASI v1.x","FC/12/12/0076","CRITICAL","Create Idris Adisa ON ISura",0.919549722166266,"Within SLA"
"First  City Monument Bank","KACHASI v1.x","FC/12/12/0075","HIGH","Pre-Charges Not taken",816.242169722216,"Breached SLA"
"First  City Monument Bank","KACHASI v1.x","FC/12/11/0074","HIGH","PENDING CUSTOM DUTY APPROVAL IFO 1023890781 ( 25423)",27.0630422221147,"Within SLA"
"First  City Monument Bank","KACHASI v1.x","FC/11/11/0073","CRITICAL","FAILED TRANSMISSION ON CUSTOM DUTY PAYMENT",46.1350302777719,"Breached SLA"
"First  City Monument Bank","KACHASI v1.x","FC/10/11/0071","HIGH","REQUEST FOR PRE-NEGOTIATION BREAKDWON",27.1674658333068,"Within SLA"
"First  City Monument Bank","KACHASI v1.x","FC/06/11/0070","CRITICAL","CUSTOM DUTY PAYMENT YET TO SETTLED",21.4195383331971,"Within SLA"
"First  City Monument Bank","KACHASI v1.x","FC/03/11/0069","CRITICAL","KACHASI SWIFT MANAGER ERROR",15.5845111111994,"Within SLA"
"First  City Monument Bank","KACHASI v1.x","FC/03/11/0068","HIGH","UNABLE TO GENERATE RECEIPT ON TRADEX",30.3312477779109,"Within SLA"
"First  City Monument Bank","KACHASI v1.x","FC/30/10/0067","HIGH","Pending Custom Duty Payment",16.9225080554606,"Within SLA"
"First  City Monument Bank","KACHASI v1.x","FC/22/10/0065","HIGH","EXCESS FX PURCHASE IFO PIVOT INTEGRATED ENERGY SERVICES LIMITED  LC WITH MAY ADD CLAUSE",24.179055277782,"Within SLA"
"First  City Monument Bank","KACHASI v1.x","FC/14/10/0064","CRITICAL","CUSTOM TRANSACTIONS YET TO BE TRANSIMITED 09-10-2025",27.3766611110768,"Breached SLA"
"First  City Monument Bank","KACHASI v1.x","FC/13/10/0063","CRITICAL","Finacle SSL Update",2.94053583336063,"Within SLA"
"First  City Monument Bank","KACHASI v1.x","FC/10/10/0062","HIGH","ROBUST INTERNATIONAL COMMODITIES LTD NXP XG202500214148606",68.9632677777554,"Within SLA"
"First  City Monument Bank","KACHASI v1.x","FC/09/10/0061","CRITICAL","LC Transaction Not Showing On Swift Outgoing Messages",6.9545630554785,"Within SLA"
"First  City Monument Bank","KACHASI v1.x","FC/08/10/0060","CRITICAL","TRANSMISSION OF FAILED CUSTOM DUTY PAYMENT",46.1104936109623,"Breached SLA"
"First  City Monument Bank","KACHASI v1.x","FC/03/10/0023","CRITICAL","Unable to access the report",0.807398333447054,"Within SLA"
"First  City Monument Bank","KACHASI v1.x","FC/02/10/0059","CRITICAL","Workflow Errors",7.63467000005767,"Within SLA"
"First  City Monument Bank","KACHASI v1.x","FC/02/10/0058","HIGH","UNSETTLED CUSTOM DUTY",23.6643569443258,"Within SLA"
"First  City Monument Bank","KACHASI v1.x","FC/30/09/0057","CRITICAL","SERVICE DEGRATION ON KACHASI",3.30818527779775,"Within SLA"
"First  City Monument Bank","KACHASI v1.x","FC/30/09/0056","CRITICAL","Unable to launch Tradex URL",5.27577555557946,"Within SLA"
"First  City Monument Bank","KACHASI v1.x","FC/29/09/0021","HIGH","FAILED REQUESTS ON KACHASI FOR FORMS M CANCELLATION",212.178965555504,"Breached SLA"
"First  City Monument Bank","KACHASI v1.x","FC/29/09/0055","HIGH","REPORT OF RECONCILIATION - OUTSTANDING TRADE OBLIGATION ON TAURUS OILA AND GAS LIMITED",70.4525322222034,"Within SLA"
"First  City Monument Bank","KACHASI v1.x","FC/26/09/0054","HIGH","PENDING CUSTOM DUTY APPROVAL IFO CHARDON GLOBAL SERVICES NIG",106.377771944564,"Breached SLA"
"First  City Monument Bank","KACHASI v1.x","FC/24/09/0053","HIGH","SETTLEMENT ISSUE ON COLLECTION ACCOUNT",175.925950000004,"Breached SLA"
"First  City Monument Bank","KACHASI v1.x","FC/24/09/0052","CRITICAL","CUSTOM DUTY PAYMENT:TAXES NOT TRANSMITTED",41.6313263888005,"Breached SLA"
"First  City Monument Bank","KACHASI v1.x","FC/10/09/0051","HIGH","KACHASI POSTING ERROR FCMB25LC00172",192.42551999999,"Breached SLA"
"First  City Monument Bank","KACHASI v1.x","FC/09/09/0019","HIGH","FX FUNDS TRANSFER- TRADE",3.26730694435537,"Within SLA"
"First  City Monument Bank","KACHASI v1.x","FC/09/09/0050","HIGH","REQUEST TO PURCHASE FX",20.0057597222622,"Within SLA"
"First  City Monument Bank","KACHASI v1.x","FC/03/09/0049","CRITICAL","RE: FCMB NXP - NESS Payment  01-09-2025",109.262032500061,"Breached SLA"
"First  City Monument Bank","KACHASI v1.x","FC/03/09/0048","CRITICAL","TRANSMISSION OF FAILED CUSTOM DUTY PAYMENT",209.858126666746,"Breached SLA"
"First  City Monument Bank","KACHASI v1.x","FC/03/09/0047","HIGH","DOUBLE DEBIT OF CUSTOMERS FOR CUSTOM DUTY PAYMENT",116.323728333344,"Breached SLA"
"First  City Monument Bank","KACHASI v1.x","FC/01/09/0046","HIGH","RE: DRAFT LC IRO MASTERSTROKES PACKAGES -- MF20250073374",19.835481944494,"Within SLA"
"First  City Monument Bank","KACHASI v1.x","FC/27/08/0045","HIGH","CANCELLED ASSESSMENTS",23.7785147221293,"Within SLA"
"First  City Monument Bank","KACHASI v1.x","FC/26/08/0044","HIGH","NXP Transaction not validating on the Portal",50.1819611111423,"Within SLA"
"First  City Monument Bank","KACHASI v1.x","FC/22/08/0043","CRITICAL","BACKEND CLOSURE OF THE LODGEMENT",168.636838333332,"Breached SLA"
"First  City Monument Bank","KACHASI v1.x","FC/22/08/0042","HIGH","KACHASI ERROR ON LODGMENT",4.29336638882523,"Within SLA"
"First  City Monument Bank","KACHASI v1.x","FC/21/08/0041","CRITICAL","KACHASI SWIFT MANAGER ERROR",23.1656255556154,"Within SLA"
"First  City Monument Bank","KACHASI v1.x","FC/20/08/0012","HIGH","Form A Number Not Populated",46.1522213889984,"Within SLA"
"First  City Monument Bank","KACHASI v1.x","FC/20/08/0040","HIGH","Iintervention Account Error",26.5852658333606,"Within SLA"
"First  City Monument Bank","KACHASI v1.x","FC/15/08/0039","HIGH","Custom Duty Receipts Not Printing",5.13206388900289,"Within SLA"
"First  City Monument Bank","KACHASI v1.x","FC/12/08/0038","CRITICAL","CHALLENEG WITH FX BID",389.75715194433,"Breached SLA"
"First  City Monument Bank","KACHASI v1.x","FC/11/08/0037","HIGH","Preneg Issue",4.3528783331858,"Within SLA"
"First  City Monument Bank","KACHASI v1.x","FC/06/08/0036","HIGH","FAILED CUSTOM DUTY PAYMENT",48.7945769444341,"Within SLA"
"First  City Monument Bank","KACHASI v1.x","FC/05/08/0035","CRITICAL","REQUEST FOR PRE-NEGOTIATION CHARGE BREAKDOWN MATCHING DEBIT PASSED TO CUSTOMER‚ÄôS NAIRA ACCOUNT",51.0493272221647,"Breached SLA"
"First  City Monument Bank","KACHASI v1.x","FC/01/08/0034","HIGH","FORM A VALIDATION",4.08397083333693,"Within SLA"
"First  City Monument Bank","KACHASI v1.x","FC/31/07/0033","HIGH","CUSTOM DUTY PAYMENT AUTHORIZATION FAILING",3.82183555554366,"Within SLA"
"First  City Monument Bank","KACHASI v1.x","FC/31/07/0032","HIGH","UNABLE TO FETCH FORM A NUMBER",26.6279769443208,"Within SLA"
"First  City Monument Bank","KACHASI v1.x","FC/28/07/0031","HIGH","UNABLE TO PROCESS BODOGWU CUSTOM DUTY""",78.6950405555544,"Breached SLA"
"First  City Monument Bank","KACHASI v1.x","FC/22/07/0030","HIGH","REQUEST FOR FX PURCHASES",5.7871022222098,"Within SLA"
"First  City Monument Bank","KACHASI v1.x","FC/21/07/0029","HIGH","INVALID SDG ERROR ON CUSTOM DUTY PAYMENT",30.3772386111086,"Within SLA"
"First  City Monument Bank","KACHASI v1.x","FC/17/07/0028","HIGH","INVALID SDG ERROR ON CUSTOM DUTY PAYMENT",22.018705833354,"Within SLA"
"First  City Monument Bank","KACHASI v1.x","FC/17/07/0009","HIGH","NESS Fee",145.835056111158,"Breached SLA"
"First  City Monument Bank","KACHASI v1.x","FC/16/07/0027","HIGH","FX Bid Request Issue",142.207920555607,"Breached SLA"
"First  City Monument Bank","KACHASI v1.x","FC/11/07/0026","HIGH","User unable to approve custom duty",0.455137777898926,"Within SLA"
"First  City Monument Bank","KACHASI v1.x","FC/11/07/0025","HIGH","Unable to create intervention account",243.29809138889,"Breached SLA"
"First  City Monument Bank","KACHASI v1.x","FC/09/07/0024","HIGH","ERROR ON TRADEX- PERFECT PACKAGING LTD-0728572011",52.9679644443677,"Within SLA"
"First  City Monument Bank","TENTACLES","FC/08/07/0023","CRITICAL","ISSUE WITH TSA/ TAXES",353.517105833336,"Breached SLA"
"First  City Monument Bank","KACHASI v1.x","FC/07/07/0022","HIGH","PRENEG CHALLENGE",210.692806666601,"Breached SLA"
"First  City Monument Bank","KACHASI v1.x","FC/04/07/0021","HIGH","Challenge on Pre neg",0.778645833372138,"Within SLA"
"First  City Monument Bank","TENTACLES","FC/01/07/0006","CRITICAL","DUPLICATE REMITTANCES FOR CUSTOM",73.0817133334349,"Breached SLA"
"First  City Monument Bank","KACHASI v1.x","FC/01/07/0020","HIGH","PRE-NEGOTIATION CHARGE BREAKDOWN",987.014975277765,"Breached SLA"
"First  City Monument Bank","KACHASI v1.x","FC/30/06/0019","CRITICAL","TSA ENCRYPTED REQ AND RESPONSE",1.1958586112014,"Within SLA"
"First  City Monument Bank","KACHASI v1.x","FC/26/06/0018","HIGH","Transaction DIDNt flow to swift",138.277369999909,"Breached SLA"
"First  City Monument Bank","TENTACLES","FC/25/06/0017","CRITICAL","Corebanking Service Is Not Coming Up",22.578882499889,"Within SLA"
"First  City Monument Bank","KACHASI v1.x","FC/24/06/0016","CRITICAL","OPEN SSL VULNERABILITY",4.48690472217277,"Within SLA"
"First  City Monument Bank","TENTACLES","FC/20/06/0015","CRITICAL","ISSUE WITH TRANSMITTING TRANSACTION",118.093363611144,"Breached SLA"
"First  City Monument Bank","KACHASI v1.x","FC/19/06/0014","HIGH","FORMS M CANCELLATION- CROWN FLOUR LIMITED",198.402688333299,"Breached SLA"
"First  City Monument Bank","TENTACLES","FC/16/06/0013","CRITICAL","ISSUE IS TOSSER ON TENTACLES",6.24881249992177,"Within SLA"
"First  City Monument Bank","TENTACLES","FC/16/06/0012","CRITICAL","AUTTOMATION OF NCS REST TO ALLOW TRANSACTION SIMULTANEOUSLY",893.168639166572,"Breached SLA"
"First  City Monument Bank","TENTACLES","FC/16/06/0011","CRITICAL","Bodogwu not getting new duty",9.02893194439821,"Within SLA"
"First  City Monument Bank","KACHASI v1.x","FC/16/06/0010","CRITICAL","PRENEG REPORT",6.31289916671813,"Within SLA"
"First  City Monument Bank","KACHASI v1.x","FC/16/06/0009","CRITICAL","DISCREPANCY IN BREAKDOWN FROM TRADEX AND NAIRA ACCOUNT DEBIT ABUJA STEEL MILLS LIMITED",52.9788905555033,"Breached SLA"
"First  City Monument Bank","KACHASI v1.x","FC/11/06/0008","CRITICAL","UNABLE TO APPROVE FORM A",46.2030125000747,"Breached SLA"
"First  City Monument Bank","TENTACLES","FC/11/06/0007","HIGH","ERROR HANDLING",50.8329230553936,"Within SLA"
"First  City Monument Bank","TENTACLES","FC/10/06/0005","HIGH","COREBANKING CHALLENGE ON TENTACLES",1.42335083341459,"Within SLA"
"First  City Monument Bank","KACHASI v1.x","FC/10/06/0004","HIGH","SECURITY REGISTER - Q1 2025 INTERNAL VAPT",193.398204444442,"Breached SLA"
"First  City Monument Bank","TENTACLES","FC/10/06/0003","CRITICAL","FAILED TO IMPORT CUSTOME DUTY FOR A65",5.72278194443788,"Within SLA"
"First  City Monument Bank","KACHASI v1.x","FC/05/06/0002","LOW","UNABLE TO TREAT CUSTOM DUTY",0.100096388894599,"Within SLA"
"First  City Monument Bank","KACHASI v1.x","FC/05/06/0001","LOW","UNABLE TO CASH BACK UNCONFIRMED LC",329.948928333353,"Breached SLA"
"First  City Monument Bank","TENTACLES","FC/05/06/0002","CRITICAL","INCLUSION OF OTHER PORTS ON NCS REST",3.98202444455819,"Within SLA"
"First  City Monument Bank","KACHASI v1.x","FC/05/06/0001","HIGH","FAILED FORM M REQUESTS ON KACHASI",7.69665166659979,"Within SLA"
"First  City Monument Bank","KACHASI v1.x","FC/TR/LIV/250029","HIGH","Unable to process form NXP",501.213551944471,"Breached SLA"
"First  City Monument Bank","TENTACLES","FC/TE/LIV/250001","HIGH","TENTACLES DOWNTIME",500.110310277727,"Breached SLA"
"First  City Monument Bank","KACHASI v1.x","FC/TR/LIV/250028","CRITICAL","Issues with LC",45.2585669444525,"Breached SLA"
"First  City Monument Bank","KACHASI v1.x","FC/TR/LIV/250027","HIGH","EMAIL ADDRESS REQUEST",1777.89389194432,"Breached SLA"
"First  City Monument Bank","KACHASI v1.x","FC/TR/LIV/250026","CRITICAL","CHALLENGE WITH LC FLOWS",5.86325222218875,"Within SLA"
"First  City Monument Bank","KACHASI v1.x","FC/TR/LIV/250025","HIGH","SWIFT ERROR ON KACHASI",2.43987861124333,"Within SLA"
"First  City Monument Bank","KACHASI v1.x","FC/TR/LIV/250024","HIGH","URGENT FIXES ON TRADE X (Fund Type Drop Menu)",1394.83576250001,"Breached SLA"
"First  City Monument Bank","KACHASI v1.x","FC/TR/LIV/250023","HIGH","UNABLE TO PRINT CUSTOM DUTY (b'ODOGWU)",2.86427194444695,"Within SLA"
"First  City Monument Bank","KACHASI v1.x","FC/TR/LIV/250022","HIGH","DISCREPANCY IN BREAKDOWN FROM TRADEX AND NAIRA ACCOUNT DEBIT",143.429532499867,"Breached SLA"
"First  City Monument Bank","KACHASI v1.x","FC/TR/LIV/250021","HIGH","NO REPORT FOR 04-04-2025 on TRADEX",39.2713094443898,"Within SLA"
"First  City Monument Bank","KACHASI v1.x","FC/TR/LIV/250020","HIGH","TLS 1.2 Implementation",2068.53452388884,"Breached SLA"
"First  City Monument Bank","KACHASI v1.x","FC/TR/LIV/250019","CRITICAL","UNABLE TO PAY FOR  eExcisePayment",1968.48800444452,"Breached SLA"
"First  City Monument Bank","KACHASI v1.x","FC/TR/LIV/250018","HIGH","NOTIFICATIONS NOT GOING OUT OF TRADEX",2739.03964888898,"Breached SLA"
"First  City Monument Bank","KACHASI v1.x","FC/TR/LIV/250016","LOW","FX Bids Batch Not Populating",147.985418333381,"Within SLA"
"First  City Monument Bank","KACHASI v1.x","FC/TR/LIV/250015","CRITICAL","ISSUE WITH LC AMENDMENT",1008.34571027773,"Breached SLA"
"First  City Monument Bank","KACHASI v1.x","FC/TR/LIV/250014","CRITICAL","TSA PAYMENT FAILURE",99.8318258334766,"Breached SLA"
"First  City Monument Bank","KACHASI v1.x","FC/TR/LIV/250013","LOW","DISCREPANCY IN BREAKDOWN FROM TRADEX AND NAIRA ACCOUNT",186.254793888889,"Within SLA"
"First  City Monument Bank","KACHASI v1.x","FC/TR/LIV/250012","MEDIUM","VIRAMSUN NIG LTD =====ACCOUNT NO. 3580283017",74.236337777751,"Within SLA"
"First  City Monument Bank","KACHASI v1.x","FC/TR/LIV/250011","HIGH","DISCREPANCY IN BREAKDOWN FROM TRADEX & NAIRA ACCOUNT DEBIT",3.94406861113384,"Within SLA"
"First  City Monument Bank","KACHASI v1.x","FC/TR/LIV/250010","CRITICAL","UNABLE TO COMPLETE PTA CREATION ON TRADEX",22.9054916667519,"Within SLA"
"First  City Monument Bank","KACHASI v1.x","FC/TR/LIV/250009","HIGH","ENQUIRY ON FX TRANSFER  AF20251427480",51.0612658333266,"Within SLA"
"First  City Monument Bank","KACHASI v1.x","FC/TR/LIV/250008","HIGH","PURCHASE OF FX ON FORM M NO. MF20250004233",93.1118361111148,"Breached SLA"
"First  City Monument Bank","KACHASI v1.x","FC/TR/LIV/250007","CRITICAL","Transaction Not Flowing on TSA",867.164298888878,"Breached SLA"
"First  City Monument Bank","KACHASI v1.x","FC/TR/LIV/250006","HIGH","ISSUES WITH ECD LODGEMENT",120.535228888853,"Breached SLA"
"First  City Monument Bank","KACHASI v1.x","FC/TR/LIV/250005","HIGH","TSA Issue",4.5660402776557,"Within SLA"
"First  City Monument Bank","KACHASI v1.x","FC/TR/LIV/250004","HIGH","FAILED FORM M REQUESTS ON KACHASI",29.1840977778775,"Within SLA"
"First  City Monument Bank","KACHASI v1.x","FC/TR/LIV/250003","MEDIUM","ERRORS ON KACHASI FOR PTA/BTA PROCESSING",288.102313055657,"Breached SLA"
"First  City Monument Bank","KACHASI v1.x","FC/TR/LIV/250002","MEDIUM","MISSING SWIFT MESSAGE - FCMB25LC00002",50.0251958331792,"Within SLA"
"First  City Monument Bank","KACHASI v1.x","FC/TR/LIV/250001","HIGH","Architecture Review for TradeX",458.001423055655,"Breached SLA"
"First  City Monument Bank","KACHASI v1.x","FC/12/12/0076","CRITICAL","Create Idris Adisa ON ISura",0.919549722166266,"Within SLA"
"First  City Monument Bank","KACHASI v1.x","FC/12/12/0075","HIGH","Pre-Charges Not taken",816.242169722216,"Breached SLA"
"First  City Monument Bank","KACHASI v1.x","FC/12/11/0074","HIGH","PENDING CUSTOM DUTY APPROVAL IFO 1023890781 ( 25423)",27.0630422221147,"Within SLA"
"First  City Monument Bank","KACHASI v1.x","FC/11/11/0073","CRITICAL","FAILED TRANSMISSION ON CUSTOM DUTY PAYMENT",46.1350302777719,"Breached SLA"
"First  City Monument Bank","KACHASI v1.x","FC/10/11/0071","HIGH","REQUEST FOR PRE-NEGOTIATION BREAKDWON",27.1674658333068,"Within SLA"
"First  City Monument Bank","KACHASI v1.x","FC/06/11/0070","CRITICAL","CUSTOM DUTY PAYMENT YET TO SETTLED",21.4195383331971,"Within SLA"
"First  City Monument Bank","KACHASI v1.x","FC/03/11/0069","CRITICAL","KACHASI SWIFT MANAGER ERROR",15.5845111111994,"Within SLA"
"First  City Monument Bank","KACHASI v1.x","FC/03/11/0068","HIGH","UNABLE TO GENERATE RECEIPT ON TRADEX",30.3312477779109,"Within SLA"
"First  City Monument Bank","KACHASI v1.x","FC/30/10/0067","HIGH","Pending Custom Duty Payment",16.9225080554606,"Within SLA"
"First  City Monument Bank","KACHASI v1.x","FC/22/10/0065","HIGH","EXCESS FX PURCHASE IFO PIVOT INTEGRATED ENERGY SERVICES LIMITED  LC WITH MAY ADD CLAUSE",24.179055277782,"Within SLA"
"First  City Monument Bank","KACHASI v1.x","FC/14/10/0064","CRITICAL","CUSTOM TRANSACTIONS YET TO BE TRANSIMITED 09-10-2025",27.3766611110768,"Breached SLA"
"First  City Monument Bank","KACHASI v1.x","FC/13/10/0063","CRITICAL","Finacle SSL Update",2.94053583336063,"Within SLA"
"First  City Monument Bank","KACHASI v1.x","FC/10/10/0062","HIGH","ROBUST INTERNATIONAL COMMODITIES LTD NXP XG202500214148606",68.9632677777554,"Within SLA"
"First  City Monument Bank","KACHASI v1.x","FC/09/10/0061","CRITICAL","LC Transaction Not Showing On Swift Outgoing Messages",6.9545630554785,"Within SLA"
"First  City Monument Bank","KACHASI v1.x","FC/08/10/0060","CRITICAL","TRANSMISSION OF FAILED CUSTOM DUTY PAYMENT",46.1104936109623,"Breached SLA"
"First  City Monument Bank","KACHASI v1.x","FC/03/10/0023","CRITICAL","Unable to access the report",0.807398333447054,"Within SLA"
"First  City Monument Bank","KACHASI v1.x","FC/02/10/0059","CRITICAL","Workflow Errors",7.63467000005767,"Within SLA"
"First  City Monument Bank","KACHASI v1.x","FC/02/10/0058","HIGH","UNSETTLED CUSTOM DUTY",23.6643569443258,"Within SLA"
"First  City Monument Bank","KACHASI v1.x","FC/30/09/0057","CRITICAL","SERVICE DEGRATION ON KACHASI",3.30818527779775,"Within SLA"
"First  City Monument Bank","KACHASI v1.x","FC/30/09/0056","CRITICAL","Unable to launch Tradex URL",5.27577555557946,"Within SLA"
"First  City Monument Bank","KACHASI v1.x","FC/29/09/0021","HIGH","FAILED REQUESTS ON KACHASI FOR FORMS M CANCELLATION",212.178965555504,"Breached SLA"
"First  City Monument Bank","KACHASI v1.x","FC/29/09/0055","HIGH","REPORT OF RECONCILIATION - OUTSTANDING TRADE OBLIGATION ON TAURUS OILA AND GAS LIMITED",70.4525322222034,"Within SLA"
"First  City Monument Bank","KACHASI v1.x","FC/26/09/0054","HIGH","PENDING CUSTOM DUTY APPROVAL IFO CHARDON GLOBAL SERVICES NIG",106.377771944564,"Breached SLA"
"First  City Monument Bank","KACHASI v1.x","FC/24/09/0053","HIGH","SETTLEMENT ISSUE ON COLLECTION ACCOUNT",175.925950000004,"Breached SLA"
"First  City Monument Bank","KACHASI v1.x","FC/24/09/0052","CRITICAL","CUSTOM DUTY PAYMENT:TAXES NOT TRANSMITTED",41.6313263888005,"Breached SLA"
"First  City Monument Bank","KACHASI v1.x","FC/10/09/0051","HIGH","KACHASI POSTING ERROR FCMB25LC00172",192.42551999999,"Breached SLA"
"First  City Monument Bank","KACHASI v1.x","FC/09/09/0019","HIGH","FX FUNDS TRANSFER- TRADE",3.26730694435537,"Within SLA"
"First  City Monument Bank","KACHASI v1.x","FC/09/09/0050","HIGH","REQUEST TO PURCHASE FX",20.0057597222622,"Within SLA"
"First  City Monument Bank","KACHASI v1.x","FC/03/09/0049","CRITICAL","RE: FCMB NXP - NESS Payment  01-09-2025",109.262032500061,"Breached SLA"
"First  City Monument Bank","KACHASI v1.x","FC/03/09/0048","CRITICAL","TRANSMISSION OF FAILED CUSTOM DUTY PAYMENT",209.858126666746,"Breached SLA"
"First  City Monument Bank","KACHASI v1.x","FC/03/09/0047","HIGH","DOUBLE DEBIT OF CUSTOMERS FOR CUSTOM DUTY PAYMENT",116.323728333344,"Breached SLA"
"First  City Monument Bank","KACHASI v1.x","FC/01/09/0046","HIGH","RE: DRAFT LC IRO MASTERSTROKES PACKAGES -- MF20250073374",19.835481944494,"Within SLA"
"First  City Monument Bank","KACHASI v1.x","FC/27/08/0045","HIGH","CANCELLED ASSESSMENTS",23.7785147221293,"Within SLA"
"First  City Monument Bank","KACHASI v1.x","FC/26/08/0044","HIGH","NXP Transaction not validating on the Portal",50.1819611111423,"Within SLA"
"First  City Monument Bank","KACHASI v1.x","FC/22/08/0043","CRITICAL","BACKEND CLOSURE OF THE LODGEMENT",168.636838333332,"Breached SLA"
"First  City Monument Bank","KACHASI v1.x","FC/22/08/0042","HIGH","KACHASI ERROR ON LODGMENT",4.29336638882523,"Within SLA"
"First  City Monument Bank","KACHASI v1.x","FC/21/08/0041","CRITICAL","KACHASI SWIFT MANAGER ERROR",23.1656255556154,"Within SLA"
"First  City Monument Bank","KACHASI v1.x","FC/20/08/0012","HIGH","Form A Number Not Populated",46.1522213889984,"Within SLA"
"First  City Monument Bank","KACHASI v1.x","FC/20/08/0040","HIGH","Iintervention Account Error",26.5852658333606,"Within SLA"
"First  City Monument Bank","KACHASI v1.x","FC/15/08/0039","HIGH","Custom Duty Receipts Not Printing",5.13206388900289,"Within SLA"
"First  City Monument Bank","KACHASI v1.x","FC/12/08/0038","CRITICAL","CHALLENEG WITH FX BID",389.75715194433,"Breached SLA"
"First  City Monument Bank","KACHASI v1.x","FC/11/08/0037","HIGH","Preneg Issue",4.3528783331858,"Within SLA"
"First  City Monument Bank","KACHASI v1.x","FC/06/08/0036","HIGH","FAILED CUSTOM DUTY PAYMENT",48.7945769444341,"Within SLA"
"First  City Monument Bank","KACHASI v1.x","FC/05/08/0035","CRITICAL","REQUEST FOR PRE-NEGOTIATION CHARGE BREAKDOWN MATCHING DEBIT PASSED TO CUSTOMER‚ÄôS NAIRA ACCOUNT",51.0493272221647,"Breached SLA"
"First  City Monument Bank","KACHASI v1.x","FC/01/08/0034","HIGH","FORM A VALIDATION",4.08397083333693,"Within SLA"
"First  City Monument Bank","KACHASI v1.x","FC/31/07/0033","HIGH","CUSTOM DUTY PAYMENT AUTHORIZATION FAILING",3.82183555554366,"Within SLA"
"First  City Monument Bank","KACHASI v1.x","FC/31/07/0032","HIGH","UNABLE TO FETCH FORM A NUMBER",26.6279769443208,"Within SLA"
"First  City Monument Bank","KACHASI v1.x","FC/28/07/0031","HIGH","UNABLE TO PROCESS BODOGWU CUSTOM DUTY""",78.6950405555544,"Breached SLA"
"First  City Monument Bank","KACHASI v1.x","FC/22/07/0030","HIGH","REQUEST FOR FX PURCHASES",5.7871022222098,"Within SLA"
"First  City Monument Bank","KACHASI v1.x","FC/21/07/0029","HIGH","INVALID SDG ERROR ON CUSTOM DUTY PAYMENT",30.3772386111086,"Within SLA"
"First  City Monument Bank","KACHASI v1.x","FC/17/07/0028","HIGH","INVALID SDG ERROR ON CUSTOM DUTY PAYMENT",22.018705833354,"Within SLA"
"First  City Monument Bank","KACHASI v1.x","FC/17/07/0009","HIGH","NESS Fee",145.835056111158,"Breached SLA"
"First  City Monument Bank","KACHASI v1.x","FC/16/07/0027","HIGH","FX Bid Request Issue",142.207920555607,"Breached SLA"
"First  City Monument Bank","KACHASI v1.x","FC/11/07/0026","HIGH","User unable to approve custom duty",0.455137777898926,"Within SLA"
"First  City Monument Bank","KACHASI v1.x","FC/11/07/0025","HIGH","Unable to create intervention account",243.29809138889,"Breached SLA"
"First  City Monument Bank","KACHASI v1.x","FC/09/07/0024","HIGH","ERROR ON TRADEX- PERFECT PACKAGING LTD-0728572011",52.9679644443677,"Within SLA"
"First  City Monument Bank","TENTACLES","FC/08/07/0023","CRITICAL","ISSUE WITH TSA/ TAXES",353.517105833336,"Breached SLA"
"First  City Monument Bank","KACHASI v1.x","FC/07/07/0022","HIGH","PRENEG CHALLENGE",210.692806666601,"Breached SLA"
"First  City Monument Bank","KACHASI v1.x","FC/04/07/0021","HIGH","Challenge on Pre neg",0.778645833372138,"Within SLA"
"First  City Monument Bank","TENTACLES","FC/01/07/0006","CRITICAL","DUPLICATE REMITTANCES FOR CUSTOM",73.0817133334349,"Breached SLA"
"First  City Monument Bank","KACHASI v1.x","FC/01/07/0020","HIGH","PRE-NEGOTIATION CHARGE BREAKDOWN",987.014975277765,"Breached SLA"
"First  City Monument Bank","KACHASI v1.x","FC/30/06/0019","CRITICAL","TSA ENCRYPTED REQ AND RESPONSE",1.1958586112014,"Within SLA"
"First  City Monument Bank","KACHASI v1.x","FC/26/06/0018","HIGH","Transaction DIDNt flow to swift",138.277369999909,"Breached SLA"
"First  City Monument Bank","TENTACLES","FC/25/06/0017","CRITICAL","Corebanking Service Is Not Coming Up",22.578882499889,"Within SLA"
"First  City Monument Bank","KACHASI v1.x","FC/24/06/0016","CRITICAL","OPEN SSL VULNERABILITY",4.48690472217277,"Within SLA"
"First  City Monument Bank","TENTACLES","FC/20/06/0015","CRITICAL","ISSUE WITH TRANSMITTING TRANSACTION",118.093363611144,"Breached SLA"
"First  City Monument Bank","KACHASI v1.x","FC/19/06/0014","HIGH","FORMS M CANCELLATION- CROWN FLOUR LIMITED",198.402688333299,"Breached SLA"
"First  City Monument Bank","TENTACLES","FC/16/06/0013","CRITICAL","ISSUE IS TOSSER ON TENTACLES",6.24881249992177,"Within SLA"
"First  City Monument Bank","TENTACLES","FC/16/06/0012","CRITICAL","AUTTOMATION OF NCS REST TO ALLOW TRANSACTION SIMULTANEOUSLY",893.168639166572,"Breached SLA"
"First  City Monument Bank","TENTACLES","FC/16/06/0011","CRITICAL","Bodogwu not getting new duty",9.02893194439821,"Within SLA"
"First  City Monument Bank","KACHASI v1.x","FC/16/06/0010","CRITICAL","PRENEG REPORT",6.31289916671813,"Within SLA"
"First  City Monument Bank","KACHASI v1.x","FC/16/06/0009","CRITICAL","DISCREPANCY IN BREAKDOWN FROM TRADEX AND NAIRA ACCOUNT DEBIT ABUJA STEEL MILLS LIMITED",52.9788905555033,"Breached SLA"
"First  City Monument Bank","KACHASI v1.x","FC/11/06/0008","CRITICAL","UNABLE TO APPROVE FORM A",46.2030125000747,"Breached SLA"
"First  City Monument Bank","TENTACLES","FC/11/06/0007","HIGH","ERROR HANDLING",50.8329230553936,"Within SLA"
"First  City Monument Bank","TENTACLES","FC/10/06/0005","HIGH","COREBANKING CHALLENGE ON TENTACLES",1.42335083341459,"Within SLA"
"First  City Monument Bank","KACHASI v1.x","FC/10/06/0004","HIGH","SECURITY REGISTER - Q1 2025 INTERNAL VAPT",193.398204444442,"Breached SLA"
"First  City Monument Bank","TENTACLES","FC/10/06/0003","CRITICAL","FAILED TO IMPORT CUSTOME DUTY FOR A65",5.72278194443788,"Within SLA"
"First  City Monument Bank","KACHASI v1.x","FC/05/06/0002","LOW","UNABLE TO TREAT CUSTOM DUTY",0.100096388894599,"Within SLA"
"First  City Monument Bank","KACHASI v1.x","FC/05/06/0001","LOW","UNABLE TO CASH BACK UNCONFIRMED LC",329.948928333353,"Breached SLA"
"First  City Monument Bank","TENTACLES","FC/05/06/0002","CRITICAL","INCLUSION OF OTHER PORTS ON NCS REST",3.98202444455819,"Within SLA"
"First  City Monument Bank","KACHASI v1.x","FC/05/06/0001","HIGH","FAILED FORM M REQUESTS ON KACHASI",7.69665166659979,"Within SLA"
"First  City Monument Bank","KACHASI v1.x","FC/TR/LIV/250029","HIGH","Unable to process form NXP",501.213551944471,"Breached SLA"
"First  City Monument Bank","TENTACLES","FC/TE/LIV/250001","HIGH","TENTACLES DOWNTIME",500.110310277727,"Breached SLA"
"First  City Monument Bank","KACHASI v1.x","FC/TR/LIV/250028","CRITICAL","Issues with LC",45.2585669444525,"Breached SLA"
"First  City Monument Bank","KACHASI v1.x","FC/TR/LIV/250027","HIGH","EMAIL ADDRESS REQUEST",1777.89389194432,"Breached SLA"
"First  City Monument Bank","KACHASI v1.x","FC/TR/LIV/250026","CRITICAL","CHALLENGE WITH LC FLOWS",5.86325222218875,"Within SLA"
"First  City Monument Bank","KACHASI v1.x","FC/TR/LIV/250025","HIGH","SWIFT ERROR ON KACHASI",2.43987861124333,"Within SLA"
"First  City Monument Bank","KACHASI v1.x","FC/TR/LIV/250024","HIGH","URGENT FIXES ON TRADE X (Fund Type Drop Menu)",1394.83576250001,"Breached SLA"
"First  City Monument Bank","KACHASI v1.x","FC/TR/LIV/250023","HIGH","UNABLE TO PRINT CUSTOM DUTY (b'ODOGWU)",2.86427194444695,"Within SLA"
"First  City Monument Bank","KACHASI v1.x","FC/TR/LIV/250022","HIGH","DISCREPANCY IN BREAKDOWN FROM TRADEX AND NAIRA ACCOUNT DEBIT",143.429532499867,"Breached SLA"
"First  City Monument Bank","KACHASI v1.x","FC/TR/LIV/250021","HIGH","NO REPORT FOR 04-04-2025 on TRADEX",39.2713094443898,"Within SLA"
"First  City Monument Bank","KACHASI v1.x","FC/TR/LIV/250020","HIGH","TLS 1.2 Implementation",2068.53452388884,"Breached SLA"
"First  City Monument Bank","KACHASI v1.x","FC/TR/LIV/250019","CRITICAL","UNABLE TO PAY FOR  eExcisePayment",1968.48800444452,"Breached SLA"
"First  City Monument Bank","KACHASI v1.x","FC/TR/LIV/250018","HIGH","NOTIFICATIONS NOT GOING OUT OF TRADEX",2739.03964888898,"Breached SLA"
"First  City Monument Bank","KACHASI v1.x","FC/TR/LIV/250016","LOW","FX Bids Batch Not Populating",147.985418333381,"Within SLA"
"First  City Monument Bank","KACHASI v1.x","FC/TR/LIV/250015","CRITICAL","ISSUE WITH LC AMENDMENT",1008.34571027773,"Breached SLA"
"First  City Monument Bank","KACHASI v1.x","FC/TR/LIV/250014","CRITICAL","TSA PAYMENT FAILURE",99.8318258334766,"Breached SLA"
"First  City Monument Bank","KACHASI v1.x","FC/TR/LIV/250013","LOW","DISCREPANCY IN BREAKDOWN FROM TRADEX AND NAIRA ACCOUNT",186.254793888889,"Within SLA"
"First  City Monument Bank","KACHASI v1.x","FC/TR/LIV/250012","MEDIUM","VIRAMSUN NIG LTD =====ACCOUNT NO. 3580283017",74.236337777751,"Within SLA"
"First  City Monument Bank","KACHASI v1.x","FC/TR/LIV/250011","HIGH","DISCREPANCY IN BREAKDOWN FROM TRADEX & NAIRA ACCOUNT DEBIT",3.94406861113384,"Within SLA"
"First  City Monument Bank","KACHASI v1.x","FC/TR/LIV/250010","CRITICAL","UNABLE TO COMPLETE PTA CREATION ON TRADEX",22.9054916667519,"Within SLA"
"First  City Monument Bank","KACHASI v1.x","FC/TR/LIV/250009","HIGH","ENQUIRY ON FX TRANSFER  AF20251427480",51.0612658333266,"Within SLA"
"First  City Monument Bank","KACHASI v1.x","FC/TR/LIV/250008","HIGH","PURCHASE OF FX ON FORM M NO. MF20250004233",93.1118361111148,"Breached SLA"
"First  City Monument Bank","KACHASI v1.x","FC/TR/LIV/250007","CRITICAL","Transaction Not Flowing on TSA",867.164298888878,"Breached SLA"
"First  City Monument Bank","KACHASI v1.x","FC/TR/LIV/250006","HIGH","ISSUES WITH ECD LODGEMENT",120.535228888853,"Breached SLA"
"First  City Monument Bank","KACHASI v1.x","FC/TR/LIV/250005","HIGH","TSA Issue",4.5660402776557,"Within SLA"
"First  City Monument Bank","KACHASI v1.x","FC/TR/LIV/250004","HIGH","FAILED FORM M REQUESTS ON KACHASI",29.1840977778775,"Within SLA"
"First  City Monument Bank","KACHASI v1.x","FC/TR/LIV/250003","MEDIUM","ERRORS ON KACHASI FOR PTA/BTA PROCESSING",288.102313055657,"Breached SLA"
"First  City Monument Bank","KACHASI v1.x","FC/TR/LIV/250002","MEDIUM","MISSING SWIFT MESSAGE - FCMB25LC00002",50.0251958331792,"Within SLA"
"First  City Monument Bank","KACHASI v1.x","FC/TR/LIV/250001","HIGH","Architecture Review for TradeX",458.001423055655,"Breached SLA"
"Stanbic IBTC","DATASTORE","SI/14/11/0007","LOW","ISSUE ON INDEXING STUDIO",72.6896663888474,"Within SLA"
"Stanbic IBTC","DATASTORE","SI/17/09/0006","LOW","Reporting for count of number of pages on Central Archives data definitions",142.106139999989,"Within SLA"
"Stanbic IBTC","DATASTORE","SI/27/08/0005","MEDIUM","SSL Configuration for the Endpoint",1460.61923416669,"Breached SLA"
"Stanbic IBTC","DATASTORE","SI/26/08/0004","CRITICAL","VULNERABILITIES IDENTIFIED ON DATASTORE",379.006181388977,"Breached SLA"
"Stanbic IBTC","DATASTORE","SI/22/08/0003","MEDIUM","MISSING INDEXES ON DATASTORE DB",644.412037777773,"Breached SLA"
"Stanbic IBTC","DATASTORE","SI/04/07/0002","MEDIUM","INFRASTRUCTURE UPGRADE SPECIFICATION",788.97309305548,"Breached SLA"
"Stanbic IBTC","DATASTORE","SI/18/06/0001","HIGH","SLOWNESS BEING EXPERIENCED FOR POST API CALLS",1657.17438500002,"Breached SLA"
"Stanbic IBTC","DATASTORE","SI/14/11/0007","LOW","ISSUE ON INDEXING STUDIO",72.6896663888474,"Within SLA"
"Stanbic IBTC","DATASTORE","SI/17/09/0006","LOW","Reporting for count of number of pages on Central Archives data definitions",142.106139999989,"Within SLA"
"Stanbic IBTC","DATASTORE","SI/27/08/0005","MEDIUM","SSL Configuration for the Endpoint",1460.61923416669,"Breached SLA"
"Stanbic IBTC","DATASTORE","SI/26/08/0004","CRITICAL","VULNERABILITIES IDENTIFIED ON DATASTORE",379.006181388977,"Breached SLA"
"Stanbic IBTC","DATASTORE","SI/22/08/0003","MEDIUM","MISSING INDEXES ON DATASTORE DB",644.412037777773,"Breached SLA"
"Stanbic IBTC","DATASTORE","SI/04/07/0002","MEDIUM","INFRASTRUCTURE UPGRADE SPECIFICATION",788.97309305548,"Breached SLA"
"Stanbic IBTC","DATASTORE","SI/18/06/0001","HIGH","SLOWNESS BEING EXPERIENCED FOR POST API CALLS",1657.17438500002,"Breached SLA"
"Stanbic IBTC","DATASTORE","SI/14/11/0007","LOW","ISSUE ON INDEXING STUDIO",72.6896663888474,"Within SLA"
"Stanbic IBTC","DATASTORE","SI/17/09/0006","LOW","Reporting for count of number of pages on Central Archives data definitions",142.106139999989,"Within SLA"
"Stanbic IBTC","DATASTORE","SI/27/08/0005","MEDIUM","SSL Configuration for the Endpoint",1460.61923416669,"Breached SLA"
"Stanbic IBTC","DATASTORE","SI/26/08/0004","CRITICAL","VULNERABILITIES IDENTIFIED ON DATASTORE",379.006181388977,"Breached SLA"
"Stanbic IBTC","DATASTORE","SI/22/08/0003","MEDIUM","MISSING INDEXES ON DATASTORE DB",644.412037777773,"Breached SLA"
"Stanbic IBTC","DATASTORE","SI/04/07/0002","MEDIUM","INFRASTRUCTURE UPGRADE SPECIFICATION",788.97309305548,"Breached SLA"
"Stanbic IBTC","DATASTORE","SI/18/06/0001","HIGH","SLOWNESS BEING EXPERIENCED FOR POST API CALLS",1657.17438500002,"Breached SLA"
"Wema Bank","TENTACLES","WB/15/12/0058","HIGH","Email Notification",72.325262499915,"Breached SLA"
"Wema Bank","KACHASI v2.x","WB/10/12/0057","HIGH","Unable to submit Draft",27.595461666584,"Within SLA"
"Wema Bank","KACHASI v2.x","WB/03/12/0056","MEDIUM","CASH BACK SETUP FOR ZENITH BANK",50.4513102777419,"Within SLA"
"Wema Bank","KACHASI v2.x","WB/03/12/0055","MEDIUM","REQUEST FOR SUPPORT - NOFICATIONS NOT WORKING FOR MILESTONES SET",3049.55033611116,"Breached SLA"
"Wema Bank","KACHASI v2.x","WB/03/12/0054","MEDIUM","REQUEST FOR SUPPORT - FORM M NOT PUPULATING FOR LC",25.7030988889164,"Within SLA"
"Wema Bank","KACHASI v2.x","WB/02/12/0053","HIGH","SCREATION OF ZENITH BANK EURO CLEANLINE UTILIZATION",22.9847469444503,"Within SLA"
"Wema Bank","KACHASI v2.x","WB/28/11/0052","MEDIUM","SUPPORT REQUEST-LC ERROR",70.4091080555809,"Within SLA"
"Wema Bank","KACHASI v2.x","WB/27/11/0051","MEDIUM","request for support- add account for new swift code",98.4908075000276,"Within SLA"
"Wema Bank","KACHASI v2.x","WB/26/11/0050","HIGH","ALAT FOR BUSINESS TRANSACTIONS NOT FLOWING INTO KACHASI",120.720911111101,"Breached SLA"
"Wema Bank","KACHASI v2.x","WB/25/11/0049","HIGH","REQUEST FOR SUPPORT - UNABLE TO CHARGE O FORM M",5.11624555557501,"Within SLA"
"Wema Bank","KACHASI v2.x","WB/24/11/0048","HIGH","Active mq failed to start up",47.6742777776672,"Within SLA"
"Wema Bank","TENTACLES","WB/20/11/0047","HIGH","REQUEST FOR SUPPORT - UNABLE TO PULL IN FORM Ms",123.479789166595,"Breached SLA"
"Wema Bank","KACHASI v2.x","WB/20/11/0046","MEDIUM","REQUEST FOR SUPPORT - CREATION OF ZENITH BANK UK USD CLEANLINE UTILIZATION",123.497359722212,"Breached SLA"
"Wema Bank","KACHASI v2.x","WB/14/11/0045","HIGH","creation of Account",268.754303055641,"Breached SLA"
"Wema Bank","KACHASI v2.x","WB/13/11/0044","MEDIUM","CUSTOMER ACCOUNT STATUS CLOSED",122.451445277897,"Breached SLA"
"Wema Bank","KACHASI v2.x","WB/13/11/0043","HIGH","REQUEST FOR SUP[PRT - LC PROCESSING CHALLNEGE",2.51918638881762,"Within SLA"
"Wema Bank","KACHASI v2.x","WB/13/11/0042","MEDIUM","LC PROCESSING ISSUE",0.750938055629376,"Within SLA"
"Wema Bank","TENTACLES","WB/09/11/0041","MEDIUM","REQUEST FPR SUPPORT - PULL IN FORM Ms PRE- BODOGWU INTERGRATION",377.879531110986,"Breached SLA"
"Wema Bank","KACHASI v2.x","WB/31/10/0040","HIGH","UNABLE TO PULL / REJECT NCX",100.893436388928,"Breached SLA"
"Wema Bank","KACHASI v2.x","WB/31/10/0039","MEDIUM","UNABLE TO PROCESS FORM MS",101.796410555486,"Within SLA"
"Wema Bank","KACHASI v2.x","WB/29/10/0038","HIGH","REQUEST FOR SUPPORT - LOBS FILE SHRINK",41.6801350000896,"Within SLA"
"Wema Bank","KACHASI v2.x","WB/24/10/0037","MEDIUM","UNABLE TO REJECT NCX AND NXP",2.10945583332796,"Within SLA"
"Wema Bank","KACHASI v2.x","WB/23/10/0036","MEDIUM","REQUEST FRO SUPPORT - CHARGES NOT TAKE ON FORM M",1.4573280554032,"Within SLA"
"Wema Bank","KACHASI v2.x","WB/14/10/0035","MEDIUM","REQUEST FOR SUPPORT - POSTING FOR JP MORGAN",3000.29217361123,"Breached SLA"
"Wema Bank","KACHASI v2.x","WB/07/10/0034","HIGH","Report for Transactions flowing from Alat for business",497.807131388923,"Breached SLA"
"Wema Bank","KACHASI v2.x","WB/30/09/0022","HIGH","Trade Help Desk role on Kachasi",45.2098233332508,"Within SLA"
"Wema Bank","KACHASI v2.x","WB/30/09/0033","HIGH","OTP Page is not coming up",0.400023055553902,"Within SLA"
"Wema Bank","KACHASI v2.x","WB/15/09/0032","HIGH","Multiple debits on Swift outgoing and multipl debits for incoming swift",1601.87765222217,"Breached SLA"
"Wema Bank","KACHASI v2.x","WB/12/09/0031","MEDIUM","INABILITY TO REJECT NXP",2.90534361120081,"Within SLA"
"Wema Bank","KACHASI v2.x","WB/08/09/0030","HIGH","SWIFT INFLOW NOT GENERATING ICP NUMBER 8224500246JO",70.993101944332,"Within SLA"
"Wema Bank","KACHASI v2.x","WB/08/09/0029","MEDIUM","ERROR APPROVING NXP",4.61953638884006,"Within SLA"
"Wema Bank","KACHASI v2.x","WB/28/08/0028","MEDIUM","BSUNESS SUPPORT REQUIRED- RELATED FORM M",2.10813583340496,"Within SLA"
"Wema Bank","KACHASI v2.x","WB/27/08/0027","HIGH","Bills Of Collection",22.9319366666023,"Within SLA"
"Wema Bank","KACHASI v2.x","WB/15/08/0026","HIGH","OCP TRANSACTIONS NOT REFLECTING ON KACHASI",143.600772222213,"Breached SLA"
"Wema Bank","KACHASI v2.x","WB/13/08/0025","HIGH","MX CONVERSION",2394.60982611106,"Breached SLA"
"Wema Bank","KACHASI v2.x","WB/13/08/0024","MEDIUM","CHANGE OF NARRATION FOR AMENDMENTS INVOLVING LC",26.7767538889311,"Within SLA"
"Wema Bank","KACHASI v2.x","WB/01/08/0022","HIGH","Post Neg Counterparty Account",1.18956749991048,"Within SLA"
"Wema Bank","TENTACLES","WB/30/07/0021","HIGH","REQUEST FOR SUPPORT - NXPs NOT FETCHING",146.810607500025,"Breached SLA"
"Wema Bank","KACHASI v2.x","WB/29/07/0020","MEDIUM","REQUEST FOR SUPPORT - PROCESSING DEPLOYED 202COV",70.1698183332919,"Within SLA"
"Wema Bank","KACHASI v2.x","WB/29/07/0019","HIGH","Currency not reflecting to initiate a swift message",4.86147250008071,"Within SLA"
"Wema Bank","TENTACLES","WB/18/07/0017","MEDIUM","UNABLE TO FETCH NXP ON KACHASI - XF2025156824 XF2025156830 XF2025156836",51.1370533332811,"Within SLA"
"Wema Bank","KACHASI v2.x","WB/18/07/0015","HIGH","Unable to attach documents on Kachasi UAT",146.594524722314,"Breached SLA"
"Wema Bank","KACHASI v2.x","WB/17/07/0014","MEDIUM","REJECTED TRANSACTION STILL ON KACHASI",0.188244722143281,"Within SLA"
"Wema Bank","KACHASI v2.x","WB/17/07/0013","MEDIUM","UNABLE TO FETCH NXP ON KACHASI - XF2025156733",0.32221777777886,"Within SLA"
"Wema Bank","KACHASI v2.x","WB/14/07/0012","HIGH","NXP ref now reflecting on Kachasi(XG202500035143183)",165.365730277786,"Breached SLA"
"Wema Bank","KACHASI v2.x","WB/14/07/0011","MEDIUM","REQUEST FOR SUPPORT - POST NEG ISSUE",6.42879194451962,"Within SLA"
"Wema Bank","KACHASI v2.x","WB/10/07/0010","MEDIUM","Unable to debit customer on Kachasi",28.2381719444529,"Within SLA"
"Wema Bank","KACHASI v2.x","WB/07/07/0009","MEDIUM","REQUEST FOR SUPPORT - MODIFICATION OF COMMISSION AND VAT ENTERIES FROM BRANCH TRANSIT TO BRANCH INCOME",47.2575983331772,"Within SLA"
"Wema Bank","KACHASI v2.x","WB/07/07/0008","MEDIUM","REQUEST FOR DEPLOYMENT",95.2417388887843,"Within SLA"
"Wema Bank","KACHASI v2.x","WB/03/07/0007","MEDIUM","TEST WEB PLATFORM NOT UP",2.01978416671045,"Within SLA"
"Wema Bank","KACHASI v2.x","WB/26/06/0006","MEDIUM","ERROR APPROVING SWIFT INFLOW",118.495431111194,"Within SLA"
"Wema Bank","KACHASI v2.x","WB/19/06/0005","HIGH","TRANASCTIONS ON QUEUE NOT POPULATING POSTING ENTRIES",24.0530347221647,"Within SLA"
"Wema Bank","KACHASI v2.x","WB/16/06/0004","HIGH","ONBOARDING OF NEW CORRESPONDENT BANK ON KACHASI",50.2970616667299,"Within SLA"
"Wema Bank","KACHASI v2.x","WB/13/06/0003","MEDIUM","MISSING ITEMS ON WORKFLOW",1.30845416674856,"Within SLA"
"Wema Bank","KACHASI v2.x","WB/10/06/0005","HIGH","LC CHARGE UPDATE",5.51421750005102,"Within SLA"
"Wema Bank","KACHASI v2.x","WB/05/06/0002","MEDIUM","FIXED TO BE MADE ON NXP",4051.53068083338,"Breached SLA"
"Wema Bank","KACHASI v2.x","WB/05/06/0001","HIGH","INFLOW REPORTS NOT UPTO DATE",1.74563527770806,"Within SLA"
"Wema Bank","KACHASI v2.x","WB/KA/LIV/250053","HIGH","Unable to submit LC Transaction (DRAFT01262)",1.35658611101098,"Within SLA"
"Wema Bank","KACHASI v2.x","WB/KA/LIV/250052","HIGH","NXP APPROVED BUT SHOWING INACTIVE ON INSTRUMENT",45.2797563888598,"Within SLA"
"Wema Bank","KACHASI v2.x","WB/KA/LIV/250051","CRITICAL","FORM M NOT ON KACHASI AT THE POINT OF LOGING DRAFT FOR LC",22.9325641666073,"Within SLA"
"Wema Bank","KACHASI v2.x","WB/KA/LIV/250050","MEDIUM","LC Expiry Notifications",333.413777499867,"Breached SLA"
"Wema Bank","KACHASI v2.x","WB/KA/LIV/250049","MEDIUM","FORM M WITH UNCLEAR STATUS",6.29956583323656,"Within SLA"
"Wema Bank","KACHASI v2.x","WB/KA/LIV/250048","HIGH","ACTIVATION OF SWIFT MX MESSAGES ON KACHASI",337.680867222254,"Breached SLA"
"Wema Bank","KACHASI v2.x","WB/KA/LIV/250047","HIGH","NXP CHARGE NOT DEBITED FOR XG202500035138291",64.8054491665098,"Within SLA"
"Wema Bank","KACHASI v2.x","WB/KA/LIV/250046","MEDIUM","customer credit limit",5.11634555569617,"Within SLA"
"Wema Bank","KACHASI v2.x","WB/KA/LIV/250044","MEDIUM","Transaction not reflecting on reviewer's queue",21.0282313889475,"Within SLA"
"Wema Bank","KACHASI v2.x","WB/KA/LIV/250043","MEDIUM","NO CHARGES TAKEN FOR FORM Ms",53.9569786112406,"Within SLA"
"Wema Bank","KACHASI v2.x","WB/KA/LIV/250042","CRITICAL","UNABLE TO PULL FORM-M INTO KACHASI MF20250031740",6.31716916663572,"Within SLA"
"Wema Bank","KACHASI v2.x","WB/KA/LIV/250041","MEDIUM","INVALID CHARACTER POSITION",2.81203194439877,"Within SLA"
"Wema Bank","KACHASI v2.x","WB/KA/LIV/250040","CRITICAL","FORM MS NOT DEBITED ON KACHASI AND IT IS ACTIVE",3.40810944442637,"Within SLA"
"Wema Bank","KACHASI v2.x","WB/KA/LIV/250039","CRITICAL","FORM M SHOWNG INACTIVE ON INSTRUMENT ON KACHASI",20.7361599999131,"Within SLA"
"Wema Bank","KACHASI v2.x","WB/KA/LIV/250038","CRITICAL","NXP REJECTED ON KACHASI",5.93549833347788,"Within SLA"
"Wema Bank","KACHASI v2.x","WB/KA/LIV/250037","CRITICAL","NXP WHEN REJECTED ON KACHASI WILL ONLY IMPACT ON TRMS",5.97518472222146,"Within SLA"
"Wema Bank","KACHASI v2.x","WB/KA/LIV/250036","CRITICAL","ADD CURRENCY AED  TO KACHASI TO ENABLE US PULL MF20250028800",1.79321583348792,"Within SLA"
"Wema Bank","KACHASI v2.x","WB/KA/LIV/250034","CRITICAL","UNABLE TO REJECT NXP TRANSACTION",120.11269666662,"Breached SLA"
"Wema Bank","KACHASI v2.x","WB/KA/LIV/250033","MEDIUM","LC Establishments Draft Number Not Changing to LC Ref at F47",219.105493333249,"Breached SLA"
"Wema Bank","KACHASI v2.x","WB/KA/LIV/250031","CRITICAL","UPDATED FORM M REGISTER ON KACHASI",97.9682169443113,"Breached SLA"
"Wema Bank","KACHASI v2.x","WB/KA/LIV/250030","CRITICAL","ENDORSEMENT AND RELEASE OF SHIPPING DOCUMENTS IFO......",22.5236366667668,"Within SLA"
"Wema Bank","KACHASI v2.x","WB/KA/LIV/250029","HIGH","UNABLE TO PULL FORM-M INTO KACHASI",23.8292941666441,"Within SLA"
"Wema Bank","KACHASI v2.x","WB/KA/LIV/250028","HIGH","VISIBLE TRANSFER OPTION NOT WORKING - OUTWARD FX",1.70765472220955,"Within SLA"
"Wema Bank","KACHASI v2.x","WB/KA/LIV/250027","HIGH","Mapping of columns to account numbers for Kachasi report",3.69068888900802,"Within SLA"
"Wema Bank","KACHASI v2.x","WB/KA/LIV/250026","HIGH","Email Notification on Due BC, Expired BL, Expired Form M",2379.97930611111,"Breached SLA"
"Wema Bank","KACHASI v2.x","WB/KA/LIV/250025","CRITICAL","Implementation of New USD Offshore Charges on Kachasi",53.4607883332064,"Breached SLA"
"Wema Bank","KACHASI v2.x","WB/KA/LIV/250024","HIGH","Unable to approve nxp",0.373175277665723,"Within SLA"
"Wema Bank","TENTACLES","WB/TE/LIV/250001","HIGH","Tentacles Downtime",0.616262499941513,"Within SLA"
"Wema Bank","KACHASI v2.x","WB/KA/LIV/250023","CRITICAL","AUTOMATION OF NXP REPORTING TEMPLATE AND CERTIFICATION",2707.20945138886,"Breached SLA"
"Wema Bank","KACHASI v2.x","WB/KA/LIV/250022","HIGH","CNY ERROR ON KACHASI",1.08449666661909,"Within SLA"
"Wema Bank","KACHASI v2.x","WB/KA/LIV/250021","HIGH","Forms M not reflecting after been pulled in Manually.",1.11153333331458,"Within SLA"
"Wema Bank","KACHASI v2.x","WB/KA/LIV/250020","HIGH","Unable to initiate LC transaction",1.52688250009669,"Within SLA"
"Wema Bank","KACHASI v2.x","WB/KA/LIV/250018","HIGH","INTEREST PAYMENT NOT SHOWING ON SUMMARY PAGE",3.7537780557177,"Within SLA"
"Wema Bank","KACHASI v2.x","WB/KA/LIV/250017","CRITICAL","CERTIFICATION OF NXP ON KACHASI",142.505886388826,"Breached SLA"
"Wema Bank","KACHASI v2.x","WB/KA/LIV/250016","CRITICAL","RE: BLANK FORM-M ON KACHASI WORKFLOW FOR MF20250006044",22.8140583332861,"Within SLA"
"Wema Bank","KACHASI v2.x","WB/KA/LIV/250015","CRITICAL","UNABLE TO PULL FORM-M INTO KACHASI",22.6031236110139,"Within SLA"
"Wema Bank","KACHASI v2.x","WB/KA/LIV/250013","HIGH","Transaction not reflecting",16.5624825000996,"Within SLA"
"Wema Bank","KACHASI v2.x","WB/KA/LIV/250011","CRITICAL","BLANK FORM-M ON KACHASI WORKFLOW FOR MF20250006044",96.753395277774,"Breached SLA"
"Wema Bank","KACHASI v2.x","WB/KA/LIV/250008","HIGH","Unable to fetch NXPs",2.19392444455298,"Within SLA"
"Coronation Merchant Bank","KACHASI v1.x","CM/26/11/0032","HIGH","MULTIPLE DEBITS ON NXP CHARGE",215.25131166674,"Breached SLA"
"Coronation Merchant Bank","KACHASI v1.x","CM/24/11/0031","HIGH","UNABLE TO COLLECT CHARGE ON FORM M",4.37015666667139,"Within SLA"
"Coronation Merchant Bank","KACHASI v1.x","CM/24/11/0030","HIGH","UNABLE TO ISSUE LC",21.1130205554073,"Within SLA"
"Coronation Merchant Bank","KACHASI v1.x","CM/31/10/0029","CRITICAL","UNABLE TO LOGIN TO KACHASI",1.51161777775269,"Within SLA"
"Coronation Merchant Bank","KACHASI v1.x","CM/28/10/0028","HIGH","INTEREST STILL ACCRUING ON LIQUIDATED LOAN",190.737363055581,"Breached SLA"
"Coronation Merchant Bank","KACHASI v1.x","CM/08/10/0027","HIGH","Report - Expired Letters of Credits",136.012061111222,"Breached SLA"
"Coronation Merchant Bank","KACHASI v1.x","CM/30/09/0026","HIGH","OUTGOING MESSAGES",1.78691916674143,"Within SLA"
"Coronation Merchant Bank","KACHASI v1.x","CM/26/09/0025","CRITICAL","INTEREST STOPPED ACCRUING",148.436646111135,"Breached SLA"
"Coronation Merchant Bank","KACHASI v1.x","CM/25/09/0024","HIGH","UNABLE TO LODGE DOCUMENT",282.958421111223,"Breached SLA"
"Coronation Merchant Bank","KACHASI v1.x","CM/16/09/0023","HIGH","DUTY P;AYMENT ERROR",46.2336277778959,"Within SLA"
"Coronation Merchant Bank","KACHASI v1.x","CM/11/09/0022","MEDIUM","SWIFT DETAILS",361.466594444413,"Breached SLA"
"Coronation Merchant Bank","KACHASI v1.x","CM/09/09/0021","MEDIUM","INTEREST STOPPED ACCRUING ON KACHASI",43.5334736110526,"Within SLA"
"Coronation Merchant Bank","KACHASI v1.x","CM/26/08/0020","HIGH","INCORRECT LOAN STATUS",17.9191205556854,"Within SLA"
"Coronation Merchant Bank","KACHASI v1.x","CM/26/08/0019","HIGH","UNABLE TO EXTEND LOAN",176.58441444434,"Breached SLA"
"Coronation Merchant Bank","KACHASI v1.x","CM/26/08/0018","HIGH","MULTIPLE INTEREST ACCRUAL",24.9595586110954,"Within SLA"
"Coronation Merchant Bank","KACHASI v1.x","CM/12/08/0017","HIGH","UNABLE TO START UP NCS-REST",0.758095000055619,"Within SLA"
"Coronation Merchant Bank","KACHASI v1.x","CM/07/08/0016","HIGH","UNABLE TO ACCESS FORM A MODULE",26.5095538889291,"Within SLA"
"Coronation Merchant Bank","KACHASI v1.x","CM/05/08/0015","MEDIUM","ISSUE ON LC",17.4355680556619,"Within SLA"
"Coronation Merchant Bank","KACHASI v1.x","CM/04/08/0014","MEDIUM","INTEREST STOPS ACCRUING ON KACHASI",23.2672455555294,"Within SLA"
"Coronation Merchant Bank","KACHASI v1.x","CM/29/07/0013","HIGH","UNABLE TO LODGE DOCUMENT",56.345322222216,"Within SLA"
"Coronation Merchant Bank","KACHASI v1.x","CM/23/07/0012","HIGH","INTEREST ACCRUNING WRONGLY",191.087155277899,"Breached SLA"
"Coronation Merchant Bank","KACHASI v1.x","CM/22/07/0011","CRITICAL","UNABLE TO DEBIT CUSTOMER ACCOUNT",1.05235833325423,"Within SLA"
"Coronation Merchant Bank","KACHASI v1.x","CM/22/07/0010","HIGH","LC PROCESSING",1.65376916667446,"Within SLA"
"Coronation Merchant Bank","KACHASI v1.x","CM/16/07/0009","MEDIUM","INTEREST STILL ACCRUING ON THE OLD INTEREST RATE",218.500110277673,"Breached SLA"
"Coronation Merchant Bank","KACHASI v1.x","CM/09/07/0008","MEDIUM","UNABLE TO FETCH ASSESSMENT DETAILS FROM NCS-REST",18.5104474999825,"Within SLA"
"Coronation Merchant Bank","KACHASI v1.x","CM/07/07/0007","MEDIUM","LOAN EXTENSION ISSUES",549.816955277638,"Breached SLA"
"Coronation Merchant Bank","KACHASI v1.x","CM/25/06/0006","MEDIUM","INCOMPLETE VALUES ON FORM M CREATION",197.91586333327,"Breached SLA"
"Coronation Merchant Bank","KACHASI v1.x","CM/24/06/0005","HIGH","Urgent: Continuous Transaction Posting to Finacle Core Application",164.965313055553,"Breached SLA"
"Coronation Merchant Bank","KACHASI v1.x","CM/24/06/0004","MEDIUM","UNABLE TREAT DUTY ON KACHASI",23.6758144445485,"Within SLA"
"Coronation Merchant Bank","KACHASI v1.x","CM/23/06/0003","MEDIUM","UNABLE TO SUBMIT SUCCESSFULLY",261.512227222323,"Breached SLA"
"Coronation Merchant Bank","KACHASI v1.x","CM/16/06/0002","HIGH","UPDATE BODOGWU INTEGRATION",2262.53533722233,"Breached SLA"
"Coronation Merchant Bank","KACHASI v1.x","CM/04/06/0001","MEDIUM","UNABLE TO LODGE DOCUMENT ON KACHASI",365.067184444517,"Breached SLA"
"Coronation Merchant Bank","KACHASI v1.x","CM/TR/LIV/250024","HIGH","DELAYED FORM M DEBIT",827.416452222154,"Breached SLA"
"Coronation Merchant Bank","KACHASI v1.x","CM/TR/LIV/250023","CRITICAL","MANUAL CREATION OF FORM  M",49.8107358333073,"Breached SLA"
"Coronation Merchant Bank","KACHASI v1.x","CM/TR/LIV/250022","HIGH","UNABLE TO IMPORT NXP",3.12934361107182,"Within SLA"
"Coronation Merchant Bank","KACHASI v1.x","CM/TR/LIV/250021","MEDIUM","UNABLE TO GENERATE RECEIPT ON  KACHASI",6.65670027775923,"Within SLA"
"Coronation Merchant Bank","KACHASI v1.x","CM/TR/LIV/250019","MEDIUM","DUTY NOT IMPACTING THE RESPECTIVE GLs",125.782073333336,"Breached SLA"
"Coronation Merchant Bank","KACHASI v1.x","CM/TR/LIV/250018","HIGH","UNABLE TO GENERATE RECEIPT",4.30084805551451,"Within SLA"
"Coronation Merchant Bank","KACHASI v1.x","CM/TR/LIV/250017","HIGH","SWIFT MESSAGES NOT DROPPING",5.28848222218221,"Within SLA"
"Coronation Merchant Bank","KACHASI v1.x","CM/TR/LIV/250016","MEDIUM","CEDAR SWIFT DATE UPDATE",21.0051033332711,"Within SLA"
"Coronation Merchant Bank","KACHASI v1.x","CM/TR/LIV/250015","MEDIUM","UNABLE TO PRINT RECEIPT",2.54418333334615,"Within SLA"
"Coronation Merchant Bank","KACHASI v1.x","CM/TR/LIV/250014","MEDIUM","UNABLE TO AMEND AMOUNT",101.154903611052,"Within SLA"
"Coronation Merchant Bank","KACHASI v1.x","CM/TR/LIV/250012","MEDIUM","IMPORT DUTY",6.31601000006776,"Within SLA"
"Coronation Merchant Bank","KACHASI v1.x","CM/TR/LIV/250011","MEDIUM","ISSUE ON REFINANCING",20.0641422222834,"Within SLA"
"Coronation Merchant Bank","KACHASI v1.x","CM/TR/LIV/250010","MEDIUM","USER ADMIN LIST",0.196596111170948,"Within SLA"
"Coronation Merchant Bank","KACHASI v1.x","CM/TR/LIV/250009","MEDIUM","INCONSISTENT DATA",68.5266938888817,"Within SLA"
"Coronation Merchant Bank","KACHASI v1.x","CM/TR/LIV/250008","MEDIUM","DUTY PAYMENT INSTRUCTION LETTER",5.6601944444119,"Within SLA"
"Coronation Merchant Bank","KACHASI v1.x","CM/TR/LIV/250007","MEDIUM","FAILURE IN LIQUIDATION",21.6037858332857,"Within SLA"
"Coronation Merchant Bank","KACHASI v1.x","CM/TR/LIV/250004","MEDIUM","INTEREST ACCRUING ON TWO DIFFERENT INTEREST RATES",456.162733888894,"Breached SLA"
"Coronation Merchant Bank","KACHASI v1.x","CM/TR/LIV/250003","MEDIUM","IMPORT LC EXPIRY",45.9678963889601,"Within SLA"
"Coronation Merchant Bank","KACHASI v1.x","CM/TR/LIV/250002","HIGH","INTEREST ACCRUING ON DIFFERENT RATES",173.205461666628,"Breached SLA"
"Coronation Merchant Bank","KACHASI v1.x","CM/TR/LIV/250001","HIGH","MATURED LOAN STILL SHOWING ACCRUING AS STATUS",48.9748552777455,"Within SLA"
"Wema Bank","TENTACLES","WB/15/12/0058","HIGH","Email Notification",72.325262499915,"Breached SLA"
"Wema Bank","KACHASI v2.x","WB/10/12/0057","HIGH","Unable to submit Draft",27.595461666584,"Within SLA"
"Wema Bank","KACHASI v2.x","WB/03/12/0056","MEDIUM","CASH BACK SETUP FOR ZENITH BANK",50.4513102777419,"Within SLA"
"Wema Bank","KACHASI v2.x","WB/03/12/0055","MEDIUM","REQUEST FOR SUPPORT - NOFICATIONS NOT WORKING FOR MILESTONES SET",3049.55033611116,"Breached SLA"
"Wema Bank","KACHASI v2.x","WB/03/12/0054","MEDIUM","REQUEST FOR SUPPORT - FORM M NOT PUPULATING FOR LC",25.7030988889164,"Within SLA"
"Wema Bank","KACHASI v2.x","WB/02/12/0053","HIGH","SCREATION OF ZENITH BANK EURO CLEANLINE UTILIZATION",22.9847469444503,"Within SLA"
"Wema Bank","KACHASI v2.x","WB/28/11/0052","MEDIUM","SUPPORT REQUEST-LC ERROR",70.4091080555809,"Within SLA"
"Wema Bank","KACHASI v2.x","WB/27/11/0051","MEDIUM","request for support- add account for new swift code",98.4908075000276,"Within SLA"
"Wema Bank","KACHASI v2.x","WB/26/11/0050","HIGH","ALAT FOR BUSINESS TRANSACTIONS NOT FLOWING INTO KACHASI",120.720911111101,"Breached SLA"
"Wema Bank","KACHASI v2.x","WB/25/11/0049","HIGH","REQUEST FOR SUPPORT - UNABLE TO CHARGE O FORM M",5.11624555557501,"Within SLA"
"Wema Bank","KACHASI v2.x","WB/24/11/0048","HIGH","Active mq failed to start up",47.6742777776672,"Within SLA"
"Wema Bank","TENTACLES","WB/20/11/0047","HIGH","REQUEST FOR SUPPORT - UNABLE TO PULL IN FORM Ms",123.479789166595,"Breached SLA"
"Wema Bank","KACHASI v2.x","WB/20/11/0046","MEDIUM","REQUEST FOR SUPPORT - CREATION OF ZENITH BANK UK USD CLEANLINE UTILIZATION",123.497359722212,"Breached SLA"
"Wema Bank","KACHASI v2.x","WB/14/11/0045","HIGH","creation of Account",268.754303055641,"Breached SLA"
"Wema Bank","KACHASI v2.x","WB/13/11/0044","MEDIUM","CUSTOMER ACCOUNT STATUS CLOSED",122.451445277897,"Breached SLA"
"Wema Bank","KACHASI v2.x","WB/13/11/0043","HIGH","REQUEST FOR SUP[PRT - LC PROCESSING CHALLNEGE",2.51918638881762,"Within SLA"
"Wema Bank","KACHASI v2.x","WB/13/11/0042","MEDIUM","LC PROCESSING ISSUE",0.750938055629376,"Within SLA"
"Wema Bank","TENTACLES","WB/09/11/0041","MEDIUM","REQUEST FPR SUPPORT - PULL IN FORM Ms PRE- BODOGWU INTERGRATION",377.879531110986,"Breached SLA"
"Wema Bank","KACHASI v2.x","WB/31/10/0040","HIGH","UNABLE TO PULL / REJECT NCX",100.893436388928,"Breached SLA"
"Wema Bank","KACHASI v2.x","WB/31/10/0039","MEDIUM","UNABLE TO PROCESS FORM MS",101.796410555486,"Within SLA"
"Wema Bank","KACHASI v2.x","WB/29/10/0038","HIGH","REQUEST FOR SUPPORT - LOBS FILE SHRINK",41.6801350000896,"Within SLA"
"Wema Bank","KACHASI v2.x","WB/24/10/0037","MEDIUM","UNABLE TO REJECT NCX AND NXP",2.10945583332796,"Within SLA"
"Wema Bank","KACHASI v2.x","WB/23/10/0036","MEDIUM","REQUEST FRO SUPPORT - CHARGES NOT TAKE ON FORM M",1.4573280554032,"Within SLA"
"Wema Bank","KACHASI v2.x","WB/14/10/0035","MEDIUM","REQUEST FOR SUPPORT - POSTING FOR JP MORGAN",3000.29217361123,"Breached SLA"
"Wema Bank","KACHASI v2.x","WB/07/10/0034","HIGH","Report for Transactions flowing from Alat for business",497.807131388923,"Breached SLA"
"Wema Bank","KACHASI v2.x","WB/30/09/0022","HIGH","Trade Help Desk role on Kachasi",45.2098233332508,"Within SLA"
"Wema Bank","KACHASI v2.x","WB/30/09/0033","HIGH","OTP Page is not coming up",0.400023055553902,"Within SLA"
"Wema Bank","KACHASI v2.x","WB/15/09/0032","HIGH","Multiple debits on Swift outgoing and multipl debits for incoming swift",1601.87765222217,"Breached SLA"
"Wema Bank","KACHASI v2.x","WB/12/09/0031","MEDIUM","INABILITY TO REJECT NXP",2.90534361120081,"Within SLA"
"Wema Bank","KACHASI v2.x","WB/08/09/0030","HIGH","SWIFT INFLOW NOT GENERATING ICP NUMBER 8224500246JO",70.993101944332,"Within SLA"
"Wema Bank","KACHASI v2.x","WB/08/09/0029","MEDIUM","ERROR APPROVING NXP",4.61953638884006,"Within SLA"
"Wema Bank","KACHASI v2.x","WB/28/08/0028","MEDIUM","BSUNESS SUPPORT REQUIRED- RELATED FORM M",2.10813583340496,"Within SLA"
"Wema Bank","KACHASI v2.x","WB/27/08/0027","HIGH","Bills Of Collection",22.9319366666023,"Within SLA"
"Wema Bank","KACHASI v2.x","WB/15/08/0026","HIGH","OCP TRANSACTIONS NOT REFLECTING ON KACHASI",143.600772222213,"Breached SLA"
"Wema Bank","KACHASI v2.x","WB/13/08/0025","HIGH","MX CONVERSION",2394.60982611106,"Breached SLA"
"Wema Bank","KACHASI v2.x","WB/13/08/0024","MEDIUM","CHANGE OF NARRATION FOR AMENDMENTS INVOLVING LC",26.7767538889311,"Within SLA"
"Wema Bank","KACHASI v2.x","WB/01/08/0022","HIGH","Post Neg Counterparty Account",1.18956749991048,"Within SLA"
"Wema Bank","TENTACLES","WB/30/07/0021","HIGH","REQUEST FOR SUPPORT - NXPs NOT FETCHING",146.810607500025,"Breached SLA"
"Wema Bank","KACHASI v2.x","WB/29/07/0020","MEDIUM","REQUEST FOR SUPPORT - PROCESSING DEPLOYED 202COV",70.1698183332919,"Within SLA"
"Wema Bank","KACHASI v2.x","WB/29/07/0019","HIGH","Currency not reflecting to initiate a swift message",4.86147250008071,"Within SLA"
"Wema Bank","TENTACLES","WB/18/07/0017","MEDIUM","UNABLE TO FETCH NXP ON KACHASI - XF2025156824 XF2025156830 XF2025156836",51.1370533332811,"Within SLA"
"Wema Bank","KACHASI v2.x","WB/18/07/0015","HIGH","Unable to attach documents on Kachasi UAT",146.594524722314,"Breached SLA"
"Wema Bank","KACHASI v2.x","WB/17/07/0014","MEDIUM","REJECTED TRANSACTION STILL ON KACHASI",0.188244722143281,"Within SLA"
"Wema Bank","KACHASI v2.x","WB/17/07/0013","MEDIUM","UNABLE TO FETCH NXP ON KACHASI - XF2025156733",0.32221777777886,"Within SLA"
"Wema Bank","KACHASI v2.x","WB/14/07/0012","HIGH","NXP ref now reflecting on Kachasi(XG202500035143183)",165.365730277786,"Breached SLA"
"Wema Bank","KACHASI v2.x","WB/14/07/0011","MEDIUM","REQUEST FOR SUPPORT - POST NEG ISSUE",6.42879194451962,"Within SLA"
"Wema Bank","KACHASI v2.x","WB/10/07/0010","MEDIUM","Unable to debit customer on Kachasi",28.2381719444529,"Within SLA"
"Wema Bank","KACHASI v2.x","WB/07/07/0009","MEDIUM","REQUEST FOR SUPPORT - MODIFICATION OF COMMISSION AND VAT ENTERIES FROM BRANCH TRANSIT TO BRANCH INCOME",47.2575983331772,"Within SLA"
"Wema Bank","KACHASI v2.x","WB/07/07/0008","MEDIUM","REQUEST FOR DEPLOYMENT",95.2417388887843,"Within SLA"
"Wema Bank","KACHASI v2.x","WB/03/07/0007","MEDIUM","TEST WEB PLATFORM NOT UP",2.01978416671045,"Within SLA"
"Wema Bank","KACHASI v2.x","WB/26/06/0006","MEDIUM","ERROR APPROVING SWIFT INFLOW",118.495431111194,"Within SLA"
"Wema Bank","KACHASI v2.x","WB/19/06/0005","HIGH","TRANASCTIONS ON QUEUE NOT POPULATING POSTING ENTRIES",24.0530347221647,"Within SLA"
"Wema Bank","KACHASI v2.x","WB/16/06/0004","HIGH","ONBOARDING OF NEW CORRESPONDENT BANK ON KACHASI",50.2970616667299,"Within SLA"
"Wema Bank","KACHASI v2.x","WB/13/06/0003","MEDIUM","MISSING ITEMS ON WORKFLOW",1.30845416674856,"Within SLA"
"Wema Bank","KACHASI v2.x","WB/10/06/0005","HIGH","LC CHARGE UPDATE",5.51421750005102,"Within SLA"
"Wema Bank","KACHASI v2.x","WB/05/06/0002","MEDIUM","FIXED TO BE MADE ON NXP",4051.53068083338,"Breached SLA"
"Wema Bank","KACHASI v2.x","WB/05/06/0001","HIGH","INFLOW REPORTS NOT UPTO DATE",1.74563527770806,"Within SLA"
"Wema Bank","KACHASI v2.x","WB/KA/LIV/250053","HIGH","Unable to submit LC Transaction (DRAFT01262)",1.35658611101098,"Within SLA"
"Wema Bank","KACHASI v2.x","WB/KA/LIV/250052","HIGH","NXP APPROVED BUT SHOWING INACTIVE ON INSTRUMENT",45.2797563888598,"Within SLA"
"Wema Bank","KACHASI v2.x","WB/KA/LIV/250051","CRITICAL","FORM M NOT ON KACHASI AT THE POINT OF LOGING DRAFT FOR LC",22.9325641666073,"Within SLA"
"Wema Bank","KACHASI v2.x","WB/KA/LIV/250050","MEDIUM","LC Expiry Notifications",333.413777499867,"Breached SLA"
"Wema Bank","KACHASI v2.x","WB/KA/LIV/250049","MEDIUM","FORM M WITH UNCLEAR STATUS",6.29956583323656,"Within SLA"
"Wema Bank","KACHASI v2.x","WB/KA/LIV/250048","HIGH","ACTIVATION OF SWIFT MX MESSAGES ON KACHASI",337.680867222254,"Breached SLA"
"Wema Bank","KACHASI v2.x","WB/KA/LIV/250047","HIGH","NXP CHARGE NOT DEBITED FOR XG202500035138291",64.8054491665098,"Within SLA"
"Wema Bank","KACHASI v2.x","WB/KA/LIV/250046","MEDIUM","customer credit limit",5.11634555569617,"Within SLA"
"Wema Bank","KACHASI v2.x","WB/KA/LIV/250044","MEDIUM","Transaction not reflecting on reviewer's queue",21.0282313889475,"Within SLA"
"Wema Bank","KACHASI v2.x","WB/KA/LIV/250043","MEDIUM","NO CHARGES TAKEN FOR FORM Ms",53.9569786112406,"Within SLA"
"Wema Bank","KACHASI v2.x","WB/KA/LIV/250042","CRITICAL","UNABLE TO PULL FORM-M INTO KACHASI MF20250031740",6.31716916663572,"Within SLA"
"Wema Bank","KACHASI v2.x","WB/KA/LIV/250041","MEDIUM","INVALID CHARACTER POSITION",2.81203194439877,"Within SLA"
"Wema Bank","KACHASI v2.x","WB/KA/LIV/250040","CRITICAL","FORM MS NOT DEBITED ON KACHASI AND IT IS ACTIVE",3.40810944442637,"Within SLA"
"Wema Bank","KACHASI v2.x","WB/KA/LIV/250039","CRITICAL","FORM M SHOWNG INACTIVE ON INSTRUMENT ON KACHASI",20.7361599999131,"Within SLA"
"Wema Bank","KACHASI v2.x","WB/KA/LIV/250038","CRITICAL","NXP REJECTED ON KACHASI",5.93549833347788,"Within SLA"
"Wema Bank","KACHASI v2.x","WB/KA/LIV/250037","CRITICAL","NXP WHEN REJECTED ON KACHASI WILL ONLY IMPACT ON TRMS",5.97518472222146,"Within SLA"
"Wema Bank","KACHASI v2.x","WB/KA/LIV/250036","CRITICAL","ADD CURRENCY AED  TO KACHASI TO ENABLE US PULL MF20250028800",1.79321583348792,"Within SLA"
"Wema Bank","KACHASI v2.x","WB/KA/LIV/250034","CRITICAL","UNABLE TO REJECT NXP TRANSACTION",120.11269666662,"Breached SLA"
"Wema Bank","KACHASI v2.x","WB/KA/LIV/250033","MEDIUM","LC Establishments Draft Number Not Changing to LC Ref at F47",219.105493333249,"Breached SLA"
"Wema Bank","KACHASI v2.x","WB/KA/LIV/250031","CRITICAL","UPDATED FORM M REGISTER ON KACHASI",97.9682169443113,"Breached SLA"
"Wema Bank","KACHASI v2.x","WB/KA/LIV/250030","CRITICAL","ENDORSEMENT AND RELEASE OF SHIPPING DOCUMENTS IFO......",22.5236366667668,"Within SLA"
"Wema Bank","KACHASI v2.x","WB/KA/LIV/250029","HIGH","UNABLE TO PULL FORM-M INTO KACHASI",23.8292941666441,"Within SLA"
"Wema Bank","KACHASI v2.x","WB/KA/LIV/250028","HIGH","VISIBLE TRANSFER OPTION NOT WORKING - OUTWARD FX",1.70765472220955,"Within SLA"
"Wema Bank","KACHASI v2.x","WB/KA/LIV/250027","HIGH","Mapping of columns to account numbers for Kachasi report",3.69068888900802,"Within SLA"
"Wema Bank","KACHASI v2.x","WB/KA/LIV/250026","HIGH","Email Notification on Due BC, Expired BL, Expired Form M",2379.97930611111,"Breached SLA"
"Wema Bank","KACHASI v2.x","WB/KA/LIV/250025","CRITICAL","Implementation of New USD Offshore Charges on Kachasi",53.4607883332064,"Breached SLA"
"Wema Bank","KACHASI v2.x","WB/KA/LIV/250024","HIGH","Unable to approve nxp",0.373175277665723,"Within SLA"
"Wema Bank","TENTACLES","WB/TE/LIV/250001","HIGH","Tentacles Downtime",0.616262499941513,"Within SLA"
"Wema Bank","KACHASI v2.x","WB/KA/LIV/250023","CRITICAL","AUTOMATION OF NXP REPORTING TEMPLATE AND CERTIFICATION",2707.20945138886,"Breached SLA"
"Wema Bank","KACHASI v2.x","WB/KA/LIV/250022","HIGH","CNY ERROR ON KACHASI",1.08449666661909,"Within SLA"
"Wema Bank","KACHASI v2.x","WB/KA/LIV/250021","HIGH","Forms M not reflecting after been pulled in Manually.",1.11153333331458,"Within SLA"
"Wema Bank","KACHASI v2.x","WB/KA/LIV/250020","HIGH","Unable to initiate LC transaction",1.52688250009669,"Within SLA"
"Wema Bank","KACHASI v2.x","WB/KA/LIV/250018","HIGH","INTEREST PAYMENT NOT SHOWING ON SUMMARY PAGE",3.7537780557177,"Within SLA"
"Wema Bank","KACHASI v2.x","WB/KA/LIV/250017","CRITICAL","CERTIFICATION OF NXP ON KACHASI",142.505886388826,"Breached SLA"
"Wema Bank","KACHASI v2.x","WB/KA/LIV/250016","CRITICAL","RE: BLANK FORM-M ON KACHASI WORKFLOW FOR MF20250006044",22.8140583332861,"Within SLA"
"Wema Bank","KACHASI v2.x","WB/KA/LIV/250015","CRITICAL","UNABLE TO PULL FORM-M INTO KACHASI",22.6031236110139,"Within SLA"
"Wema Bank","KACHASI v2.x","WB/KA/LIV/250013","HIGH","Transaction not reflecting",16.5624825000996,"Within SLA"
"Wema Bank","KACHASI v2.x","WB/KA/LIV/250011","CRITICAL","BLANK FORM-M ON KACHASI WORKFLOW FOR MF20250006044",96.753395277774,"Breached SLA"
"Wema Bank","KACHASI v2.x","WB/KA/LIV/250008","HIGH","Unable to fetch NXPs",2.19392444455298,"Within SLA"
"Wema Bank","TENTACLES","WB/15/12/0058","HIGH","Email Notification",72.325262499915,"Breached SLA"
"Wema Bank","KACHASI v2.x","WB/10/12/0057","HIGH","Unable to submit Draft",27.595461666584,"Within SLA"
"Wema Bank","KACHASI v2.x","WB/03/12/0056","MEDIUM","CASH BACK SETUP FOR ZENITH BANK",50.4513102777419,"Within SLA"
"Wema Bank","KACHASI v2.x","WB/03/12/0055","MEDIUM","REQUEST FOR SUPPORT - NOFICATIONS NOT WORKING FOR MILESTONES SET",3049.55033611116,"Breached SLA"
"Wema Bank","KACHASI v2.x","WB/03/12/0054","MEDIUM","REQUEST FOR SUPPORT - FORM M NOT PUPULATING FOR LC",25.7030988889164,"Within SLA"
"Wema Bank","KACHASI v2.x","WB/02/12/0053","HIGH","SCREATION OF ZENITH BANK EURO CLEANLINE UTILIZATION",22.9847469444503,"Within SLA"
"Wema Bank","KACHASI v2.x","WB/28/11/0052","MEDIUM","SUPPORT REQUEST-LC ERROR",70.4091080555809,"Within SLA"
"Wema Bank","KACHASI v2.x","WB/27/11/0051","MEDIUM","request for support- add account for new swift code",98.4908075000276,"Within SLA"
"Wema Bank","KACHASI v2.x","WB/26/11/0050","HIGH","ALAT FOR BUSINESS TRANSACTIONS NOT FLOWING INTO KACHASI",120.720911111101,"Breached SLA"
"Wema Bank","KACHASI v2.x","WB/25/11/0049","HIGH","REQUEST FOR SUPPORT - UNABLE TO CHARGE O FORM M",5.11624555557501,"Within SLA"
"Wema Bank","KACHASI v2.x","WB/24/11/0048","HIGH","Active mq failed to start up",47.6742777776672,"Within SLA"
"Wema Bank","TENTACLES","WB/20/11/0047","HIGH","REQUEST FOR SUPPORT - UNABLE TO PULL IN FORM Ms",123.479789166595,"Breached SLA"
"Wema Bank","KACHASI v2.x","WB/20/11/0046","MEDIUM","REQUEST FOR SUPPORT - CREATION OF ZENITH BANK UK USD CLEANLINE UTILIZATION",123.497359722212,"Breached SLA"
"Wema Bank","KACHASI v2.x","WB/14/11/0045","HIGH","creation of Account",268.754303055641,"Breached SLA"
"Wema Bank","KACHASI v2.x","WB/13/11/0044","MEDIUM","CUSTOMER ACCOUNT STATUS CLOSED",122.451445277897,"Breached SLA"
"Wema Bank","KACHASI v2.x","WB/13/11/0043","HIGH","REQUEST FOR SUP[PRT - LC PROCESSING CHALLNEGE",2.51918638881762,"Within SLA"
"Wema Bank","KACHASI v2.x","WB/13/11/0042","MEDIUM","LC PROCESSING ISSUE",0.750938055629376,"Within SLA"
"Wema Bank","TENTACLES","WB/09/11/0041","MEDIUM","REQUEST FPR SUPPORT - PULL IN FORM Ms PRE- BODOGWU INTERGRATION",377.879531110986,"Breached SLA"
"Wema Bank","KACHASI v2.x","WB/31/10/0040","HIGH","UNABLE TO PULL / REJECT NCX",100.893436388928,"Breached SLA"
"Wema Bank","KACHASI v2.x","WB/31/10/0039","MEDIUM","UNABLE TO PROCESS FORM MS",101.796410555486,"Within SLA"
"Wema Bank","KACHASI v2.x","WB/29/10/0038","HIGH","REQUEST FOR SUPPORT - LOBS FILE SHRINK",41.6801350000896,"Within SLA"
"Wema Bank","KACHASI v2.x","WB/24/10/0037","MEDIUM","UNABLE TO REJECT NCX AND NXP",2.10945583332796,"Within SLA"
"Wema Bank","KACHASI v2.x","WB/23/10/0036","MEDIUM","REQUEST FRO SUPPORT - CHARGES NOT TAKE ON FORM M",1.4573280554032,"Within SLA"
"Wema Bank","KACHASI v2.x","WB/14/10/0035","MEDIUM","REQUEST FOR SUPPORT - POSTING FOR JP MORGAN",3000.29217361123,"Breached SLA"
"Wema Bank","KACHASI v2.x","WB/07/10/0034","HIGH","Report for Transactions flowing from Alat for business",497.807131388923,"Breached SLA"
"Wema Bank","KACHASI v2.x","WB/30/09/0022","HIGH","Trade Help Desk role on Kachasi",45.2098233332508,"Within SLA"
"Wema Bank","KACHASI v2.x","WB/30/09/0033","HIGH","OTP Page is not coming up",0.400023055553902,"Within SLA"
"Wema Bank","KACHASI v2.x","WB/15/09/0032","HIGH","Multiple debits on Swift outgoing and multipl debits for incoming swift",1601.87765222217,"Breached SLA"
"Wema Bank","KACHASI v2.x","WB/12/09/0031","MEDIUM","INABILITY TO REJECT NXP",2.90534361120081,"Within SLA"
"Wema Bank","KACHASI v2.x","WB/08/09/0030","HIGH","SWIFT INFLOW NOT GENERATING ICP NUMBER 8224500246JO",70.993101944332,"Within SLA"
"Wema Bank","KACHASI v2.x","WB/08/09/0029","MEDIUM","ERROR APPROVING NXP",4.61953638884006,"Within SLA"
"Wema Bank","KACHASI v2.x","WB/28/08/0028","MEDIUM","BSUNESS SUPPORT REQUIRED- RELATED FORM M",2.10813583340496,"Within SLA"
"Wema Bank","KACHASI v2.x","WB/27/08/0027","HIGH","Bills Of Collection",22.9319366666023,"Within SLA"
"Wema Bank","KACHASI v2.x","WB/15/08/0026","HIGH","OCP TRANSACTIONS NOT REFLECTING ON KACHASI",143.600772222213,"Breached SLA"
"Wema Bank","KACHASI v2.x","WB/13/08/0025","HIGH","MX CONVERSION",2394.60982611106,"Breached SLA"
"Wema Bank","KACHASI v2.x","WB/13/08/0024","MEDIUM","CHANGE OF NARRATION FOR AMENDMENTS INVOLVING LC",26.7767538889311,"Within SLA"
"Wema Bank","KACHASI v2.x","WB/01/08/0022","HIGH","Post Neg Counterparty Account",1.18956749991048,"Within SLA"
"Wema Bank","TENTACLES","WB/30/07/0021","HIGH","REQUEST FOR SUPPORT - NXPs NOT FETCHING",146.810607500025,"Breached SLA"
"Wema Bank","KACHASI v2.x","WB/29/07/0020","MEDIUM","REQUEST FOR SUPPORT - PROCESSING DEPLOYED 202COV",70.1698183332919,"Within SLA"
"Wema Bank","KACHASI v2.x","WB/29/07/0019","HIGH","Currency not reflecting to initiate a swift message",4.86147250008071,"Within SLA"
"Wema Bank","TENTACLES","WB/18/07/0017","MEDIUM","UNABLE TO FETCH NXP ON KACHASI - XF2025156824 XF2025156830 XF2025156836",51.1370533332811,"Within SLA"
"Wema Bank","KACHASI v2.x","WB/18/07/0015","HIGH","Unable to attach documents on Kachasi UAT",146.594524722314,"Breached SLA"
"Wema Bank","KACHASI v2.x","WB/17/07/0014","MEDIUM","REJECTED TRANSACTION STILL ON KACHASI",0.188244722143281,"Within SLA"
"Wema Bank","KACHASI v2.x","WB/17/07/0013","MEDIUM","UNABLE TO FETCH NXP ON KACHASI - XF2025156733",0.32221777777886,"Within SLA"
"Wema Bank","KACHASI v2.x","WB/14/07/0012","HIGH","NXP ref now reflecting on Kachasi(XG202500035143183)",165.365730277786,"Breached SLA"
"Wema Bank","KACHASI v2.x","WB/14/07/0011","MEDIUM","REQUEST FOR SUPPORT - POST NEG ISSUE",6.42879194451962,"Within SLA"
"Wema Bank","KACHASI v2.x","WB/10/07/0010","MEDIUM","Unable to debit customer on Kachasi",28.2381719444529,"Within SLA"
"Wema Bank","KACHASI v2.x","WB/07/07/0009","MEDIUM","REQUEST FOR SUPPORT - MODIFICATION OF COMMISSION AND VAT ENTERIES FROM BRANCH TRANSIT TO BRANCH INCOME",47.2575983331772,"Within SLA"
"Wema Bank","KACHASI v2.x","WB/07/07/0008","MEDIUM","REQUEST FOR DEPLOYMENT",95.2417388887843,"Within SLA"
"Wema Bank","KACHASI v2.x","WB/03/07/0007","MEDIUM","TEST WEB PLATFORM NOT UP",2.01978416671045,"Within SLA"
"Wema Bank","KACHASI v2.x","WB/26/06/0006","MEDIUM","ERROR APPROVING SWIFT INFLOW",118.495431111194,"Within SLA"
"Wema Bank","KACHASI v2.x","WB/19/06/0005","HIGH","TRANASCTIONS ON QUEUE NOT POPULATING POSTING ENTRIES",24.0530347221647,"Within SLA"
"Wema Bank","KACHASI v2.x","WB/16/06/0004","HIGH","ONBOARDING OF NEW CORRESPONDENT BANK ON KACHASI",50.2970616667299,"Within SLA"
"Wema Bank","KACHASI v2.x","WB/13/06/0003","MEDIUM","MISSING ITEMS ON WORKFLOW",1.30845416674856,"Within SLA"
"Wema Bank","KACHASI v2.x","WB/10/06/0005","HIGH","LC CHARGE UPDATE",5.51421750005102,"Within SLA"
"Wema Bank","KACHASI v2.x","WB/05/06/0002","MEDIUM","FIXED TO BE MADE ON NXP",4051.53068083338,"Breached SLA"
"Wema Bank","KACHASI v2.x","WB/05/06/0001","HIGH","INFLOW REPORTS NOT UPTO DATE",1.74563527770806,"Within SLA"
"Wema Bank","KACHASI v2.x","WB/KA/LIV/250053","HIGH","Unable to submit LC Transaction (DRAFT01262)",1.35658611101098,"Within SLA"
"Wema Bank","KACHASI v2.x","WB/KA/LIV/250052","HIGH","NXP APPROVED BUT SHOWING INACTIVE ON INSTRUMENT",45.2797563888598,"Within SLA"
"Wema Bank","KACHASI v2.x","WB/KA/LIV/250051","CRITICAL","FORM M NOT ON KACHASI AT THE POINT OF LOGING DRAFT FOR LC",22.9325641666073,"Within SLA"
"Wema Bank","KACHASI v2.x","WB/KA/LIV/250050","MEDIUM","LC Expiry Notifications",333.413777499867,"Breached SLA"
"Wema Bank","KACHASI v2.x","WB/KA/LIV/250049","MEDIUM","FORM M WITH UNCLEAR STATUS",6.29956583323656,"Within SLA"
"Wema Bank","KACHASI v2.x","WB/KA/LIV/250048","HIGH","ACTIVATION OF SWIFT MX MESSAGES ON KACHASI",337.680867222254,"Breached SLA"
"Wema Bank","KACHASI v2.x","WB/KA/LIV/250047","HIGH","NXP CHARGE NOT DEBITED FOR XG202500035138291",64.8054491665098,"Within SLA"
"Wema Bank","KACHASI v2.x","WB/KA/LIV/250046","MEDIUM","customer credit limit",5.11634555569617,"Within SLA"
"Wema Bank","KACHASI v2.x","WB/KA/LIV/250044","MEDIUM","Transaction not reflecting on reviewer's queue",21.0282313889475,"Within SLA"
"Wema Bank","KACHASI v2.x","WB/KA/LIV/250043","MEDIUM","NO CHARGES TAKEN FOR FORM Ms",53.9569786112406,"Within SLA"
"Wema Bank","KACHASI v2.x","WB/KA/LIV/250042","CRITICAL","UNABLE TO PULL FORM-M INTO KACHASI MF20250031740",6.31716916663572,"Within SLA"
"Wema Bank","KACHASI v2.x","WB/KA/LIV/250041","MEDIUM","INVALID CHARACTER POSITION",2.81203194439877,"Within SLA"
"Wema Bank","KACHASI v2.x","WB/KA/LIV/250040","CRITICAL","FORM MS NOT DEBITED ON KACHASI AND IT IS ACTIVE",3.40810944442637,"Within SLA"
"Wema Bank","KACHASI v2.x","WB/KA/LIV/250039","CRITICAL","FORM M SHOWNG INACTIVE ON INSTRUMENT ON KACHASI",20.7361599999131,"Within SLA"
"Wema Bank","KACHASI v2.x","WB/KA/LIV/250038","CRITICAL","NXP REJECTED ON KACHASI",5.93549833347788,"Within SLA"
"Wema Bank","KACHASI v2.x","WB/KA/LIV/250037","CRITICAL","NXP WHEN REJECTED ON KACHASI WILL ONLY IMPACT ON TRMS",5.97518472222146,"Within SLA"
"Wema Bank","KACHASI v2.x","WB/KA/LIV/250036","CRITICAL","ADD CURRENCY AED  TO KACHASI TO ENABLE US PULL MF20250028800",1.79321583348792,"Within SLA"
"Wema Bank","KACHASI v2.x","WB/KA/LIV/250034","CRITICAL","UNABLE TO REJECT NXP TRANSACTION",120.11269666662,"Breached SLA"
"Wema Bank","KACHASI v2.x","WB/KA/LIV/250033","MEDIUM","LC Establishments Draft Number Not Changing to LC Ref at F47",219.105493333249,"Breached SLA"
"Wema Bank","KACHASI v2.x","WB/KA/LIV/250031","CRITICAL","UPDATED FORM M REGISTER ON KACHASI",97.9682169443113,"Breached SLA"
"Wema Bank","KACHASI v2.x","WB/KA/LIV/250030","CRITICAL","ENDORSEMENT AND RELEASE OF SHIPPING DOCUMENTS IFO......",22.5236366667668,"Within SLA"
"Wema Bank","KACHASI v2.x","WB/KA/LIV/250029","HIGH","UNABLE TO PULL FORM-M INTO KACHASI",23.8292941666441,"Within SLA"
"Wema Bank","KACHASI v2.x","WB/KA/LIV/250028","HIGH","VISIBLE TRANSFER OPTION NOT WORKING - OUTWARD FX",1.70765472220955,"Within SLA"
"Wema Bank","KACHASI v2.x","WB/KA/LIV/250027","HIGH","Mapping of columns to account numbers for Kachasi report",3.69068888900802,"Within SLA"
"Wema Bank","KACHASI v2.x","WB/KA/LIV/250026","HIGH","Email Notification on Due BC, Expired BL, Expired Form M",2379.97930611111,"Breached SLA"
"Wema Bank","KACHASI v2.x","WB/KA/LIV/250025","CRITICAL","Implementation of New USD Offshore Charges on Kachasi",53.4607883332064,"Breached SLA"
"Wema Bank","KACHASI v2.x","WB/KA/LIV/250024","HIGH","Unable to approve nxp",0.373175277665723,"Within SLA"
"Wema Bank","TENTACLES","WB/TE/LIV/250001","HIGH","Tentacles Downtime",0.616262499941513,"Within SLA"
"Wema Bank","KACHASI v2.x","WB/KA/LIV/250023","CRITICAL","AUTOMATION OF NXP REPORTING TEMPLATE AND CERTIFICATION",2707.20945138886,"Breached SLA"
"Wema Bank","KACHASI v2.x","WB/KA/LIV/250022","HIGH","CNY ERROR ON KACHASI",1.08449666661909,"Within SLA"
"Wema Bank","KACHASI v2.x","WB/KA/LIV/250021","HIGH","Forms M not reflecting after been pulled in Manually.",1.11153333331458,"Within SLA"
"Wema Bank","KACHASI v2.x","WB/KA/LIV/250020","HIGH","Unable to initiate LC transaction",1.52688250009669,"Within SLA"
"Wema Bank","KACHASI v2.x","WB/KA/LIV/250018","HIGH","INTEREST PAYMENT NOT SHOWING ON SUMMARY PAGE",3.7537780557177,"Within SLA"
"Wema Bank","KACHASI v2.x","WB/KA/LIV/250017","CRITICAL","CERTIFICATION OF NXP ON KACHASI",142.505886388826,"Breached SLA"
"Wema Bank","KACHASI v2.x","WB/KA/LIV/250016","CRITICAL","RE: BLANK FORM-M ON KACHASI WORKFLOW FOR MF20250006044",22.8140583332861,"Within SLA"
"Wema Bank","KACHASI v2.x","WB/KA/LIV/250015","CRITICAL","UNABLE TO PULL FORM-M INTO KACHASI",22.6031236110139,"Within SLA"
"Wema Bank","KACHASI v2.x","WB/KA/LIV/250013","HIGH","Transaction not reflecting",16.5624825000996,"Within SLA"
"Wema Bank","KACHASI v2.x","WB/KA/LIV/250011","CRITICAL","BLANK FORM-M ON KACHASI WORKFLOW FOR MF20250006044",96.753395277774,"Breached SLA"
"Wema Bank","KACHASI v2.x","WB/KA/LIV/250008","HIGH","Unable to fetch NXPs",2.19392444455298,"Within SLA"
"First  City Monument Bank","KACHASI v1.x","FC/12/12/0076","CRITICAL","Create Idris Adisa ON ISura",0.919549722166266,"Within SLA"
"First  City Monument Bank","KACHASI v1.x","FC/12/12/0075","HIGH","Pre-Charges Not taken",816.242169722216,"Breached SLA"
"First  City Monument Bank","KACHASI v1.x","FC/12/11/0074","HIGH","PENDING CUSTOM DUTY APPROVAL IFO 1023890781 ( 25423)",27.0630422221147,"Within SLA"
"First  City Monument Bank","KACHASI v1.x","FC/11/11/0073","CRITICAL","FAILED TRANSMISSION ON CUSTOM DUTY PAYMENT",46.1350302777719,"Breached SLA"
"First  City Monument Bank","KACHASI v1.x","FC/10/11/0071","HIGH","REQUEST FOR PRE-NEGOTIATION BREAKDWON",27.1674658333068,"Within SLA"
"First  City Monument Bank","KACHASI v1.x","FC/06/11/0070","CRITICAL","CUSTOM DUTY PAYMENT YET TO SETTLED",21.4195383331971,"Within SLA"
"First  City Monument Bank","KACHASI v1.x","FC/03/11/0069","CRITICAL","KACHASI SWIFT MANAGER ERROR",15.5845111111994,"Within SLA"
"First  City Monument Bank","KACHASI v1.x","FC/03/11/0068","HIGH","UNABLE TO GENERATE RECEIPT ON TRADEX",30.3312477779109,"Within SLA"
"First  City Monument Bank","KACHASI v1.x","FC/30/10/0067","HIGH","Pending Custom Duty Payment",16.9225080554606,"Within SLA"
"First  City Monument Bank","KACHASI v1.x","FC/22/10/0065","HIGH","EXCESS FX PURCHASE IFO PIVOT INTEGRATED ENERGY SERVICES LIMITED  LC WITH MAY ADD CLAUSE",24.179055277782,"Within SLA"
"First  City Monument Bank","KACHASI v1.x","FC/14/10/0064","CRITICAL","CUSTOM TRANSACTIONS YET TO BE TRANSIMITED 09-10-2025",27.3766611110768,"Breached SLA"
"First  City Monument Bank","KACHASI v1.x","FC/13/10/0063","CRITICAL","Finacle SSL Update",2.94053583336063,"Within SLA"
"First  City Monument Bank","KACHASI v1.x","FC/10/10/0062","HIGH","ROBUST INTERNATIONAL COMMODITIES LTD NXP XG202500214148606",68.9632677777554,"Within SLA"
"First  City Monument Bank","KACHASI v1.x","FC/09/10/0061","CRITICAL","LC Transaction Not Showing On Swift Outgoing Messages",6.9545630554785,"Within SLA"
"First  City Monument Bank","KACHASI v1.x","FC/08/10/0060","CRITICAL","TRANSMISSION OF FAILED CUSTOM DUTY PAYMENT",46.1104936109623,"Breached SLA"
"First  City Monument Bank","KACHASI v1.x","FC/03/10/0023","CRITICAL","Unable to access the report",0.807398333447054,"Within SLA"
"First  City Monument Bank","KACHASI v1.x","FC/02/10/0059","CRITICAL","Workflow Errors",7.63467000005767,"Within SLA"
"First  City Monument Bank","KACHASI v1.x","FC/02/10/0058","HIGH","UNSETTLED CUSTOM DUTY",23.6643569443258,"Within SLA"
"First  City Monument Bank","KACHASI v1.x","FC/30/09/0057","CRITICAL","SERVICE DEGRATION ON KACHASI",3.30818527779775,"Within SLA"
"First  City Monument Bank","KACHASI v1.x","FC/30/09/0056","CRITICAL","Unable to launch Tradex URL",5.27577555557946,"Within SLA"
"First  City Monument Bank","KACHASI v1.x","FC/29/09/0021","HIGH","FAILED REQUESTS ON KACHASI FOR FORMS M CANCELLATION",212.178965555504,"Breached SLA"
"First  City Monument Bank","KACHASI v1.x","FC/29/09/0055","HIGH","REPORT OF RECONCILIATION - OUTSTANDING TRADE OBLIGATION ON TAURUS OILA AND GAS LIMITED",70.4525322222034,"Within SLA"
"First  City Monument Bank","KACHASI v1.x","FC/26/09/0054","HIGH","PENDING CUSTOM DUTY APPROVAL IFO CHARDON GLOBAL SERVICES NIG",106.377771944564,"Breached SLA"
"First  City Monument Bank","KACHASI v1.x","FC/24/09/0053","HIGH","SETTLEMENT ISSUE ON COLLECTION ACCOUNT",175.925950000004,"Breached SLA"
"First  City Monument Bank","KACHASI v1.x","FC/24/09/0052","CRITICAL","CUSTOM DUTY PAYMENT:TAXES NOT TRANSMITTED",41.6313263888005,"Breached SLA"
"First  City Monument Bank","KACHASI v1.x","FC/10/09/0051","HIGH","KACHASI POSTING ERROR FCMB25LC00172",192.42551999999,"Breached SLA"
"First  City Monument Bank","KACHASI v1.x","FC/09/09/0019","HIGH","FX FUNDS TRANSFER- TRADE",3.26730694435537,"Within SLA"
"First  City Monument Bank","KACHASI v1.x","FC/09/09/0050","HIGH","REQUEST TO PURCHASE FX",20.0057597222622,"Within SLA"
"First  City Monument Bank","KACHASI v1.x","FC/03/09/0049","CRITICAL","RE: FCMB NXP - NESS Payment  01-09-2025",109.262032500061,"Breached SLA"
"First  City Monument Bank","KACHASI v1.x","FC/03/09/0048","CRITICAL","TRANSMISSION OF FAILED CUSTOM DUTY PAYMENT",209.858126666746,"Breached SLA"
"First  City Monument Bank","KACHASI v1.x","FC/03/09/0047","HIGH","DOUBLE DEBIT OF CUSTOMERS FOR CUSTOM DUTY PAYMENT",116.323728333344,"Breached SLA"
"First  City Monument Bank","KACHASI v1.x","FC/01/09/0046","HIGH","RE: DRAFT LC IRO MASTERSTROKES PACKAGES -- MF20250073374",19.835481944494,"Within SLA"
"First  City Monument Bank","KACHASI v1.x","FC/27/08/0045","HIGH","CANCELLED ASSESSMENTS",23.7785147221293,"Within SLA"
"First  City Monument Bank","KACHASI v1.x","FC/26/08/0044","HIGH","NXP Transaction not validating on the Portal",50.1819611111423,"Within SLA"
"First  City Monument Bank","KACHASI v1.x","FC/22/08/0043","CRITICAL","BACKEND CLOSURE OF THE LODGEMENT",168.636838333332,"Breached SLA"
"First  City Monument Bank","KACHASI v1.x","FC/22/08/0042","HIGH","KACHASI ERROR ON LODGMENT",4.29336638882523,"Within SLA"
"First  City Monument Bank","KACHASI v1.x","FC/21/08/0041","CRITICAL","KACHASI SWIFT MANAGER ERROR",23.1656255556154,"Within SLA"
"First  City Monument Bank","KACHASI v1.x","FC/20/08/0012","HIGH","Form A Number Not Populated",46.1522213889984,"Within SLA"
"First  City Monument Bank","KACHASI v1.x","FC/20/08/0040","HIGH","Iintervention Account Error",26.5852658333606,"Within SLA"
"First  City Monument Bank","KACHASI v1.x","FC/15/08/0039","HIGH","Custom Duty Receipts Not Printing",5.13206388900289,"Within SLA"
"First  City Monument Bank","KACHASI v1.x","FC/12/08/0038","CRITICAL","CHALLENEG WITH FX BID",389.75715194433,"Breached SLA"
"First  City Monument Bank","KACHASI v1.x","FC/11/08/0037","HIGH","Preneg Issue",4.3528783331858,"Within SLA"
"First  City Monument Bank","KACHASI v1.x","FC/06/08/0036","HIGH","FAILED CUSTOM DUTY PAYMENT",48.7945769444341,"Within SLA"
"First  City Monument Bank","KACHASI v1.x","FC/05/08/0035","CRITICAL","REQUEST FOR PRE-NEGOTIATION CHARGE BREAKDOWN MATCHING DEBIT PASSED TO CUSTOMER‚ÄôS NAIRA ACCOUNT",51.0493272221647,"Breached SLA"
"First  City Monument Bank","KACHASI v1.x","FC/01/08/0034","HIGH","FORM A VALIDATION",4.08397083333693,"Within SLA"
"First  City Monument Bank","KACHASI v1.x","FC/31/07/0033","HIGH","CUSTOM DUTY PAYMENT AUTHORIZATION FAILING",3.82183555554366,"Within SLA"
"First  City Monument Bank","KACHASI v1.x","FC/31/07/0032","HIGH","UNABLE TO FETCH FORM A NUMBER",26.6279769443208,"Within SLA"
"First  City Monument Bank","KACHASI v1.x","FC/28/07/0031","HIGH","UNABLE TO PROCESS BODOGWU CUSTOM DUTY""",78.6950405555544,"Breached SLA"
"First  City Monument Bank","KACHASI v1.x","FC/22/07/0030","HIGH","REQUEST FOR FX PURCHASES",5.7871022222098,"Within SLA"
"First  City Monument Bank","KACHASI v1.x","FC/21/07/0029","HIGH","INVALID SDG ERROR ON CUSTOM DUTY PAYMENT",30.3772386111086,"Within SLA"
"First  City Monument Bank","KACHASI v1.x","FC/17/07/0028","HIGH","INVALID SDG ERROR ON CUSTOM DUTY PAYMENT",22.018705833354,"Within SLA"
"First  City Monument Bank","KACHASI v1.x","FC/17/07/0009","HIGH","NESS Fee",145.835056111158,"Breached SLA"
"First  City Monument Bank","KACHASI v1.x","FC/16/07/0027","HIGH","FX Bid Request Issue",142.207920555607,"Breached SLA"
"First  City Monument Bank","KACHASI v1.x","FC/11/07/0026","HIGH","User unable to approve custom duty",0.455137777898926,"Within SLA"
"First  City Monument Bank","KACHASI v1.x","FC/11/07/0025","HIGH","Unable to create intervention account",243.29809138889,"Breached SLA"
"First  City Monument Bank","KACHASI v1.x","FC/09/07/0024","HIGH","ERROR ON TRADEX- PERFECT PACKAGING LTD-0728572011",52.9679644443677,"Within SLA"
"First  City Monument Bank","TENTACLES","FC/08/07/0023","CRITICAL","ISSUE WITH TSA/ TAXES",353.517105833336,"Breached SLA"
"First  City Monument Bank","KACHASI v1.x","FC/07/07/0022","HIGH","PRENEG CHALLENGE",210.692806666601,"Breached SLA"
"First  City Monument Bank","KACHASI v1.x","FC/04/07/0021","HIGH","Challenge on Pre neg",0.778645833372138,"Within SLA"
"First  City Monument Bank","TENTACLES","FC/01/07/0006","CRITICAL","DUPLICATE REMITTANCES FOR CUSTOM",73.0817133334349,"Breached SLA"
"First  City Monument Bank","KACHASI v1.x","FC/01/07/0020","HIGH","PRE-NEGOTIATION CHARGE BREAKDOWN",987.014975277765,"Breached SLA"
"First  City Monument Bank","KACHASI v1.x","FC/30/06/0019","CRITICAL","TSA ENCRYPTED REQ AND RESPONSE",1.1958586112014,"Within SLA"
"First  City Monument Bank","KACHASI v1.x","FC/26/06/0018","HIGH","Transaction DIDNt flow to swift",138.277369999909,"Breached SLA"
"First  City Monument Bank","TENTACLES","FC/25/06/0017","CRITICAL","Corebanking Service Is Not Coming Up",22.578882499889,"Within SLA"
"First  City Monument Bank","KACHASI v1.x","FC/24/06/0016","CRITICAL","OPEN SSL VULNERABILITY",4.48690472217277,"Within SLA"
"First  City Monument Bank","TENTACLES","FC/20/06/0015","CRITICAL","ISSUE WITH TRANSMITTING TRANSACTION",118.093363611144,"Breached SLA"
"First  City Monument Bank","KACHASI v1.x","FC/19/06/0014","HIGH","FORMS M CANCELLATION- CROWN FLOUR LIMITED",198.402688333299,"Breached SLA"
"First  City Monument Bank","TENTACLES","FC/16/06/0013","CRITICAL","ISSUE IS TOSSER ON TENTACLES",6.24881249992177,"Within SLA"
"First  City Monument Bank","TENTACLES","FC/16/06/0012","CRITICAL","AUTTOMATION OF NCS REST TO ALLOW TRANSACTION SIMULTANEOUSLY",893.168639166572,"Breached SLA"
"First  City Monument Bank","TENTACLES","FC/16/06/0011","CRITICAL","Bodogwu not getting new duty",9.02893194439821,"Within SLA"
"First  City Monument Bank","KACHASI v1.x","FC/16/06/0010","CRITICAL","PRENEG REPORT",6.31289916671813,"Within SLA"
"First  City Monument Bank","KACHASI v1.x","FC/16/06/0009","CRITICAL","DISCREPANCY IN BREAKDOWN FROM TRADEX AND NAIRA ACCOUNT DEBIT ABUJA STEEL MILLS LIMITED",52.9788905555033,"Breached SLA"
"First  City Monument Bank","KACHASI v1.x","FC/11/06/0008","CRITICAL","UNABLE TO APPROVE FORM A",46.2030125000747,"Breached SLA"
"First  City Monument Bank","TENTACLES","FC/11/06/0007","HIGH","ERROR HANDLING",50.8329230553936,"Within SLA"
"First  City Monument Bank","TENTACLES","FC/10/06/0005","HIGH","COREBANKING CHALLENGE ON TENTACLES",1.42335083341459,"Within SLA"
"First  City Monument Bank","KACHASI v1.x","FC/10/06/0004","HIGH","SECURITY REGISTER - Q1 2025 INTERNAL VAPT",193.398204444442,"Breached SLA"
"First  City Monument Bank","TENTACLES","FC/10/06/0003","CRITICAL","FAILED TO IMPORT CUSTOME DUTY FOR A65",5.72278194443788,"Within SLA"
"First  City Monument Bank","KACHASI v1.x","FC/05/06/0002","LOW","UNABLE TO TREAT CUSTOM DUTY",0.100096388894599,"Within SLA"
"First  City Monument Bank","KACHASI v1.x","FC/05/06/0001","LOW","UNABLE TO CASH BACK UNCONFIRMED LC",329.948928333353,"Breached SLA"
"First  City Monument Bank","TENTACLES","FC/05/06/0002","CRITICAL","INCLUSION OF OTHER PORTS ON NCS REST",3.98202444455819,"Within SLA"
"First  City Monument Bank","KACHASI v1.x","FC/05/06/0001","HIGH","FAILED FORM M REQUESTS ON KACHASI",7.69665166659979,"Within SLA"
"First  City Monument Bank","KACHASI v1.x","FC/TR/LIV/250029","HIGH","Unable to process form NXP",501.213551944471,"Breached SLA"
"First  City Monument Bank","TENTACLES","FC/TE/LIV/250001","HIGH","TENTACLES DOWNTIME",500.110310277727,"Breached SLA"
"First  City Monument Bank","KACHASI v1.x","FC/TR/LIV/250028","CRITICAL","Issues with LC",45.2585669444525,"Breached SLA"
"First  City Monument Bank","KACHASI v1.x","FC/TR/LIV/250027","HIGH","EMAIL ADDRESS REQUEST",1777.89389194432,"Breached SLA"
"First  City Monument Bank","KACHASI v1.x","FC/TR/LIV/250026","CRITICAL","CHALLENGE WITH LC FLOWS",5.86325222218875,"Within SLA"
"First  City Monument Bank","KACHASI v1.x","FC/TR/LIV/250025","HIGH","SWIFT ERROR ON KACHASI",2.43987861124333,"Within SLA"
"First  City Monument Bank","KACHASI v1.x","FC/TR/LIV/250024","HIGH","URGENT FIXES ON TRADE X (Fund Type Drop Menu)",1394.83576250001,"Breached SLA"
"First  City Monument Bank","KACHASI v1.x","FC/TR/LIV/250023","HIGH","UNABLE TO PRINT CUSTOM DUTY (b'ODOGWU)",2.86427194444695,"Within SLA"
"First  City Monument Bank","KACHASI v1.x","FC/TR/LIV/250022","HIGH","DISCREPANCY IN BREAKDOWN FROM TRADEX AND NAIRA ACCOUNT DEBIT",143.429532499867,"Breached SLA"
"First  City Monument Bank","KACHASI v1.x","FC/TR/LIV/250021","HIGH","NO REPORT FOR 04-04-2025 on TRADEX",39.2713094443898,"Within SLA"
"First  City Monument Bank","KACHASI v1.x","FC/TR/LIV/250020","HIGH","TLS 1.2 Implementation",2068.53452388884,"Breached SLA"
"First  City Monument Bank","KACHASI v1.x","FC/TR/LIV/250019","CRITICAL","UNABLE TO PAY FOR  eExcisePayment",1968.48800444452,"Breached SLA"
"First  City Monument Bank","KACHASI v1.x","FC/TR/LIV/250018","HIGH","NOTIFICATIONS NOT GOING OUT OF TRADEX",2739.03964888898,"Breached SLA"
"First  City Monument Bank","KACHASI v1.x","FC/TR/LIV/250016","LOW","FX Bids Batch Not Populating",147.985418333381,"Within SLA"
"First  City Monument Bank","KACHASI v1.x","FC/TR/LIV/250015","CRITICAL","ISSUE WITH LC AMENDMENT",1008.34571027773,"Breached SLA"
"First  City Monument Bank","KACHASI v1.x","FC/TR/LIV/250014","CRITICAL","TSA PAYMENT FAILURE",99.8318258334766,"Breached SLA"
"First  City Monument Bank","KACHASI v1.x","FC/TR/LIV/250013","LOW","DISCREPANCY IN BREAKDOWN FROM TRADEX AND NAIRA ACCOUNT",186.254793888889,"Within SLA"
"First  City Monument Bank","KACHASI v1.x","FC/TR/LIV/250012","MEDIUM","VIRAMSUN NIG LTD =====ACCOUNT NO. 3580283017",74.236337777751,"Within SLA"
"First  City Monument Bank","KACHASI v1.x","FC/TR/LIV/250011","HIGH","DISCREPANCY IN BREAKDOWN FROM TRADEX & NAIRA ACCOUNT DEBIT",3.94406861113384,"Within SLA"
"First  City Monument Bank","KACHASI v1.x","FC/TR/LIV/250010","CRITICAL","UNABLE TO COMPLETE PTA CREATION ON TRADEX",22.9054916667519,"Within SLA"
"First  City Monument Bank","KACHASI v1.x","FC/TR/LIV/250009","HIGH","ENQUIRY ON FX TRANSFER  AF20251427480",51.0612658333266,"Within SLA"
"First  City Monument Bank","KACHASI v1.x","FC/TR/LIV/250008","HIGH","PURCHASE OF FX ON FORM M NO. MF20250004233",93.1118361111148,"Breached SLA"
"First  City Monument Bank","KACHASI v1.x","FC/TR/LIV/250007","CRITICAL","Transaction Not Flowing on TSA",867.164298888878,"Breached SLA"
"First  City Monument Bank","KACHASI v1.x","FC/TR/LIV/250006","HIGH","ISSUES WITH ECD LODGEMENT",120.535228888853,"Breached SLA"
"First  City Monument Bank","KACHASI v1.x","FC/TR/LIV/250005","HIGH","TSA Issue",4.5660402776557,"Within SLA"
"First  City Monument Bank","KACHASI v1.x","FC/TR/LIV/250004","HIGH","FAILED FORM M REQUESTS ON KACHASI",29.1840977778775,"Within SLA"
"First  City Monument Bank","KACHASI v1.x","FC/TR/LIV/250003","MEDIUM","ERRORS ON KACHASI FOR PTA/BTA PROCESSING",288.102313055657,"Breached SLA"
"First  City Monument Bank","KACHASI v1.x","FC/TR/LIV/250002","MEDIUM","MISSING SWIFT MESSAGE - FCMB25LC00002",50.0251958331792,"Within SLA"
"First  City Monument Bank","KACHASI v1.x","FC/TR/LIV/250001","HIGH","Architecture Review for TradeX",458.001423055655,"Breached SLA"
"Signature Bank","KACHASI v2.x","SB/10/12/0024","MEDIUM","UNABLE TO APPROVE FOR FORM M EXTENSION",0.279708333313465,"Within SLA"
"Signature Bank","KACHASI v2.x","SB/20/11/0026","CRITICAL","AMENDMENT OF SUMMARY VALUE - UL25.000001",16.8542019443703,"Within SLA"
"Signature Bank","KACHASI v2.x","SB/20/11/0023","CRITICAL","ADDITION ON BOB UK ON BC PAY",3.09419416665332,"Within SLA"
"Signature Bank","KACHASI v2.x","SB/04/11/0022","HIGH","UNABLE to GENERATE REFERENCE for Bills for collection",28.9285463888082,"Within SLA"
"Signature Bank","KACHASI v2.x","SB/24/10/0021","CRITICAL","EXPORT DOM CANNOT BE DEBITTED FOR LC ENHANCEMENT",2.65646194451256,"Within SLA"
"Signature Bank","KACHASI v2.x","SB/06/10/0020","MEDIUM","UNABLE TO TAKE CHARGES - 2000043394",23.4303611110663,"Within SLA"
"Signature Bank","KACHASI v2.x","SB/17/09/0020","CRITICAL","FORM M MANUAL REF NOT LINKED TO RELATED REFERENCE",362.023257777735,"Breached SLA"
"Signature Bank","KACHASI v2.x","SB/02/09/0019","CRITICAL","ACCOUNT DETAILS WRONG",389.106867500057,"Breached SLA"
"Signature Bank","KACHASI v2.x","SB/02/09/0018","CRITICAL","GENERAL LEDGER",2.91402972227661,"Within SLA"
"Signature Bank","KACHASI v2.x","SB/02/09/0017","CRITICAL","BC NARATION ERROR",2.75492027762812,"Within SLA"
"Signature Bank","KACHASI v2.x","SB/28/08/0016","CRITICAL","CHANGE ACCOUNT 500003005 TO 600003026",120.046136666613,"Breached SLA"
"Signature Bank","KACHASI v2.x","SB/26/08/0013","CRITICAL","POSTING ERROR FOR TFA AND CORR BANK DETAILS",2021.10832888889,"Breached SLA"
"Signature Bank","KACHASI v2.x","SB/13/08/0015","CRITICAL","FORM M NOT ON KACHASI",19.2076894443599,"Within SLA"
"Signature Bank","KACHASI v2.x","SB/28/07/0011","CRITICAL","UNCONFIRMED LC",24.714892500022,"Breached SLA"
"Signature Bank","KACHASI v2.x","SB/28/07/0010","CRITICAL","POSTING ENTRIES NOT SHOWING FOR UNCONFIRMED",25.2858091667877,"Breached SLA"
"Signature Bank","KACHASI v2.x","SB/16/07/0014","CRITICAL","MANUAL POSTING VALUE ERROR",0.640980833326466,"Within SLA"
"Signature Bank","KACHASI v2.x","SB/09/07/0013","CRITICAL","FORM M NOT ON KACHASI",2.90396277769469,"Within SLA"
"Signature Bank","KACHASI v2.x","SB/08/07/0012","CRITICAL","FORM M NOT ON KACHASI",1.94788333325414,"Within SLA"
"Signature Bank","KACHASI v2.x","SB/30/06/0011","CRITICAL","FORM M NOT ON KACHASI",0.441978055634536,"Within SLA"
"Signature Bank","KACHASI v2.x","SB/26/06/0010","CRITICAL","UPDATE ON LC REGISTER REPORT",361.117761944421,"Breached SLA"
"Signature Bank","KACHASI v2.x","SB/24/06/0009","CRITICAL","POST NEG INTEREST NO ACCRUING",2069.20335333335,"Breached SLA"
"Signature Bank","KACHASI v2.x","SB/24/06/0008","CRITICAL","UPADTE OF REGISTER TILL DATE",74.8790011111996,"Breached SLA"
"Signature Bank","KACHASI v2.x","SB/23/06/0007","CRITICAL","KACHASI ERROR ON AMEND",21.3673480554717,"Within SLA"
"Signature Bank","KACHASI v2.x","SB/23/06/0006","CRITICAL","KACHASI ERROR ON PAY",1705.08121194458,"Breached SLA"
"Signature Bank","KACHASI v2.x","SB/18/06/0005","CRITICAL","CONTIGENT ENTRY ON ISSUANCE AND UPGRADE",331.743944999878,"Breached SLA"
"Signature Bank","KACHASI v2.x","SB/18/06/0004","CRITICAL","ACCOUNT DETAILS REMOVAL",20.7880130555131,"Within SLA"
"Signature Bank","KACHASI v2.x","SB/13/06/0003","CRITICAL","FORM M NOT ON KACHASI - MF20250051776",1.23371527780546,"Within SLA"
"Signature Bank","KACHASI v2.x","SB/10/06/0002","CRITICAL","FORM M NOT ON KACHASI",2.27399027778301,"Within SLA"
"Signature Bank","KACHASI v2.x","SB/05/06/0001","CRITICAL","FORM M NOT ON KACHASI",2.31888222217094,"Within SLA"
"Signature Bank","KACHASI v2.x","SB/KA/LIV/250031","CRITICAL","CONNECTION OF KACHASI WITH B'ODOGWU",502.100464999967,"Breached SLA"
"Signature Bank","KACHASI v2.x","SB/KA/LIV/250030","CRITICAL","KACHASI CANNOT DRAW NOSTRO TO DEBIT",25.1699258334702,"Breached SLA"
"Signature Bank","KACHASI v2.x","SB/KA/LIV/250029","CRITICAL","FORM M NOT ON KACHASI - MF20250032974",1.96660083340248,"Within SLA"
"Signature Bank","KACHASI v2.x","SB/KA/LIV/250028","CRITICAL","POSTING MISSING FOR DECREASE OF LC",29.6528963888995,"Breached SLA"
"Signature Bank","KACHASI v2.x","SB/KA/LIV/250027","CRITICAL","FORM M NOT ON KACHASI",0.599830000021029,"Within SLA"
"Signature Bank","KACHASI v2.x","SB/KA/LIV/250025","CRITICAL","FORM M NOT ON KACHASI",1.01230027765268,"Within SLA"
"Signature Bank","KACHASI v2.x","SB/KA/LIV/250024","CRITICAL","REPORT NOT UPDATED",22.0832566665486,"Within SLA"
"Signature Bank","KACHASI v2.x","SB/KA/LIV/250023","CRITICAL","TRADE AUTHORIZER CANNOT VIEW PRE AND POST NEG SUBMITTED",4.04266361100599,"Within SLA"
"Signature Bank","KACHASI v2.x","SB/KA/LIV/250022","CRITICAL","FORM M NOT ON KACHASI - MF20250021397",0.575721666624304,"Within SLA"
"Signature Bank","KACHASI v2.x","SB/KA/LIV/250021","CRITICAL","FORM M NOT ON KACHASI",0.706405833363533,"Within SLA"
"Signature Bank","KACHASI v2.x","SB/KA/LIV/250020","CRITICAL","PRE-NEG NOT ASSISGNED TO TRADE AUTHORIZER",0.798613055550959,"Within SLA"
"Signature Bank","KACHASI v2.x","SB/KA/LIV/250019","CRITICAL","BC NARRATION AND PRE-NEG NOT ON AUTHRIZER QUEUE",1.83328138897195,"Within SLA"
"Signature Bank","KACHASI v2.x","SB/KA/LIV/250018","CRITICAL","POST NEG POSTING NOT ON KACHASI -  CL24.000001",1.38167750003049,"Within SLA"
"Signature Bank","KACHASI v2.x","SB/KA/LIV/250017","CRITICAL","IRREGULAR VALUE FOR L24.000093/AMD-007",22.3298375001177,"Within SLA"
"Signature Bank","KACHASI v2.x","SB/KA/LIV/250016","CRITICAL","SUSPECTED DUPLICATED TRANSACTION ON KACHASI",24.1450741665903,"Breached SLA"
"Signature Bank","KACHASI v2.x","SB/KA/LIV/250015","CRITICAL","FORM M NOT ON KACHASI - MF20250010980",1.8087547221221,"Within SLA"
"Signature Bank","KACHASI v2.x","SB/KA/LIV/250014","CRITICAL","FORM M NOT ON KACHASI - MF20250008022",67.9193205556367,"Breached SLA"
"Signature Bank","KACHASI v2.x","SB/KA/LIV/250013","CRITICAL","FORM M NOT ON KACHASI - MF20250007549",67.951691388851,"Breached SLA"
"Signature Bank","KACHASI v2.x","SB/KA/LIV/250012","CRITICAL","FORM M NOT ON KACHASI - MF20250003728",68.0639586111065,"Breached SLA"
"Signature Bank","KACHASI v2.x","SB/KA/LIV/250011","CRITICAL","UNABLE TO PULL ACCOUNT ON BRANCH 000",2.87937055563089,"Within SLA"
"Signature Bank","KACHASI v2.x","SB/KA/LIV/250010","CRITICAL","ADDITION OF CORRESPONDENCE BANK - RAND MERCHANT BANK",101.716817222186,"Breached SLA"
"Signature Bank","KACHASI v2.x","SB/KA/LIV/250009","CRITICAL","INABILITY TO PULL CUSTOMER ACCOUNT ON KACHASI",3.11039888905361,"Within SLA"
"Signature Bank","KACHASI v2.x","SB/KA/LIV/250008","CRITICAL","FORM M NOT ON KACHASI - MF20250003106",1.22318222222384,"Within SLA"
"Signature Bank","KACHASI v2.x","SB/KA/LIV/250007","CRITICAL","FORM M NOT ON KACHASI - MF20240053662",1.28389888897073,"Within SLA"
"Signature Bank","KACHASI v2.x","SB/KA/LIV/250006","CRITICAL","FORM M NOT ON KACHASI - MF20240062005",2.38186083332403,"Within SLA"
"Signature Bank","KACHASI v2.x","SB/KA/LIV/250005","CRITICAL","FORM M NOT ON KACHASI - MF20240048688",2.43401666666614,"Within SLA"
"Signature Bank","KACHASI v2.x","SB/KA/LIV/250004","CRITICAL","FORM M NOT ON KACHASI - MF20240061762",2.48055888887029,"Within SLA"
"Signature Bank","KACHASI v2.x","SB/KA/LIV/250003","CRITICAL","CANNOT DEBIT DOM FOR BC PAYMENT",1.7420886112377,"Within SLA"
"Signature Bank","KACHASI v2.x","SB/KA/LIV/250002","CRITICAL","ALL PRODUCT REPORT UPDATE",3.09571083326591,"Within SLA"
"Signature Bank","KACHASI v2.x","SB/KA/LIV/250001","CRITICAL","MF20240079246",1.22324416675838,"Within SLA"
"Signature Bank","KACHASI v2.x","SB/10/12/0024","MEDIUM","UNABLE TO APPROVE FOR FORM M EXTENSION",0.279708333313465,"Within SLA"
"Signature Bank","KACHASI v2.x","SB/20/11/0026","CRITICAL","AMENDMENT OF SUMMARY VALUE - UL25.000001",16.8542019443703,"Within SLA"
"Signature Bank","KACHASI v2.x","SB/20/11/0023","CRITICAL","ADDITION ON BOB UK ON BC PAY",3.09419416665332,"Within SLA"
"Signature Bank","KACHASI v2.x","SB/04/11/0022","HIGH","UNABLE to GENERATE REFERENCE for Bills for collection",28.9285463888082,"Within SLA"
"Signature Bank","KACHASI v2.x","SB/24/10/0021","CRITICAL","EXPORT DOM CANNOT BE DEBITTED FOR LC ENHANCEMENT",2.65646194451256,"Within SLA"
"Signature Bank","KACHASI v2.x","SB/06/10/0020","MEDIUM","UNABLE TO TAKE CHARGES - 2000043394",23.4303611110663,"Within SLA"
"Signature Bank","KACHASI v2.x","SB/17/09/0020","CRITICAL","FORM M MANUAL REF NOT LINKED TO RELATED REFERENCE",362.023257777735,"Breached SLA"
"Signature Bank","KACHASI v2.x","SB/02/09/0019","CRITICAL","ACCOUNT DETAILS WRONG",389.106867500057,"Breached SLA"
"Signature Bank","KACHASI v2.x","SB/02/09/0018","CRITICAL","GENERAL LEDGER",2.91402972227661,"Within SLA"
"Signature Bank","KACHASI v2.x","SB/02/09/0017","CRITICAL","BC NARATION ERROR",2.75492027762812,"Within SLA"
"Signature Bank","KACHASI v2.x","SB/28/08/0016","CRITICAL","CHANGE ACCOUNT 500003005 TO 600003026",120.046136666613,"Breached SLA"
"Signature Bank","KACHASI v2.x","SB/26/08/0013","CRITICAL","POSTING ERROR FOR TFA AND CORR BANK DETAILS",2021.10832888889,"Breached SLA"
"Signature Bank","KACHASI v2.x","SB/13/08/0015","CRITICAL","FORM M NOT ON KACHASI",19.2076894443599,"Within SLA"
"Signature Bank","KACHASI v2.x","SB/28/07/0011","CRITICAL","UNCONFIRMED LC",24.714892500022,"Breached SLA"
"Signature Bank","KACHASI v2.x","SB/28/07/0010","CRITICAL","POSTING ENTRIES NOT SHOWING FOR UNCONFIRMED",25.2858091667877,"Breached SLA"
"Signature Bank","KACHASI v2.x","SB/16/07/0014","CRITICAL","MANUAL POSTING VALUE ERROR",0.640980833326466,"Within SLA"
"Signature Bank","KACHASI v2.x","SB/09/07/0013","CRITICAL","FORM M NOT ON KACHASI",2.90396277769469,"Within SLA"
"Signature Bank","KACHASI v2.x","SB/08/07/0012","CRITICAL","FORM M NOT ON KACHASI",1.94788333325414,"Within SLA"
"Signature Bank","KACHASI v2.x","SB/30/06/0011","CRITICAL","FORM M NOT ON KACHASI",0.441978055634536,"Within SLA"
"Signature Bank","KACHASI v2.x","SB/26/06/0010","CRITICAL","UPDATE ON LC REGISTER REPORT",361.117761944421,"Breached SLA"
"Signature Bank","KACHASI v2.x","SB/24/06/0009","CRITICAL","POST NEG INTEREST NO ACCRUING",2069.20335333335,"Breached SLA"
"Signature Bank","KACHASI v2.x","SB/24/06/0008","CRITICAL","UPADTE OF REGISTER TILL DATE",74.8790011111996,"Breached SLA"
"Signature Bank","KACHASI v2.x","SB/23/06/0007","CRITICAL","KACHASI ERROR ON AMEND",21.3673480554717,"Within SLA"
"Signature Bank","KACHASI v2.x","SB/23/06/0006","CRITICAL","KACHASI ERROR ON PAY",1705.08121194458,"Breached SLA"
"Signature Bank","KACHASI v2.x","SB/18/06/0005","CRITICAL","CONTIGENT ENTRY ON ISSUANCE AND UPGRADE",331.743944999878,"Breached SLA"
"Signature Bank","KACHASI v2.x","SB/18/06/0004","CRITICAL","ACCOUNT DETAILS REMOVAL",20.7880130555131,"Within SLA"
"Signature Bank","KACHASI v2.x","SB/13/06/0003","CRITICAL","FORM M NOT ON KACHASI - MF20250051776",1.23371527780546,"Within SLA"
"Signature Bank","KACHASI v2.x","SB/10/06/0002","CRITICAL","FORM M NOT ON KACHASI",2.27399027778301,"Within SLA"
"Signature Bank","KACHASI v2.x","SB/05/06/0001","CRITICAL","FORM M NOT ON KACHASI",2.31888222217094,"Within SLA"
"Signature Bank","KACHASI v2.x","SB/KA/LIV/250031","CRITICAL","CONNECTION OF KACHASI WITH B'ODOGWU",502.100464999967,"Breached SLA"
"Signature Bank","KACHASI v2.x","SB/KA/LIV/250030","CRITICAL","KACHASI CANNOT DRAW NOSTRO TO DEBIT",25.1699258334702,"Breached SLA"
"Signature Bank","KACHASI v2.x","SB/KA/LIV/250029","CRITICAL","FORM M NOT ON KACHASI - MF20250032974",1.96660083340248,"Within SLA"
"Signature Bank","KACHASI v2.x","SB/KA/LIV/250028","CRITICAL","POSTING MISSING FOR DECREASE OF LC",29.6528963888995,"Breached SLA"
"Signature Bank","KACHASI v2.x","SB/KA/LIV/250027","CRITICAL","FORM M NOT ON KACHASI",0.599830000021029,"Within SLA"
"Signature Bank","KACHASI v2.x","SB/KA/LIV/250025","CRITICAL","FORM M NOT ON KACHASI",1.01230027765268,"Within SLA"
"Signature Bank","KACHASI v2.x","SB/KA/LIV/250024","CRITICAL","REPORT NOT UPDATED",22.0832566665486,"Within SLA"
"Signature Bank","KACHASI v2.x","SB/KA/LIV/250023","CRITICAL","TRADE AUTHORIZER CANNOT VIEW PRE AND POST NEG SUBMITTED",4.04266361100599,"Within SLA"
"Signature Bank","KACHASI v2.x","SB/KA/LIV/250022","CRITICAL","FORM M NOT ON KACHASI - MF20250021397",0.575721666624304,"Within SLA"
"Signature Bank","KACHASI v2.x","SB/KA/LIV/250021","CRITICAL","FORM M NOT ON KACHASI",0.706405833363533,"Within SLA"
"Signature Bank","KACHASI v2.x","SB/KA/LIV/250020","CRITICAL","PRE-NEG NOT ASSISGNED TO TRADE AUTHORIZER",0.798613055550959,"Within SLA"
"Signature Bank","KACHASI v2.x","SB/KA/LIV/250019","CRITICAL","BC NARRATION AND PRE-NEG NOT ON AUTHRIZER QUEUE",1.83328138897195,"Within SLA"
"Signature Bank","KACHASI v2.x","SB/KA/LIV/250018","CRITICAL","POST NEG POSTING NOT ON KACHASI -  CL24.000001",1.38167750003049,"Within SLA"
"Signature Bank","KACHASI v2.x","SB/KA/LIV/250017","CRITICAL","IRREGULAR VALUE FOR L24.000093/AMD-007",22.3298375001177,"Within SLA"
"Signature Bank","KACHASI v2.x","SB/KA/LIV/250016","CRITICAL","SUSPECTED DUPLICATED TRANSACTION ON KACHASI",24.1450741665903,"Breached SLA"
"Signature Bank","KACHASI v2.x","SB/KA/LIV/250015","CRITICAL","FORM M NOT ON KACHASI - MF20250010980",1.8087547221221,"Within SLA"
"Signature Bank","KACHASI v2.x","SB/KA/LIV/250014","CRITICAL","FORM M NOT ON KACHASI - MF20250008022",67.9193205556367,"Breached SLA"
"Signature Bank","KACHASI v2.x","SB/KA/LIV/250013","CRITICAL","FORM M NOT ON KACHASI - MF20250007549",67.951691388851,"Breached SLA"
"Signature Bank","KACHASI v2.x","SB/KA/LIV/250012","CRITICAL","FORM M NOT ON KACHASI - MF20250003728",68.0639586111065,"Breached SLA"
"Signature Bank","KACHASI v2.x","SB/KA/LIV/250011","CRITICAL","UNABLE TO PULL ACCOUNT ON BRANCH 000",2.87937055563089,"Within SLA"
"Signature Bank","KACHASI v2.x","SB/KA/LIV/250010","CRITICAL","ADDITION OF CORRESPONDENCE BANK - RAND MERCHANT BANK",101.716817222186,"Breached SLA"
"Signature Bank","KACHASI v2.x","SB/KA/LIV/250009","CRITICAL","INABILITY TO PULL CUSTOMER ACCOUNT ON KACHASI",3.11039888905361,"Within SLA"
"Signature Bank","KACHASI v2.x","SB/KA/LIV/250008","CRITICAL","FORM M NOT ON KACHASI - MF20250003106",1.22318222222384,"Within SLA"
"Signature Bank","KACHASI v2.x","SB/KA/LIV/250007","CRITICAL","FORM M NOT ON KACHASI - MF20240053662",1.28389888897073,"Within SLA"
"Signature Bank","KACHASI v2.x","SB/KA/LIV/250006","CRITICAL","FORM M NOT ON KACHASI - MF20240062005",2.38186083332403,"Within SLA"
"Signature Bank","KACHASI v2.x","SB/KA/LIV/250005","CRITICAL","FORM M NOT ON KACHASI - MF20240048688",2.43401666666614,"Within SLA"
"Signature Bank","KACHASI v2.x","SB/KA/LIV/250004","CRITICAL","FORM M NOT ON KACHASI - MF20240061762",2.48055888887029,"Within SLA"
"Signature Bank","KACHASI v2.x","SB/KA/LIV/250003","CRITICAL","CANNOT DEBIT DOM FOR BC PAYMENT",1.7420886112377,"Within SLA"
"Signature Bank","KACHASI v2.x","SB/KA/LIV/250002","CRITICAL","ALL PRODUCT REPORT UPDATE",3.09571083326591,"Within SLA"
"Signature Bank","KACHASI v2.x","SB/KA/LIV/250001","CRITICAL","MF20240079246",1.22324416675838,"Within SLA"
"Signature Bank","KACHASI v2.x","SB/10/12/0024","MEDIUM","UNABLE TO APPROVE FOR FORM M EXTENSION",0.279708333313465,"Within SLA"
"Signature Bank","KACHASI v2.x","SB/20/11/0026","CRITICAL","AMENDMENT OF SUMMARY VALUE - UL25.000001",16.8542019443703,"Within SLA"
"Signature Bank","KACHASI v2.x","SB/20/11/0023","CRITICAL","ADDITION ON BOB UK ON BC PAY",3.09419416665332,"Within SLA"
"Signature Bank","KACHASI v2.x","SB/04/11/0022","HIGH","UNABLE to GENERATE REFERENCE for Bills for collection",28.9285463888082,"Within SLA"
"Signature Bank","KACHASI v2.x","SB/24/10/0021","CRITICAL","EXPORT DOM CANNOT BE DEBITTED FOR LC ENHANCEMENT",2.65646194451256,"Within SLA"
"Signature Bank","KACHASI v2.x","SB/06/10/0020","MEDIUM","UNABLE TO TAKE CHARGES - 2000043394",23.4303611110663,"Within SLA"
"Signature Bank","KACHASI v2.x","SB/17/09/0020","CRITICAL","FORM M MANUAL REF NOT LINKED TO RELATED REFERENCE",362.023257777735,"Breached SLA"
"Signature Bank","KACHASI v2.x","SB/02/09/0019","CRITICAL","ACCOUNT DETAILS WRONG",389.106867500057,"Breached SLA"
"Signature Bank","KACHASI v2.x","SB/02/09/0018","CRITICAL","GENERAL LEDGER",2.91402972227661,"Within SLA"
"Signature Bank","KACHASI v2.x","SB/02/09/0017","CRITICAL","BC NARATION ERROR",2.75492027762812,"Within SLA"
"Signature Bank","KACHASI v2.x","SB/28/08/0016","CRITICAL","CHANGE ACCOUNT 500003005 TO 600003026",120.046136666613,"Breached SLA"
"Signature Bank","KACHASI v2.x","SB/26/08/0013","CRITICAL","POSTING ERROR FOR TFA AND CORR BANK DETAILS",2021.10832888889,"Breached SLA"
"Signature Bank","KACHASI v2.x","SB/13/08/0015","CRITICAL","FORM M NOT ON KACHASI",19.2076894443599,"Within SLA"
"Signature Bank","KACHASI v2.x","SB/28/07/0011","CRITICAL","UNCONFIRMED LC",24.714892500022,"Breached SLA"
"Signature Bank","KACHASI v2.x","SB/28/07/0010","CRITICAL","POSTING ENTRIES NOT SHOWING FOR UNCONFIRMED",25.2858091667877,"Breached SLA"
"Signature Bank","KACHASI v2.x","SB/16/07/0014","CRITICAL","MANUAL POSTING VALUE ERROR",0.640980833326466,"Within SLA"
"Signature Bank","KACHASI v2.x","SB/09/07/0013","CRITICAL","FORM M NOT ON KACHASI",2.90396277769469,"Within SLA"
"Signature Bank","KACHASI v2.x","SB/08/07/0012","CRITICAL","FORM M NOT ON KACHASI",1.94788333325414,"Within SLA"
"Signature Bank","KACHASI v2.x","SB/30/06/0011","CRITICAL","FORM M NOT ON KACHASI",0.441978055634536,"Within SLA"
"Signature Bank","KACHASI v2.x","SB/26/06/0010","CRITICAL","UPDATE ON LC REGISTER REPORT",361.117761944421,"Breached SLA"
"Signature Bank","KACHASI v2.x","SB/24/06/0009","CRITICAL","POST NEG INTEREST NO ACCRUING",2069.20335333335,"Breached SLA"
"Signature Bank","KACHASI v2.x","SB/24/06/0008","CRITICAL","UPADTE OF REGISTER TILL DATE",74.8790011111996,"Breached SLA"
"Signature Bank","KACHASI v2.x","SB/23/06/0007","CRITICAL","KACHASI ERROR ON AMEND",21.3673480554717,"Within SLA"
"Signature Bank","KACHASI v2.x","SB/23/06/0006","CRITICAL","KACHASI ERROR ON PAY",1705.08121194458,"Breached SLA"
"Signature Bank","KACHASI v2.x","SB/18/06/0005","CRITICAL","CONTIGENT ENTRY ON ISSUANCE AND UPGRADE",331.743944999878,"Breached SLA"
"Signature Bank","KACHASI v2.x","SB/18/06/0004","CRITICAL","ACCOUNT DETAILS REMOVAL",20.7880130555131,"Within SLA"
"Signature Bank","KACHASI v2.x","SB/13/06/0003","CRITICAL","FORM M NOT ON KACHASI - MF20250051776",1.23371527780546,"Within SLA"
"Signature Bank","KACHASI v2.x","SB/10/06/0002","CRITICAL","FORM M NOT ON KACHASI",2.27399027778301,"Within SLA"
"Signature Bank","KACHASI v2.x","SB/05/06/0001","CRITICAL","FORM M NOT ON KACHASI",2.31888222217094,"Within SLA"
"Signature Bank","KACHASI v2.x","SB/KA/LIV/250031","CRITICAL","CONNECTION OF KACHASI WITH B'ODOGWU",502.100464999967,"Breached SLA"
"Signature Bank","KACHASI v2.x","SB/KA/LIV/250030","CRITICAL","KACHASI CANNOT DRAW NOSTRO TO DEBIT",25.1699258334702,"Breached SLA"
"Signature Bank","KACHASI v2.x","SB/KA/LIV/250029","CRITICAL","FORM M NOT ON KACHASI - MF20250032974",1.96660083340248,"Within SLA"
"Signature Bank","KACHASI v2.x","SB/KA/LIV/250028","CRITICAL","POSTING MISSING FOR DECREASE OF LC",29.6528963888995,"Breached SLA"
"Signature Bank","KACHASI v2.x","SB/KA/LIV/250027","CRITICAL","FORM M NOT ON KACHASI",0.599830000021029,"Within SLA"
"Signature Bank","KACHASI v2.x","SB/KA/LIV/250025","CRITICAL","FORM M NOT ON KACHASI",1.01230027765268,"Within SLA"
"Signature Bank","KACHASI v2.x","SB/KA/LIV/250024","CRITICAL","REPORT NOT UPDATED",22.0832566665486,"Within SLA"
"Signature Bank","KACHASI v2.x","SB/KA/LIV/250023","CRITICAL","TRADE AUTHORIZER CANNOT VIEW PRE AND POST NEG SUBMITTED",4.04266361100599,"Within SLA"
"Signature Bank","KACHASI v2.x","SB/KA/LIV/250022","CRITICAL","FORM M NOT ON KACHASI - MF20250021397",0.575721666624304,"Within SLA"
"Signature Bank","KACHASI v2.x","SB/KA/LIV/250021","CRITICAL","FORM M NOT ON KACHASI",0.706405833363533,"Within SLA"
"Signature Bank","KACHASI v2.x","SB/KA/LIV/250020","CRITICAL","PRE-NEG NOT ASSISGNED TO TRADE AUTHORIZER",0.798613055550959,"Within SLA"
"Signature Bank","KACHASI v2.x","SB/KA/LIV/250019","CRITICAL","BC NARRATION AND PRE-NEG NOT ON AUTHRIZER QUEUE",1.83328138897195,"Within SLA"
"Signature Bank","KACHASI v2.x","SB/KA/LIV/250018","CRITICAL","POST NEG POSTING NOT ON KACHASI -  CL24.000001",1.38167750003049,"Within SLA"
"Signature Bank","KACHASI v2.x","SB/KA/LIV/250017","CRITICAL","IRREGULAR VALUE FOR L24.000093/AMD-007",22.3298375001177,"Within SLA"
"Signature Bank","KACHASI v2.x","SB/KA/LIV/250016","CRITICAL","SUSPECTED DUPLICATED TRANSACTION ON KACHASI",24.1450741665903,"Breached SLA"
"Signature Bank","KACHASI v2.x","SB/KA/LIV/250015","CRITICAL","FORM M NOT ON KACHASI - MF20250010980",1.8087547221221,"Within SLA"
"Signature Bank","KACHASI v2.x","SB/KA/LIV/250014","CRITICAL","FORM M NOT ON KACHASI - MF20250008022",67.9193205556367,"Breached SLA"
"Signature Bank","KACHASI v2.x","SB/KA/LIV/250013","CRITICAL","FORM M NOT ON KACHASI - MF20250007549",67.951691388851,"Breached SLA"
"Signature Bank","KACHASI v2.x","SB/KA/LIV/250012","CRITICAL","FORM M NOT ON KACHASI - MF20250003728",68.0639586111065,"Breached SLA"
"Signature Bank","KACHASI v2.x","SB/KA/LIV/250011","CRITICAL","UNABLE TO PULL ACCOUNT ON BRANCH 000",2.87937055563089,"Within SLA"
"Signature Bank","KACHASI v2.x","SB/KA/LIV/250010","CRITICAL","ADDITION OF CORRESPONDENCE BANK - RAND MERCHANT BANK",101.716817222186,"Breached SLA"
"Signature Bank","KACHASI v2.x","SB/KA/LIV/250009","CRITICAL","INABILITY TO PULL CUSTOMER ACCOUNT ON KACHASI",3.11039888905361,"Within SLA"
"Signature Bank","KACHASI v2.x","SB/KA/LIV/250008","CRITICAL","FORM M NOT ON KACHASI - MF20250003106",1.22318222222384,"Within SLA"
"Signature Bank","KACHASI v2.x","SB/KA/LIV/250007","CRITICAL","FORM M NOT ON KACHASI - MF20240053662",1.28389888897073,"Within SLA"
"Signature Bank","KACHASI v2.x","SB/KA/LIV/250006","CRITICAL","FORM M NOT ON KACHASI - MF20240062005",2.38186083332403,"Within SLA"
"Signature Bank","KACHASI v2.x","SB/KA/LIV/250005","CRITICAL","FORM M NOT ON KACHASI - MF20240048688",2.43401666666614,"Within SLA"
"Signature Bank","KACHASI v2.x","SB/KA/LIV/250004","CRITICAL","FORM M NOT ON KACHASI - MF20240061762",2.48055888887029,"Within SLA"
"Signature Bank","KACHASI v2.x","SB/KA/LIV/250003","CRITICAL","CANNOT DEBIT DOM FOR BC PAYMENT",1.7420886112377,"Within SLA"
"Signature Bank","KACHASI v2.x","SB/KA/LIV/250002","CRITICAL","ALL PRODUCT REPORT UPDATE",3.09571083326591,"Within SLA"
"Signature Bank","KACHASI v2.x","SB/KA/LIV/250001","CRITICAL","MF20240079246",1.22324416675838,"Within SLA"
"Signature Bank","KACHASI v2.x","SB/10/12/0024","MEDIUM","UNABLE TO APPROVE FOR FORM M EXTENSION",0.279708333313465,"Within SLA"
"Signature Bank","KACHASI v2.x","SB/20/11/0026","CRITICAL","AMENDMENT OF SUMMARY VALUE - UL25.000001",16.8542019443703,"Within SLA"
"Signature Bank","KACHASI v2.x","SB/20/11/0023","CRITICAL","ADDITION ON BOB UK ON BC PAY",3.09419416665332,"Within SLA"
"Signature Bank","KACHASI v2.x","SB/04/11/0022","HIGH","UNABLE to GENERATE REFERENCE for Bills for collection",28.9285463888082,"Within SLA"
"Signature Bank","KACHASI v2.x","SB/24/10/0021","CRITICAL","EXPORT DOM CANNOT BE DEBITTED FOR LC ENHANCEMENT",2.65646194451256,"Within SLA"
"Signature Bank","KACHASI v2.x","SB/06/10/0020","MEDIUM","UNABLE TO TAKE CHARGES - 2000043394",23.4303611110663,"Within SLA"
"Signature Bank","KACHASI v2.x","SB/17/09/0020","CRITICAL","FORM M MANUAL REF NOT LINKED TO RELATED REFERENCE",362.023257777735,"Breached SLA"
"Signature Bank","KACHASI v2.x","SB/02/09/0019","CRITICAL","ACCOUNT DETAILS WRONG",389.106867500057,"Breached SLA"
"Signature Bank","KACHASI v2.x","SB/02/09/0018","CRITICAL","GENERAL LEDGER",2.91402972227661,"Within SLA"
"Signature Bank","KACHASI v2.x","SB/02/09/0017","CRITICAL","BC NARATION ERROR",2.75492027762812,"Within SLA"
"Signature Bank","KACHASI v2.x","SB/28/08/0016","CRITICAL","CHANGE ACCOUNT 500003005 TO 600003026",120.046136666613,"Breached SLA"
"Signature Bank","KACHASI v2.x","SB/26/08/0013","CRITICAL","POSTING ERROR FOR TFA AND CORR BANK DETAILS",2021.10832888889,"Breached SLA"
"Signature Bank","KACHASI v2.x","SB/13/08/0015","CRITICAL","FORM M NOT ON KACHASI",19.2076894443599,"Within SLA"
"Signature Bank","KACHASI v2.x","SB/28/07/0011","CRITICAL","UNCONFIRMED LC",24.714892500022,"Breached SLA"
"Signature Bank","KACHASI v2.x","SB/28/07/0010","CRITICAL","POSTING ENTRIES NOT SHOWING FOR UNCONFIRMED",25.2858091667877,"Breached SLA"
"Signature Bank","KACHASI v2.x","SB/16/07/0014","CRITICAL","MANUAL POSTING VALUE ERROR",0.640980833326466,"Within SLA"
"Signature Bank","KACHASI v2.x","SB/09/07/0013","CRITICAL","FORM M NOT ON KACHASI",2.90396277769469,"Within SLA"
"Signature Bank","KACHASI v2.x","SB/08/07/0012","CRITICAL","FORM M NOT ON KACHASI",1.94788333325414,"Within SLA"
"Signature Bank","KACHASI v2.x","SB/30/06/0011","CRITICAL","FORM M NOT ON KACHASI",0.441978055634536,"Within SLA"
"Signature Bank","KACHASI v2.x","SB/26/06/0010","CRITICAL","UPDATE ON LC REGISTER REPORT",361.117761944421,"Breached SLA"
"Signature Bank","KACHASI v2.x","SB/24/06/0009","CRITICAL","POST NEG INTEREST NO ACCRUING",2069.20335333335,"Breached SLA"
"Signature Bank","KACHASI v2.x","SB/24/06/0008","CRITICAL","UPADTE OF REGISTER TILL DATE",74.8790011111996,"Breached SLA"
"Signature Bank","KACHASI v2.x","SB/23/06/0007","CRITICAL","KACHASI ERROR ON AMEND",21.3673480554717,"Within SLA"
"Signature Bank","KACHASI v2.x","SB/23/06/0006","CRITICAL","KACHASI ERROR ON PAY",1705.08121194458,"Breached SLA"
"Signature Bank","KACHASI v2.x","SB/18/06/0005","CRITICAL","CONTIGENT ENTRY ON ISSUANCE AND UPGRADE",331.743944999878,"Breached SLA"
"Signature Bank","KACHASI v2.x","SB/18/06/0004","CRITICAL","ACCOUNT DETAILS REMOVAL",20.7880130555131,"Within SLA"
"Signature Bank","KACHASI v2.x","SB/13/06/0003","CRITICAL","FORM M NOT ON KACHASI - MF20250051776",1.23371527780546,"Within SLA"
"Signature Bank","KACHASI v2.x","SB/10/06/0002","CRITICAL","FORM M NOT ON KACHASI",2.27399027778301,"Within SLA"
"Signature Bank","KACHASI v2.x","SB/05/06/0001","CRITICAL","FORM M NOT ON KACHASI",2.31888222217094,"Within SLA"
"Signature Bank","KACHASI v2.x","SB/KA/LIV/250031","CRITICAL","CONNECTION OF KACHASI WITH B'ODOGWU",502.100464999967,"Breached SLA"
"Signature Bank","KACHASI v2.x","SB/KA/LIV/250030","CRITICAL","KACHASI CANNOT DRAW NOSTRO TO DEBIT",25.1699258334702,"Breached SLA"
"Signature Bank","KACHASI v2.x","SB/KA/LIV/250029","CRITICAL","FORM M NOT ON KACHASI - MF20250032974",1.96660083340248,"Within SLA"
"Signature Bank","KACHASI v2.x","SB/KA/LIV/250028","CRITICAL","POSTING MISSING FOR DECREASE OF LC",29.6528963888995,"Breached SLA"
"Signature Bank","KACHASI v2.x","SB/KA/LIV/250027","CRITICAL","FORM M NOT ON KACHASI",0.599830000021029,"Within SLA"
"Signature Bank","KACHASI v2.x","SB/KA/LIV/250025","CRITICAL","FORM M NOT ON KACHASI",1.01230027765268,"Within SLA"
"Signature Bank","KACHASI v2.x","SB/KA/LIV/250024","CRITICAL","REPORT NOT UPDATED",22.0832566665486,"Within SLA"
"Signature Bank","KACHASI v2.x","SB/KA/LIV/250023","CRITICAL","TRADE AUTHORIZER CANNOT VIEW PRE AND POST NEG SUBMITTED",4.04266361100599,"Within SLA"
"Signature Bank","KACHASI v2.x","SB/KA/LIV/250022","CRITICAL","FORM M NOT ON KACHASI - MF20250021397",0.575721666624304,"Within SLA"
"Signature Bank","KACHASI v2.x","SB/KA/LIV/250021","CRITICAL","FORM M NOT ON KACHASI",0.706405833363533,"Within SLA"
"Signature Bank","KACHASI v2.x","SB/KA/LIV/250020","CRITICAL","PRE-NEG NOT ASSISGNED TO TRADE AUTHORIZER",0.798613055550959,"Within SLA"
"Signature Bank","KACHASI v2.x","SB/KA/LIV/250019","CRITICAL","BC NARRATION AND PRE-NEG NOT ON AUTHRIZER QUEUE",1.83328138897195,"Within SLA"
"Signature Bank","KACHASI v2.x","SB/KA/LIV/250018","CRITICAL","POST NEG POSTING NOT ON KACHASI -  CL24.000001",1.38167750003049,"Within SLA"
"Signature Bank","KACHASI v2.x","SB/KA/LIV/250017","CRITICAL","IRREGULAR VALUE FOR L24.000093/AMD-007",22.3298375001177,"Within SLA"
"Signature Bank","KACHASI v2.x","SB/KA/LIV/250016","CRITICAL","SUSPECTED DUPLICATED TRANSACTION ON KACHASI",24.1450741665903,"Breached SLA"
"Signature Bank","KACHASI v2.x","SB/KA/LIV/250015","CRITICAL","FORM M NOT ON KACHASI - MF20250010980",1.8087547221221,"Within SLA"
"Signature Bank","KACHASI v2.x","SB/KA/LIV/250014","CRITICAL","FORM M NOT ON KACHASI - MF20250008022",67.9193205556367,"Breached SLA"
"Signature Bank","KACHASI v2.x","SB/KA/LIV/250013","CRITICAL","FORM M NOT ON KACHASI - MF20250007549",67.951691388851,"Breached SLA"
"Signature Bank","KACHASI v2.x","SB/KA/LIV/250012","CRITICAL","FORM M NOT ON KACHASI - MF20250003728",68.0639586111065,"Breached SLA"
"Signature Bank","KACHASI v2.x","SB/KA/LIV/250011","CRITICAL","UNABLE TO PULL ACCOUNT ON BRANCH 000",2.87937055563089,"Within SLA"
"Signature Bank","KACHASI v2.x","SB/KA/LIV/250010","CRITICAL","ADDITION OF CORRESPONDENCE BANK - RAND MERCHANT BANK",101.716817222186,"Breached SLA"
"Signature Bank","KACHASI v2.x","SB/KA/LIV/250009","CRITICAL","INABILITY TO PULL CUSTOMER ACCOUNT ON KACHASI",3.11039888905361,"Within SLA"
"Signature Bank","KACHASI v2.x","SB/KA/LIV/250008","CRITICAL","FORM M NOT ON KACHASI - MF20250003106",1.22318222222384,"Within SLA"
"Signature Bank","KACHASI v2.x","SB/KA/LIV/250007","CRITICAL","FORM M NOT ON KACHASI - MF20240053662",1.28389888897073,"Within SLA"
"Signature Bank","KACHASI v2.x","SB/KA/LIV/250006","CRITICAL","FORM M NOT ON KACHASI - MF20240062005",2.38186083332403,"Within SLA"
"Signature Bank","KACHASI v2.x","SB/KA/LIV/250005","CRITICAL","FORM M NOT ON KACHASI - MF20240048688",2.43401666666614,"Within SLA"
"Signature Bank","KACHASI v2.x","SB/KA/LIV/250004","CRITICAL","FORM M NOT ON KACHASI - MF20240061762",2.48055888887029,"Within SLA"
"Signature Bank","KACHASI v2.x","SB/KA/LIV/250003","CRITICAL","CANNOT DEBIT DOM FOR BC PAYMENT",1.7420886112377,"Within SLA"
"Signature Bank","KACHASI v2.x","SB/KA/LIV/250002","CRITICAL","ALL PRODUCT REPORT UPDATE",3.09571083326591,"Within SLA"
"Signature Bank","KACHASI v2.x","SB/KA/LIV/250001","CRITICAL","MF20240079246",1.22324416675838,"Within SLA"
"Coronation Merchant Bank","KACHASI v1.x","CM/26/11/0032","HIGH","MULTIPLE DEBITS ON NXP CHARGE",215.25131166674,"Breached SLA"
"Coronation Merchant Bank","KACHASI v1.x","CM/24/11/0031","HIGH","UNABLE TO COLLECT CHARGE ON FORM M",4.37015666667139,"Within SLA"
"Coronation Merchant Bank","KACHASI v1.x","CM/24/11/0030","HIGH","UNABLE TO ISSUE LC",21.1130205554073,"Within SLA"
"Coronation Merchant Bank","KACHASI v1.x","CM/31/10/0029","CRITICAL","UNABLE TO LOGIN TO KACHASI",1.51161777775269,"Within SLA"
"Coronation Merchant Bank","KACHASI v1.x","CM/28/10/0028","HIGH","INTEREST STILL ACCRUING ON LIQUIDATED LOAN",190.737363055581,"Breached SLA"
"Coronation Merchant Bank","KACHASI v1.x","CM/08/10/0027","HIGH","Report - Expired Letters of Credits",136.012061111222,"Breached SLA"
"Coronation Merchant Bank","KACHASI v1.x","CM/30/09/0026","HIGH","OUTGOING MESSAGES",1.78691916674143,"Within SLA"
"Coronation Merchant Bank","KACHASI v1.x","CM/26/09/0025","CRITICAL","INTEREST STOPPED ACCRUING",148.436646111135,"Breached SLA"
"Coronation Merchant Bank","KACHASI v1.x","CM/25/09/0024","HIGH","UNABLE TO LODGE DOCUMENT",282.958421111223,"Breached SLA"
"Coronation Merchant Bank","KACHASI v1.x","CM/16/09/0023","HIGH","DUTY P;AYMENT ERROR",46.2336277778959,"Within SLA"
"Coronation Merchant Bank","KACHASI v1.x","CM/11/09/0022","MEDIUM","SWIFT DETAILS",361.466594444413,"Breached SLA"
"Coronation Merchant Bank","KACHASI v1.x","CM/09/09/0021","MEDIUM","INTEREST STOPPED ACCRUING ON KACHASI",43.5334736110526,"Within SLA"
"Coronation Merchant Bank","KACHASI v1.x","CM/26/08/0020","HIGH","INCORRECT LOAN STATUS",17.9191205556854,"Within SLA"
"Coronation Merchant Bank","KACHASI v1.x","CM/26/08/0019","HIGH","UNABLE TO EXTEND LOAN",176.58441444434,"Breached SLA"
"Coronation Merchant Bank","KACHASI v1.x","CM/26/08/0018","HIGH","MULTIPLE INTEREST ACCRUAL",24.9595586110954,"Within SLA"
"Coronation Merchant Bank","KACHASI v1.x","CM/12/08/0017","HIGH","UNABLE TO START UP NCS-REST",0.758095000055619,"Within SLA"
"Coronation Merchant Bank","KACHASI v1.x","CM/07/08/0016","HIGH","UNABLE TO ACCESS FORM A MODULE",26.5095538889291,"Within SLA"
"Coronation Merchant Bank","KACHASI v1.x","CM/05/08/0015","MEDIUM","ISSUE ON LC",17.4355680556619,"Within SLA"
"Coronation Merchant Bank","KACHASI v1.x","CM/04/08/0014","MEDIUM","INTEREST STOPS ACCRUING ON KACHASI",23.2672455555294,"Within SLA"
"Coronation Merchant Bank","KACHASI v1.x","CM/29/07/0013","HIGH","UNABLE TO LODGE DOCUMENT",56.345322222216,"Within SLA"
"Coronation Merchant Bank","KACHASI v1.x","CM/23/07/0012","HIGH","INTEREST ACCRUNING WRONGLY",191.087155277899,"Breached SLA"
"Coronation Merchant Bank","KACHASI v1.x","CM/22/07/0011","CRITICAL","UNABLE TO DEBIT CUSTOMER ACCOUNT",1.05235833325423,"Within SLA"
"Coronation Merchant Bank","KACHASI v1.x","CM/22/07/0010","HIGH","LC PROCESSING",1.65376916667446,"Within SLA"
"Coronation Merchant Bank","KACHASI v1.x","CM/16/07/0009","MEDIUM","INTEREST STILL ACCRUING ON THE OLD INTEREST RATE",218.500110277673,"Breached SLA"
"Coronation Merchant Bank","KACHASI v1.x","CM/09/07/0008","MEDIUM","UNABLE TO FETCH ASSESSMENT DETAILS FROM NCS-REST",18.5104474999825,"Within SLA"
"Coronation Merchant Bank","KACHASI v1.x","CM/07/07/0007","MEDIUM","LOAN EXTENSION ISSUES",549.816955277638,"Breached SLA"
"Coronation Merchant Bank","KACHASI v1.x","CM/25/06/0006","MEDIUM","INCOMPLETE VALUES ON FORM M CREATION",197.91586333327,"Breached SLA"
"Coronation Merchant Bank","KACHASI v1.x","CM/24/06/0005","HIGH","Urgent: Continuous Transaction Posting to Finacle Core Application",164.965313055553,"Breached SLA"
"Coronation Merchant Bank","KACHASI v1.x","CM/24/06/0004","MEDIUM","UNABLE TREAT DUTY ON KACHASI",23.6758144445485,"Within SLA"
"Coronation Merchant Bank","KACHASI v1.x","CM/23/06/0003","MEDIUM","UNABLE TO SUBMIT SUCCESSFULLY",261.512227222323,"Breached SLA"
"Coronation Merchant Bank","KACHASI v1.x","CM/16/06/0002","HIGH","UPDATE BODOGWU INTEGRATION",2262.53533722233,"Breached SLA"
"Coronation Merchant Bank","KACHASI v1.x","CM/04/06/0001","MEDIUM","UNABLE TO LODGE DOCUMENT ON KACHASI",365.067184444517,"Breached SLA"
"Coronation Merchant Bank","KACHASI v1.x","CM/TR/LIV/250024","HIGH","DELAYED FORM M DEBIT",827.416452222154,"Breached SLA"
"Coronation Merchant Bank","KACHASI v1.x","CM/TR/LIV/250023","CRITICAL","MANUAL CREATION OF FORM  M",49.8107358333073,"Breached SLA"
"Coronation Merchant Bank","KACHASI v1.x","CM/TR/LIV/250022","HIGH","UNABLE TO IMPORT NXP",3.12934361107182,"Within SLA"
"Coronation Merchant Bank","KACHASI v1.x","CM/TR/LIV/250021","MEDIUM","UNABLE TO GENERATE RECEIPT ON  KACHASI",6.65670027775923,"Within SLA"
"Coronation Merchant Bank","KACHASI v1.x","CM/TR/LIV/250019","MEDIUM","DUTY NOT IMPACTING THE RESPECTIVE GLs",125.782073333336,"Breached SLA"
"Coronation Merchant Bank","KACHASI v1.x","CM/TR/LIV/250018","HIGH","UNABLE TO GENERATE RECEIPT",4.30084805551451,"Within SLA"
"Coronation Merchant Bank","KACHASI v1.x","CM/TR/LIV/250017","HIGH","SWIFT MESSAGES NOT DROPPING",5.28848222218221,"Within SLA"
"Coronation Merchant Bank","KACHASI v1.x","CM/TR/LIV/250016","MEDIUM","CEDAR SWIFT DATE UPDATE",21.0051033332711,"Within SLA"
"Coronation Merchant Bank","KACHASI v1.x","CM/TR/LIV/250015","MEDIUM","UNABLE TO PRINT RECEIPT",2.54418333334615,"Within SLA"
"Coronation Merchant Bank","KACHASI v1.x","CM/TR/LIV/250014","MEDIUM","UNABLE TO AMEND AMOUNT",101.154903611052,"Within SLA"
"Coronation Merchant Bank","KACHASI v1.x","CM/TR/LIV/250012","MEDIUM","IMPORT DUTY",6.31601000006776,"Within SLA"
"Coronation Merchant Bank","KACHASI v1.x","CM/TR/LIV/250011","MEDIUM","ISSUE ON REFINANCING",20.0641422222834,"Within SLA"
"Coronation Merchant Bank","KACHASI v1.x","CM/TR/LIV/250010","MEDIUM","USER ADMIN LIST",0.196596111170948,"Within SLA"
"Coronation Merchant Bank","KACHASI v1.x","CM/TR/LIV/250009","MEDIUM","INCONSISTENT DATA",68.5266938888817,"Within SLA"
"Coronation Merchant Bank","KACHASI v1.x","CM/TR/LIV/250008","MEDIUM","DUTY PAYMENT INSTRUCTION LETTER",5.6601944444119,"Within SLA"
"Coronation Merchant Bank","KACHASI v1.x","CM/TR/LIV/250007","MEDIUM","FAILURE IN LIQUIDATION",21.6037858332857,"Within SLA"
"Coronation Merchant Bank","KACHASI v1.x","CM/TR/LIV/250004","MEDIUM","INTEREST ACCRUING ON TWO DIFFERENT INTEREST RATES",456.162733888894,"Breached SLA"
"Coronation Merchant Bank","KACHASI v1.x","CM/TR/LIV/250003","MEDIUM","IMPORT LC EXPIRY",45.9678963889601,"Within SLA"
"Coronation Merchant Bank","KACHASI v1.x","CM/TR/LIV/250002","HIGH","INTEREST ACCRUING ON DIFFERENT RATES",173.205461666628,"Breached SLA"
"Coronation Merchant Bank","KACHASI v1.x","CM/TR/LIV/250001","HIGH","MATURED LOAN STILL SHOWING ACCRUING AS STATUS",48.9748552777455,"Within SLA"
"Coronation Merchant Bank","KACHASI v1.x","CM/26/11/0032","HIGH","MULTIPLE DEBITS ON NXP CHARGE",215.25131166674,"Breached SLA"
"Coronation Merchant Bank","KACHASI v1.x","CM/24/11/0031","HIGH","UNABLE TO COLLECT CHARGE ON FORM M",4.37015666667139,"Within SLA"
"Coronation Merchant Bank","KACHASI v1.x","CM/24/11/0030","HIGH","UNABLE TO ISSUE LC",21.1130205554073,"Within SLA"
"Coronation Merchant Bank","KACHASI v1.x","CM/31/10/0029","CRITICAL","UNABLE TO LOGIN TO KACHASI",1.51161777775269,"Within SLA"
"Coronation Merchant Bank","KACHASI v1.x","CM/28/10/0028","HIGH","INTEREST STILL ACCRUING ON LIQUIDATED LOAN",190.737363055581,"Breached SLA"
"Coronation Merchant Bank","KACHASI v1.x","CM/08/10/0027","HIGH","Report - Expired Letters of Credits",136.012061111222,"Breached SLA"
"Coronation Merchant Bank","KACHASI v1.x","CM/30/09/0026","HIGH","OUTGOING MESSAGES",1.78691916674143,"Within SLA"
"Coronation Merchant Bank","KACHASI v1.x","CM/26/09/0025","CRITICAL","INTEREST STOPPED ACCRUING",148.436646111135,"Breached SLA"
"Coronation Merchant Bank","KACHASI v1.x","CM/25/09/0024","HIGH","UNABLE TO LODGE DOCUMENT",282.958421111223,"Breached SLA"
"Coronation Merchant Bank","KACHASI v1.x","CM/16/09/0023","HIGH","DUTY P;AYMENT ERROR",46.2336277778959,"Within SLA"
"Coronation Merchant Bank","KACHASI v1.x","CM/11/09/0022","MEDIUM","SWIFT DETAILS",361.466594444413,"Breached SLA"
"Coronation Merchant Bank","KACHASI v1.x","CM/09/09/0021","MEDIUM","INTEREST STOPPED ACCRUING ON KACHASI",43.5334736110526,"Within SLA"
"Coronation Merchant Bank","KACHASI v1.x","CM/26/08/0020","HIGH","INCORRECT LOAN STATUS",17.9191205556854,"Within SLA"
"Coronation Merchant Bank","KACHASI v1.x","CM/26/08/0019","HIGH","UNABLE TO EXTEND LOAN",176.58441444434,"Breached SLA"
"Coronation Merchant Bank","KACHASI v1.x","CM/26/08/0018","HIGH","MULTIPLE INTEREST ACCRUAL",24.9595586110954,"Within SLA"
"Coronation Merchant Bank","KACHASI v1.x","CM/12/08/0017","HIGH","UNABLE TO START UP NCS-REST",0.758095000055619,"Within SLA"
"Coronation Merchant Bank","KACHASI v1.x","CM/07/08/0016","HIGH","UNABLE TO ACCESS FORM A MODULE",26.5095538889291,"Within SLA"
"Coronation Merchant Bank","KACHASI v1.x","CM/05/08/0015","MEDIUM","ISSUE ON LC",17.4355680556619,"Within SLA"
"Coronation Merchant Bank","KACHASI v1.x","CM/04/08/0014","MEDIUM","INTEREST STOPS ACCRUING ON KACHASI",23.2672455555294,"Within SLA"
"Coronation Merchant Bank","KACHASI v1.x","CM/29/07/0013","HIGH","UNABLE TO LODGE DOCUMENT",56.345322222216,"Within SLA"
"Coronation Merchant Bank","KACHASI v1.x","CM/23/07/0012","HIGH","INTEREST ACCRUNING WRONGLY",191.087155277899,"Breached SLA"
"Coronation Merchant Bank","KACHASI v1.x","CM/22/07/0011","CRITICAL","UNABLE TO DEBIT CUSTOMER ACCOUNT",1.05235833325423,"Within SLA"
"Coronation Merchant Bank","KACHASI v1.x","CM/22/07/0010","HIGH","LC PROCESSING",1.65376916667446,"Within SLA"
"Coronation Merchant Bank","KACHASI v1.x","CM/16/07/0009","MEDIUM","INTEREST STILL ACCRUING ON THE OLD INTEREST RATE",218.500110277673,"Breached SLA"
"Coronation Merchant Bank","KACHASI v1.x","CM/09/07/0008","MEDIUM","UNABLE TO FETCH ASSESSMENT DETAILS FROM NCS-REST",18.5104474999825,"Within SLA"
"Coronation Merchant Bank","KACHASI v1.x","CM/07/07/0007","MEDIUM","LOAN EXTENSION ISSUES",549.816955277638,"Breached SLA"
"Coronation Merchant Bank","KACHASI v1.x","CM/25/06/0006","MEDIUM","INCOMPLETE VALUES ON FORM M CREATION",197.91586333327,"Breached SLA"
"Coronation Merchant Bank","KACHASI v1.x","CM/24/06/0005","HIGH","Urgent: Continuous Transaction Posting to Finacle Core Application",164.965313055553,"Breached SLA"
"Coronation Merchant Bank","KACHASI v1.x","CM/24/06/0004","MEDIUM","UNABLE TREAT DUTY ON KACHASI",23.6758144445485,"Within SLA"
"Coronation Merchant Bank","KACHASI v1.x","CM/23/06/0003","MEDIUM","UNABLE TO SUBMIT SUCCESSFULLY",261.512227222323,"Breached SLA"
"Coronation Merchant Bank","KACHASI v1.x","CM/16/06/0002","HIGH","UPDATE BODOGWU INTEGRATION",2262.53533722233,"Breached SLA"
"Coronation Merchant Bank","KACHASI v1.x","CM/04/06/0001","MEDIUM","UNABLE TO LODGE DOCUMENT ON KACHASI",365.067184444517,"Breached SLA"
"Coronation Merchant Bank","KACHASI v1.x","CM/TR/LIV/250024","HIGH","DELAYED FORM M DEBIT",827.416452222154,"Breached SLA"
"Coronation Merchant Bank","KACHASI v1.x","CM/TR/LIV/250023","CRITICAL","MANUAL CREATION OF FORM  M",49.8107358333073,"Breached SLA"
"Coronation Merchant Bank","KACHASI v1.x","CM/TR/LIV/250022","HIGH","UNABLE TO IMPORT NXP",3.12934361107182,"Within SLA"
"Coronation Merchant Bank","KACHASI v1.x","CM/TR/LIV/250021","MEDIUM","UNABLE TO GENERATE RECEIPT ON  KACHASI",6.65670027775923,"Within SLA"
"Coronation Merchant Bank","KACHASI v1.x","CM/TR/LIV/250019","MEDIUM","DUTY NOT IMPACTING THE RESPECTIVE GLs",125.782073333336,"Breached SLA"
"Coronation Merchant Bank","KACHASI v1.x","CM/TR/LIV/250018","HIGH","UNABLE TO GENERATE RECEIPT",4.30084805551451,"Within SLA"
"Coronation Merchant Bank","KACHASI v1.x","CM/TR/LIV/250017","HIGH","SWIFT MESSAGES NOT DROPPING",5.28848222218221,"Within SLA"
"Coronation Merchant Bank","KACHASI v1.x","CM/TR/LIV/250016","MEDIUM","CEDAR SWIFT DATE UPDATE",21.0051033332711,"Within SLA"
"Coronation Merchant Bank","KACHASI v1.x","CM/TR/LIV/250015","MEDIUM","UNABLE TO PRINT RECEIPT",2.54418333334615,"Within SLA"
"Coronation Merchant Bank","KACHASI v1.x","CM/TR/LIV/250014","MEDIUM","UNABLE TO AMEND AMOUNT",101.154903611052,"Within SLA"
"Coronation Merchant Bank","KACHASI v1.x","CM/TR/LIV/250012","MEDIUM","IMPORT DUTY",6.31601000006776,"Within SLA"
"Coronation Merchant Bank","KACHASI v1.x","CM/TR/LIV/250011","MEDIUM","ISSUE ON REFINANCING",20.0641422222834,"Within SLA"
"Coronation Merchant Bank","KACHASI v1.x","CM/TR/LIV/250010","MEDIUM","USER ADMIN LIST",0.196596111170948,"Within SLA"
"Coronation Merchant Bank","KACHASI v1.x","CM/TR/LIV/250009","MEDIUM","INCONSISTENT DATA",68.5266938888817,"Within SLA"
"Coronation Merchant Bank","KACHASI v1.x","CM/TR/LIV/250008","MEDIUM","DUTY PAYMENT INSTRUCTION LETTER",5.6601944444119,"Within SLA"
"Coronation Merchant Bank","KACHASI v1.x","CM/TR/LIV/250007","MEDIUM","FAILURE IN LIQUIDATION",21.6037858332857,"Within SLA"
"Coronation Merchant Bank","KACHASI v1.x","CM/TR/LIV/250004","MEDIUM","INTEREST ACCRUING ON TWO DIFFERENT INTEREST RATES",456.162733888894,"Breached SLA"
"Coronation Merchant Bank","KACHASI v1.x","CM/TR/LIV/250003","MEDIUM","IMPORT LC EXPIRY",45.9678963889601,"Within SLA"
"Coronation Merchant Bank","KACHASI v1.x","CM/TR/LIV/250002","HIGH","INTEREST ACCRUING ON DIFFERENT RATES",173.205461666628,"Breached SLA"
"Coronation Merchant Bank","KACHASI v1.x","CM/TR/LIV/250001","HIGH","MATURED LOAN STILL SHOWING ACCRUING AS STATUS",48.9748552777455,"Within SLA"
"Coronation Merchant Bank","KACHASI v1.x","CM/26/11/0032","HIGH","MULTIPLE DEBITS ON NXP CHARGE",215.25131166674,"Breached SLA"
"Coronation Merchant Bank","KACHASI v1.x","CM/24/11/0031","HIGH","UNABLE TO COLLECT CHARGE ON FORM M",4.37015666667139,"Within SLA"
"Coronation Merchant Bank","KACHASI v1.x","CM/24/11/0030","HIGH","UNABLE TO ISSUE LC",21.1130205554073,"Within SLA"
"Coronation Merchant Bank","KACHASI v1.x","CM/31/10/0029","CRITICAL","UNABLE TO LOGIN TO KACHASI",1.51161777775269,"Within SLA"
"Coronation Merchant Bank","KACHASI v1.x","CM/28/10/0028","HIGH","INTEREST STILL ACCRUING ON LIQUIDATED LOAN",190.737363055581,"Breached SLA"
"Coronation Merchant Bank","KACHASI v1.x","CM/08/10/0027","HIGH","Report - Expired Letters of Credits",136.012061111222,"Breached SLA"
"Coronation Merchant Bank","KACHASI v1.x","CM/30/09/0026","HIGH","OUTGOING MESSAGES",1.78691916674143,"Within SLA"
"Coronation Merchant Bank","KACHASI v1.x","CM/26/09/0025","CRITICAL","INTEREST STOPPED ACCRUING",148.436646111135,"Breached SLA"
"Coronation Merchant Bank","KACHASI v1.x","CM/25/09/0024","HIGH","UNABLE TO LODGE DOCUMENT",282.958421111223,"Breached SLA"
"Coronation Merchant Bank","KACHASI v1.x","CM/16/09/0023","HIGH","DUTY P;AYMENT ERROR",46.2336277778959,"Within SLA"
"Coronation Merchant Bank","KACHASI v1.x","CM/11/09/0022","MEDIUM","SWIFT DETAILS",361.466594444413,"Breached SLA"
"Coronation Merchant Bank","KACHASI v1.x","CM/09/09/0021","MEDIUM","INTEREST STOPPED ACCRUING ON KACHASI",43.5334736110526,"Within SLA"
"Coronation Merchant Bank","KACHASI v1.x","CM/26/08/0020","HIGH","INCORRECT LOAN STATUS",17.9191205556854,"Within SLA"
"Coronation Merchant Bank","KACHASI v1.x","CM/26/08/0019","HIGH","UNABLE TO EXTEND LOAN",176.58441444434,"Breached SLA"
"Coronation Merchant Bank","KACHASI v1.x","CM/26/08/0018","HIGH","MULTIPLE INTEREST ACCRUAL",24.9595586110954,"Within SLA"
"Coronation Merchant Bank","KACHASI v1.x","CM/12/08/0017","HIGH","UNABLE TO START UP NCS-REST",0.758095000055619,"Within SLA"
"Coronation Merchant Bank","KACHASI v1.x","CM/07/08/0016","HIGH","UNABLE TO ACCESS FORM A MODULE",26.5095538889291,"Within SLA"
"Coronation Merchant Bank","KACHASI v1.x","CM/05/08/0015","MEDIUM","ISSUE ON LC",17.4355680556619,"Within SLA"
"Coronation Merchant Bank","KACHASI v1.x","CM/04/08/0014","MEDIUM","INTEREST STOPS ACCRUING ON KACHASI",23.2672455555294,"Within SLA"
"Coronation Merchant Bank","KACHASI v1.x","CM/29/07/0013","HIGH","UNABLE TO LODGE DOCUMENT",56.345322222216,"Within SLA"
"Coronation Merchant Bank","KACHASI v1.x","CM/23/07/0012","HIGH","INTEREST ACCRUNING WRONGLY",191.087155277899,"Breached SLA"
"Coronation Merchant Bank","KACHASI v1.x","CM/22/07/0011","CRITICAL","UNABLE TO DEBIT CUSTOMER ACCOUNT",1.05235833325423,"Within SLA"
"Coronation Merchant Bank","KACHASI v1.x","CM/22/07/0010","HIGH","LC PROCESSING",1.65376916667446,"Within SLA"
"Coronation Merchant Bank","KACHASI v1.x","CM/16/07/0009","MEDIUM","INTEREST STILL ACCRUING ON THE OLD INTEREST RATE",218.500110277673,"Breached SLA"
"Coronation Merchant Bank","KACHASI v1.x","CM/09/07/0008","MEDIUM","UNABLE TO FETCH ASSESSMENT DETAILS FROM NCS-REST",18.5104474999825,"Within SLA"
"Coronation Merchant Bank","KACHASI v1.x","CM/07/07/0007","MEDIUM","LOAN EXTENSION ISSUES",549.816955277638,"Breached SLA"
"Coronation Merchant Bank","KACHASI v1.x","CM/25/06/0006","MEDIUM","INCOMPLETE VALUES ON FORM M CREATION",197.91586333327,"Breached SLA"
"Coronation Merchant Bank","KACHASI v1.x","CM/24/06/0005","HIGH","Urgent: Continuous Transaction Posting to Finacle Core Application",164.965313055553,"Breached SLA"
"Coronation Merchant Bank","KACHASI v1.x","CM/24/06/0004","MEDIUM","UNABLE TREAT DUTY ON KACHASI",23.6758144445485,"Within SLA"
"Coronation Merchant Bank","KACHASI v1.x","CM/23/06/0003","MEDIUM","UNABLE TO SUBMIT SUCCESSFULLY",261.512227222323,"Breached SLA"
"Coronation Merchant Bank","KACHASI v1.x","CM/16/06/0002","HIGH","UPDATE BODOGWU INTEGRATION",2262.53533722233,"Breached SLA"
"Coronation Merchant Bank","KACHASI v1.x","CM/04/06/0001","MEDIUM","UNABLE TO LODGE DOCUMENT ON KACHASI",365.067184444517,"Breached SLA"
"Coronation Merchant Bank","KACHASI v1.x","CM/TR/LIV/250024","HIGH","DELAYED FORM M DEBIT",827.416452222154,"Breached SLA"
"Coronation Merchant Bank","KACHASI v1.x","CM/TR/LIV/250023","CRITICAL","MANUAL CREATION OF FORM  M",49.8107358333073,"Breached SLA"
"Coronation Merchant Bank","KACHASI v1.x","CM/TR/LIV/250022","HIGH","UNABLE TO IMPORT NXP",3.12934361107182,"Within SLA"
"Coronation Merchant Bank","KACHASI v1.x","CM/TR/LIV/250021","MEDIUM","UNABLE TO GENERATE RECEIPT ON  KACHASI",6.65670027775923,"Within SLA"
"Coronation Merchant Bank","KACHASI v1.x","CM/TR/LIV/250019","MEDIUM","DUTY NOT IMPACTING THE RESPECTIVE GLs",125.782073333336,"Breached SLA"
"Coronation Merchant Bank","KACHASI v1.x","CM/TR/LIV/250018","HIGH","UNABLE TO GENERATE RECEIPT",4.30084805551451,"Within SLA"
"Coronation Merchant Bank","KACHASI v1.x","CM/TR/LIV/250017","HIGH","SWIFT MESSAGES NOT DROPPING",5.28848222218221,"Within SLA"
"Coronation Merchant Bank","KACHASI v1.x","CM/TR/LIV/250016","MEDIUM","CEDAR SWIFT DATE UPDATE",21.0051033332711,"Within SLA"
"Coronation Merchant Bank","KACHASI v1.x","CM/TR/LIV/250015","MEDIUM","UNABLE TO PRINT RECEIPT",2.54418333334615,"Within SLA"
"Coronation Merchant Bank","KACHASI v1.x","CM/TR/LIV/250014","MEDIUM","UNABLE TO AMEND AMOUNT",101.154903611052,"Within SLA"
"Coronation Merchant Bank","KACHASI v1.x","CM/TR/LIV/250012","MEDIUM","IMPORT DUTY",6.31601000006776,"Within SLA"
"Coronation Merchant Bank","KACHASI v1.x","CM/TR/LIV/250011","MEDIUM","ISSUE ON REFINANCING",20.0641422222834,"Within SLA"
"Coronation Merchant Bank","KACHASI v1.x","CM/TR/LIV/250010","MEDIUM","USER ADMIN LIST",0.196596111170948,"Within SLA"
"Coronation Merchant Bank","KACHASI v1.x","CM/TR/LIV/250009","MEDIUM","INCONSISTENT DATA",68.5266938888817,"Within SLA"
"Coronation Merchant Bank","KACHASI v1.x","CM/TR/LIV/250008","MEDIUM","DUTY PAYMENT INSTRUCTION LETTER",5.6601944444119,"Within SLA"
"Coronation Merchant Bank","KACHASI v1.x","CM/TR/LIV/250007","MEDIUM","FAILURE IN LIQUIDATION",21.6037858332857,"Within SLA"
"Coronation Merchant Bank","KACHASI v1.x","CM/TR/LIV/250004","MEDIUM","INTEREST ACCRUING ON TWO DIFFERENT INTEREST RATES",456.162733888894,"Breached SLA"
"Coronation Merchant Bank","KACHASI v1.x","CM/TR/LIV/250003","MEDIUM","IMPORT LC EXPIRY",45.9678963889601,"Within SLA"
"Coronation Merchant Bank","KACHASI v1.x","CM/TR/LIV/250002","HIGH","INTEREST ACCRUING ON DIFFERENT RATES",173.205461666628,"Breached SLA"
"Coronation Merchant Bank","KACHASI v1.x","CM/TR/LIV/250001","HIGH","MATURED LOAN STILL SHOWING ACCRUING AS STATUS",48.9748552777455,"Within SLA"
"Signature Bank","KACHASI v2.x","SB/10/12/0024","MEDIUM","UNABLE TO APPROVE FOR FORM M EXTENSION",0.279708333313465,"Within SLA"
"Signature Bank","KACHASI v2.x","SB/20/11/0026","CRITICAL","AMENDMENT OF SUMMARY VALUE - UL25.000001",16.8542019443703,"Within SLA"
"Signature Bank","KACHASI v2.x","SB/20/11/0023","CRITICAL","ADDITION ON BOB UK ON BC PAY",3.09419416665332,"Within SLA"
"Signature Bank","KACHASI v2.x","SB/04/11/0022","HIGH","UNABLE to GENERATE REFERENCE for Bills for collection",28.9285463888082,"Within SLA"
"Signature Bank","KACHASI v2.x","SB/24/10/0021","CRITICAL","EXPORT DOM CANNOT BE DEBITTED FOR LC ENHANCEMENT",2.65646194451256,"Within SLA"
"Signature Bank","KACHASI v2.x","SB/06/10/0020","MEDIUM","UNABLE TO TAKE CHARGES - 2000043394",23.4303611110663,"Within SLA"
"Signature Bank","KACHASI v2.x","SB/17/09/0020","CRITICAL","FORM M MANUAL REF NOT LINKED TO RELATED REFERENCE",362.023257777735,"Breached SLA"
"Signature Bank","KACHASI v2.x","SB/02/09/0019","CRITICAL","ACCOUNT DETAILS WRONG",389.106867500057,"Breached SLA"
"Signature Bank","KACHASI v2.x","SB/02/09/0018","CRITICAL","GENERAL LEDGER",2.91402972227661,"Within SLA"
"Signature Bank","KACHASI v2.x","SB/02/09/0017","CRITICAL","BC NARATION ERROR",2.75492027762812,"Within SLA"
"Signature Bank","KACHASI v2.x","SB/28/08/0016","CRITICAL","CHANGE ACCOUNT 500003005 TO 600003026",120.046136666613,"Breached SLA"
"Signature Bank","KACHASI v2.x","SB/26/08/0013","CRITICAL","POSTING ERROR FOR TFA AND CORR BANK DETAILS",2021.10832888889,"Breached SLA"
"Signature Bank","KACHASI v2.x","SB/13/08/0015","CRITICAL","FORM M NOT ON KACHASI",19.2076894443599,"Within SLA"
"Signature Bank","KACHASI v2.x","SB/28/07/0011","CRITICAL","UNCONFIRMED LC",24.714892500022,"Breached SLA"
"Signature Bank","KACHASI v2.x","SB/28/07/0010","CRITICAL","POSTING ENTRIES NOT SHOWING FOR UNCONFIRMED",25.2858091667877,"Breached SLA"
"Signature Bank","KACHASI v2.x","SB/16/07/0014","CRITICAL","MANUAL POSTING VALUE ERROR",0.640980833326466,"Within SLA"
"Signature Bank","KACHASI v2.x","SB/09/07/0013","CRITICAL","FORM M NOT ON KACHASI",2.90396277769469,"Within SLA"
"Signature Bank","KACHASI v2.x","SB/08/07/0012","CRITICAL","FORM M NOT ON KACHASI",1.94788333325414,"Within SLA"
"Signature Bank","KACHASI v2.x","SB/30/06/0011","CRITICAL","FORM M NOT ON KACHASI",0.441978055634536,"Within SLA"
"Signature Bank","KACHASI v2.x","SB/26/06/0010","CRITICAL","UPDATE ON LC REGISTER REPORT",361.117761944421,"Breached SLA"
"Signature Bank","KACHASI v2.x","SB/24/06/0009","CRITICAL","POST NEG INTEREST NO ACCRUING",2069.20335333335,"Breached SLA"
"Signature Bank","KACHASI v2.x","SB/24/06/0008","CRITICAL","UPADTE OF REGISTER TILL DATE",74.8790011111996,"Breached SLA"
"Signature Bank","KACHASI v2.x","SB/23/06/0007","CRITICAL","KACHASI ERROR ON AMEND",21.3673480554717,"Within SLA"
"Signature Bank","KACHASI v2.x","SB/23/06/0006","CRITICAL","KACHASI ERROR ON PAY",1705.08121194458,"Breached SLA"
"Signature Bank","KACHASI v2.x","SB/18/06/0005","CRITICAL","CONTIGENT ENTRY ON ISSUANCE AND UPGRADE",331.743944999878,"Breached SLA"
"Signature Bank","KACHASI v2.x","SB/18/06/0004","CRITICAL","ACCOUNT DETAILS REMOVAL",20.7880130555131,"Within SLA"
"Signature Bank","KACHASI v2.x","SB/13/06/0003","CRITICAL","FORM M NOT ON KACHASI - MF20250051776",1.23371527780546,"Within SLA"
"Signature Bank","KACHASI v2.x","SB/10/06/0002","CRITICAL","FORM M NOT ON KACHASI",2.27399027778301,"Within SLA"
"Signature Bank","KACHASI v2.x","SB/05/06/0001","CRITICAL","FORM M NOT ON KACHASI",2.31888222217094,"Within SLA"
"Signature Bank","KACHASI v2.x","SB/KA/LIV/250031","CRITICAL","CONNECTION OF KACHASI WITH B'ODOGWU",502.100464999967,"Breached SLA"
"Signature Bank","KACHASI v2.x","SB/KA/LIV/250030","CRITICAL","KACHASI CANNOT DRAW NOSTRO TO DEBIT",25.1699258334702,"Breached SLA"
"Signature Bank","KACHASI v2.x","SB/KA/LIV/250029","CRITICAL","FORM M NOT ON KACHASI - MF20250032974",1.96660083340248,"Within SLA"
"Signature Bank","KACHASI v2.x","SB/KA/LIV/250028","CRITICAL","POSTING MISSING FOR DECREASE OF LC",29.6528963888995,"Breached SLA"
"Signature Bank","KACHASI v2.x","SB/KA/LIV/250027","CRITICAL","FORM M NOT ON KACHASI",0.599830000021029,"Within SLA"
"Signature Bank","KACHASI v2.x","SB/KA/LIV/250025","CRITICAL","FORM M NOT ON KACHASI",1.01230027765268,"Within SLA"
"Signature Bank","KACHASI v2.x","SB/KA/LIV/250024","CRITICAL","REPORT NOT UPDATED",22.0832566665486,"Within SLA"
"Signature Bank","KACHASI v2.x","SB/KA/LIV/250023","CRITICAL","TRADE AUTHORIZER CANNOT VIEW PRE AND POST NEG SUBMITTED",4.04266361100599,"Within SLA"
"Signature Bank","KACHASI v2.x","SB/KA/LIV/250022","CRITICAL","FORM M NOT ON KACHASI - MF20250021397",0.575721666624304,"Within SLA"
"Signature Bank","KACHASI v2.x","SB/KA/LIV/250021","CRITICAL","FORM M NOT ON KACHASI",0.706405833363533,"Within SLA"
"Signature Bank","KACHASI v2.x","SB/KA/LIV/250020","CRITICAL","PRE-NEG NOT ASSISGNED TO TRADE AUTHORIZER",0.798613055550959,"Within SLA"
"Signature Bank","KACHASI v2.x","SB/KA/LIV/250019","CRITICAL","BC NARRATION AND PRE-NEG NOT ON AUTHRIZER QUEUE",1.83328138897195,"Within SLA"
"Signature Bank","KACHASI v2.x","SB/KA/LIV/250018","CRITICAL","POST NEG POSTING NOT ON KACHASI -  CL24.000001",1.38167750003049,"Within SLA"
"Signature Bank","KACHASI v2.x","SB/KA/LIV/250017","CRITICAL","IRREGULAR VALUE FOR L24.000093/AMD-007",22.3298375001177,"Within SLA"
"Signature Bank","KACHASI v2.x","SB/KA/LIV/250016","CRITICAL","SUSPECTED DUPLICATED TRANSACTION ON KACHASI",24.1450741665903,"Breached SLA"
"Signature Bank","KACHASI v2.x","SB/KA/LIV/250015","CRITICAL","FORM M NOT ON KACHASI - MF20250010980",1.8087547221221,"Within SLA"
"Signature Bank","KACHASI v2.x","SB/KA/LIV/250014","CRITICAL","FORM M NOT ON KACHASI - MF20250008022",67.9193205556367,"Breached SLA"
"Signature Bank","KACHASI v2.x","SB/KA/LIV/250013","CRITICAL","FORM M NOT ON KACHASI - MF20250007549",67.951691388851,"Breached SLA"
"Signature Bank","KACHASI v2.x","SB/KA/LIV/250012","CRITICAL","FORM M NOT ON KACHASI - MF20250003728",68.0639586111065,"Breached SLA"
"Signature Bank","KACHASI v2.x","SB/KA/LIV/250011","CRITICAL","UNABLE TO PULL ACCOUNT ON BRANCH 000",2.87937055563089,"Within SLA"
"Signature Bank","KACHASI v2.x","SB/KA/LIV/250010","CRITICAL","ADDITION OF CORRESPONDENCE BANK - RAND MERCHANT BANK",101.716817222186,"Breached SLA"
"Signature Bank","KACHASI v2.x","SB/KA/LIV/250009","CRITICAL","INABILITY TO PULL CUSTOMER ACCOUNT ON KACHASI",3.11039888905361,"Within SLA"
"Signature Bank","KACHASI v2.x","SB/KA/LIV/250008","CRITICAL","FORM M NOT ON KACHASI - MF20250003106",1.22318222222384,"Within SLA"
"Signature Bank","KACHASI v2.x","SB/KA/LIV/250007","CRITICAL","FORM M NOT ON KACHASI - MF20240053662",1.28389888897073,"Within SLA"
"Signature Bank","KACHASI v2.x","SB/KA/LIV/250006","CRITICAL","FORM M NOT ON KACHASI - MF20240062005",2.38186083332403,"Within SLA"
"Signature Bank","KACHASI v2.x","SB/KA/LIV/250005","CRITICAL","FORM M NOT ON KACHASI - MF20240048688",2.43401666666614,"Within SLA"
"Signature Bank","KACHASI v2.x","SB/KA/LIV/250004","CRITICAL","FORM M NOT ON KACHASI - MF20240061762",2.48055888887029,"Within SLA"
"Signature Bank","KACHASI v2.x","SB/KA/LIV/250003","CRITICAL","CANNOT DEBIT DOM FOR BC PAYMENT",1.7420886112377,"Within SLA"
"Signature Bank","KACHASI v2.x","SB/KA/LIV/250002","CRITICAL","ALL PRODUCT REPORT UPDATE",3.09571083326591,"Within SLA"
"Signature Bank","KACHASI v2.x","SB/KA/LIV/250001","CRITICAL","MF20240079246",1.22324416675838,"Within SLA"
"Fidelity Bank","KACHASI v2.x","FI/31/12/0072","CRITICAL","Kachasi EOD on 30th moved date to 2026",120.573915833258,"Breached SLA"
"Fidelity Bank","KACHASI v2.x","FI/29/12/0071","HIGH","Duplicated amounts observed during the booking of the Bills Loan",537.879424166749,"Breached SLA"
"Fidelity Bank","KACHASI v2.x","FI/22/12/0070","HIGH","LOAN BOOKING ERROR AND REQUEST FOR ASSISTANCE",26.9495986110996,"Within SLA"
"Fidelity Bank","KACHASI v2.x","FI/18/12/0069","HIGH","KACHASI ERROR ON REPAYMENT",125.527950555494,"Breached SLA"
"Fidelity Bank","KACHASI v2.x","FI/17/12/0068","HIGH","UNABLE TO CREATE CUSTOMER GROUP TO DRAW FROM LIMIT SET UP",25.5123591666925,"Within SLA"
"Fidelity Bank","KACHASI v2.x","FI/12/12/0067","HIGH","DUPLICATE KACHASI LOAN REFERENCES FOR JAMARA OPERATIONS LTD",137.374591111089,"Breached SLA"
"Fidelity Bank","KACHASI v2.x","FI/08/12/0066","HIGH","MT752 WITHOUT CHARGE ENTRIES",25.7658544443548,"Within SLA"
"Fidelity Bank","KACHASI v2.x","FI/01/12/0065","CRITICAL","Optimus application down",261.712685555569,"Breached SLA"
"Fidelity Bank","KACHASI v2.x","FI/25/11/0063","HIGH","ERROR ECOUNTERED ON PAYMENT PROCESSING FB25ILU00109 - JAMARA - $98,700",21.6521427778644,"Within SLA"
"Fidelity Bank","KACHASI v2.x","FI/18/11/0062","HIGH","DUPLICATED INTEREST CHARGES ON FB25ILL00032 - FB25POST00071",1252.53715194447,"Breached SLA"
"Fidelity Bank","KACHASI v2.x","FI/18/11/0061","HIGH","UNABLE TO AUTHORIZE AMENDMENT ON FB25ILU00183 ON KACHSI",6.09241361101158,"Within SLA"
"Fidelity Bank","KACHASI v2.x","FI/12/11/0060","HIGH","Unable to Approve FORM M MF20250111750 MF20250117451",2069.37972583319,"Breached SLA"
"Fidelity Bank","KACHASI v2.x","FI/07/11/0059","HIGH","Double Posting",2687.11450444447,"Breached SLA"
"Fidelity Bank","KACHASI v2.x","FI/06/11/0058","MEDIUM","Error submitting Loan Liquidation",2211.91625999997,"Breached SLA"
"Fidelity Bank","KACHASI v2.x","FI/03/11/0057","CRITICAL","Duplicated Swift Message for FB251020OTP0198",354.964628333459,"Breached SLA"
"Fidelity Bank","KACHASI v2.x","FI/30/10/0056","HIGH","Unable to Generate Receipt for Excise and Import Duty",163.120693055622,"Breached SLA"
"Fidelity Bank","KACHASI v2.x","FI/24/10/0055","MEDIUM","Optimus Email Notification Email",3127.5025886111,"Breached SLA"
"Fidelity Bank","KACHASI v2.x","FI/24/10/0054","HIGH","REJECTION ALERT STOPPED",2528.07337500004,"Breached SLA"
"Fidelity Bank","KACHASI v2.x","FI/16/10/0053","MEDIUM","BID REQUEST FAILED POSTINGS NOT SENT OUT",3.86870666668983,"Within SLA"
"Fidelity Bank","KACHASI v2.x","FI/10/10/0052","HIGH","WRONG ACCOUNT QUOTED LC OPENED REPORT-FB25ILUW00041",75.4612202777644,"Breached SLA"
"Fidelity Bank","KACHASI v2.x","FI/09/10/0051","HIGH","Interest Distribution Report for Q3 2025",10.297176388849,"Within SLA"
"Fidelity Bank","KACHASI v2.x","FI/05/10/0024","CRITICAL","FORM M NOT MIGRATED ON KACHASI ON BODOGWU",62.2667055554339,"Breached SLA"
"Fidelity Bank","KACHASI v2.x","FI/03/10/0050","HIGH","FORM M NOT MIGRATED ON KACHASI ON BODOGWU",165.166150277713,"Breached SLA"
"Fidelity Bank","KACHASI v2.x","FI/03/10/0049","HIGH","MAPPING OF STANDARD CHARTERED BANK EURO AND GBP LEDGER ACCOUNTS TO KACHASI",312.421643055626,"Breached SLA"
"Fidelity Bank","KACHASI v2.x","FI/26/09/0048","HIGH","Transaction status not Update on Optimus OPILC10092500003, OPILC28072500002",3789.32513222226,"Breached SLA"
"Fidelity Bank","KACHASI v2.x","FI/22/09/0047","HIGH","SHIPPING DOCUMENT REGISTER AND MOVEMENT",716.552575833339,"Breached SLA"
"Fidelity Bank","KACHASI v2.x","FI/22/09/0046","HIGH","DEBITED ACCOUNT AFTER REJECTION FB250919OTP0162",578.451986388769,"Breached SLA"
"Fidelity Bank","KACHASI v2.x","FI/18/09/0045","HIGH","KACHASI UNABLE TO RECEIVE MT761 SWIFT MESSAGES",2.72727833327372,"Within SLA"
"Fidelity Bank","KACHASI v2.x","FI/18/09/0044","HIGH","DOM TRANSFERS REFLECTING AS BANK INDUCED TRANSACTIONS",3698.89757083333,"Breached SLA"
"Fidelity Bank","KACHASI v2.x","FI/11/09/0043","HIGH","AUTOMATED SWIFT MESSAGES ON PAYMENTS/REPLENISHMENTS MT799",167.034604166576,"Breached SLA"
"Fidelity Bank","KACHASI v2.x","FI/11/09/0042","HIGH","DUPLICATION OF INTEREST CHARGES. FB25ILU00019",150.335462499876,"Breached SLA"
"Fidelity Bank","KACHASI v2.x","FI/09/09/0041","HIGH","WRONG AMOUNT CHARGES  DERIVED FOR 0.2 CONCESSION MAINTAINED",71.010151110997,"Within SLA"
"Fidelity Bank","KACHASI v2.x","FI/28/08/0040","HIGH","Premature EOM Interest run on kachasi",3889.52759638889,"Breached SLA"
"Fidelity Bank","KACHASI v2.x","FI/27/08/0039","HIGH","Missing columns on DOM TRANSFER report",140.316738055553,"Breached SLA"
"Fidelity Bank","KACHASI v2.x","FI/26/08/0015","MEDIUM","Singlewindow Bodogwu Integration",401.632871388865,"Breached SLA"
"Fidelity Bank","KACHASI v2.x","FI/26/08/0014","MEDIUM","NCS /NCS REST INTEGRATION",25.0215991666191,"Within SLA"
"Fidelity Bank","KACHASI v2.x","FI/22/08/0038","CRITICAL","NCS /NCS REST INTEGRATION",128.886142500036,"Breached SLA"
"Fidelity Bank","KACHASI v2.x","FI/21/08/0037","CRITICAL","MODIFICATION OF SHIPPING DOCUMENT RECIEVED NOTIFICATION FOR NOT VALID FOR FOREX",2.8617236110149,"Within SLA"
"Fidelity Bank","KACHASI v2.x","FI/14/08/0036","HIGH","SUCCESSFUL TRANSACTIONS NOT SHOWING ON KACHASI REPORT SHEETS- INWARD REMITTANCE",27.8736355556175,"Within SLA"
"Fidelity Bank","KACHASI v2.x","FI/12/08/0034","CRITICAL","EMPTY REPORTS FOR BILLS OF COLLECTION REGISTER",47.5970497222734,"Breached SLA"
"Fidelity Bank","KACHASI v2.x","FI/11/08/0033","CRITICAL","Supplier Set Shipping Documents - Date Error",20.2464783332543,"Within SLA"
"Fidelity Bank","KACHASI v2.x","FI/08/08/0032","CRITICAL","KACHASI ERROR",426.085439166636,"Breached SLA"
"Fidelity Bank","KACHASI v2.x","FI/06/08/0031","CRITICAL","PENDING COLLATION ITEM",143.256218055496,"Breached SLA"
"Fidelity Bank","KACHASI v2.x","FI/04/08/0030","CRITICAL","PENDING CBN DEBIT ON CUSTOMS TRANSACTIONS",4.63104638876393,"Within SLA"
"Fidelity Bank","KACHASI v2.x","FI/31/07/0029","HIGH","Inflows above threshold going STP FB250723ITT0084 FB250723ITT0120  FB250725ITT0074",172.90312000009,"Breached SLA"
"Fidelity Bank","KACHASI v2.x","FI/30/07/0028","CRITICAL","FORM A NUMBER NOT SHOWING ON CHARGES NARRATION",318.753266944375,"Breached SLA"
"Fidelity Bank","KACHASI v2.x","FI/22/07/0027","HIGH","Unable to approve or reject inflow FB250718ITT0113",53.2593827776727,"Within SLA"
"Fidelity Bank","KACHASI v2.x","FI/22/07/0026","HIGH","Unable to perform Interest distribution",54.8427983333822,"Within SLA"
"Fidelity Bank","KACHASI v2.x","FI/17/07/0025","CRITICAL","ISSUES WITH STP TRANSACTIONS ON AUTHORIZERS QUEUE ON KACHASI",4900.78777555539,"Breached SLA"
"Fidelity Bank","KACHASI v2.x","FI/14/07/0008","HIGH","UNABLE TO VIEW BIDREQUEST IRO SYNERMED",1.07971416658256,"Within SLA"
"Fidelity Bank","KACHASI v2.x","FI/14/07/0007","MEDIUM","REPORT FOR PAPSS OUTBOUND TRANSFER",216.239462777856,"Breached SLA"
"Fidelity Bank","KACHASI v2.x","FI/07/07/0024","HIGH","FORM M OPENED ON B'ODOGWU NOT ON KACHASI",507.491259166505,"Breached SLA"
"Fidelity Bank","KACHASI v2.x","FI/30/06/0022","CRITICAL","Frequent DB lock on kachasi",4102.21443722217,"Breached SLA"
"Fidelity Bank","KACHASI v2.x","FI/30/06/0021","HIGH","Papss outward transaction charges issues",198.908169999893,"Breached SLA"
"Fidelity Bank","KACHASI v2.x","FI/27/06/0020","CRITICAL","POST POST ERROR",3.70548916660482,"Within SLA"
"Fidelity Bank","KACHASI v2.x","FI/27/06/0019","HIGH","Telex not attached to email notifications",151.092958333378,"Breached SLA"
"Fidelity Bank","KACHASI v2.x","FI/26/06/0018","CRITICAL","GUARANTEE NOT PASSING CONTINGENCY ENTRIES",3.94732555554947,"Within SLA"
"Fidelity Bank","KACHASI v2.x","FI/26/06/0017","HIGH","Pending Duty Remittance",98.3690941666136,"Breached SLA"
"Fidelity Bank","KACHASI v2.x","FI/24/06/0016","CRITICAL","UNABLE TO ACCESS OUTWARD GUARANTEE MENU ON KACHASI",20.7239616667503,"Within SLA"
"Fidelity Bank","KACHASI v2.x","FI/24/06/0015","CRITICAL","MT799 NOT GENERATING ON POST NEG LIQUIDATION",72.0868719445425,"Breached SLA"
"Fidelity Bank","KACHASI v2.x","FI/23/06/0014","HIGH","THIRD CURRENCY TRANSACTIONS DROPPING DIFFERENT AMOUNT ON LEDGER",2082.0902452778,"Breached SLA"
"Fidelity Bank","KACHASI v2.x","FI/17/06/0011","HIGH","Unable to approve PTA registration at the branch authorizer",5.0365630555898,"Within SLA"
"Fidelity Bank","KACHASI v2.x","FI/17/06/0010","CRITICAL","ALERT FOR POST NEG LOAN MATURITY NOT GOING",1249.08101138903,"Breached SLA"
"Fidelity Bank","KACHASI v2.x","FI/17/06/0009","CRITICAL","ALERTS FOR MATURITY SBLC/GUARANTEE NOT GOING",1249.15384750004,"Breached SLA"
"Fidelity Bank","KACHASI v2.x","FI/17/06/0008","CRITICAL","ALERTS FOR DEFERRED PAYMENT NOT GOING",1249.19909638882,"Breached SLA"
"Fidelity Bank","KACHASI v2.x","FI/17/06/0007","CRITICAL","ALERTS FOR BILL OF LADING EXPIRY AND BILL OF EXCHANGE MATURITY NOT GOING",1249.2648511111,"Breached SLA"
"Fidelity Bank","KACHASI v2.x","FI/17/06/0006","CRITICAL","FORM M EXPIRY DATE",1249.28051555558,"Breached SLA"
"Fidelity Bank","KACHASI v2.x","FI/16/06/0005","HIGH","INABILITY TO VIEW USD DEBIT",2.89768888894469,"Within SLA"
"Fidelity Bank","KACHASI v2.x","FI/11/06/0004","CRITICAL","ERROR PROCESSING FB REFERENCE FOR CUSTOMS DUTY  FB25061110835",3.7628416667576,"Within SLA"
"Fidelity Bank","KACHASI v2.x","FI/11/06/0003","CRITICAL","POST POST ROLLOVER PASSING WRONG ENTRIES",153.870869722276,"Breached SLA"
"Fidelity Bank","KACHASI v2.x","FI/10/06/0002","HIGH","Unable to access FB25IBC00266",29.5379449999309,"Within SLA"
"Fidelity Bank","KACHASI v2.x","FI/05/06/0003","MEDIUM","The bank received a visit from the CBN audit team last week regarding our TRMS integration, and a number of compliance-related issues were identified with the current setup.",6741.97364916676,"Breached SLA"
"Fidelity Bank","KACHASI v2.x","FI/05/06/0001","HIGH","Addition of port for customs",1.77067416667705,"Within SLA"
"Fidelity Bank","KACHASI v2.x","FI/KA/LIV/250050","CRITICAL","INCLUSION OF FIELDS TO ECD REGISTER",453.277458333469,"Breached SLA"
"Fidelity Bank","KACHASI v2.x","FI/KA/LIV/250049","CRITICAL","INCOMPLETE REPORTS",3076.00890472223,"Breached SLA"
"Fidelity Bank","KACHASI v2.x","FI/KA/LIV/250048","HIGH","APPROVAL FOR $1,951,500 LC- DUFIL PRIMA FOODS LTD",216.285660000052,"Breached SLA"
"Fidelity Bank","KACHASI v2.x","FI/KA/LIV/250047","CRITICAL","PENDING CBN DEBIT ON CUSTOMS TRANSACTIONS",353.189453611267,"Breached SLA"
"Fidelity Bank","KACHASI v2.x","FI/KA/LIV/250046","CRITICAL","LC LIMIT SETUP ERROR",0.569599444395863,"Within SLA"
"Fidelity Bank","KACHASI v2.x","FI/KA/LIV/250044","HIGH","inflows from stanchart not processed by kachasi STP",1275.9668272222,"Breached SLA"
"Fidelity Bank","KACHASI v2.x","FI/KA/LIV/250043","HIGH","REPORTS OF SHIPPING DOCUMENT REGISTER AND RELEASE",1041.84433500009,"Breached SLA"
"Fidelity Bank","KACHASI v2.x","FI/KA/LIV/250042","CRITICAL","Increase of form M value",97.1505316666444,"Breached SLA"
"Fidelity Bank","KACHASI v2.x","FI/KA/LIV/250041","HIGH","FB2504156924 this item is yet to be collated since 15th",4.98459583340446,"Within SLA"
"Fidelity Bank","KACHASI v2.x","FI/KA/LIV/250040","HIGH","Lc ref is FB24ILL00023 - DANGOTE SUGAR REFINERY.",1.99279250000836,"Within SLA"
"Fidelity Bank","KACHASI v2.x","FI/KA/LIV/250039","HIGH","INABILITY TO FUND FORM M",4.84613388899015,"Within SLA"
"Fidelity Bank","KACHASI v2.x","FI/KA/LIV/250038","HIGH","ERROR WHILE CRETAING ALOAN ACCOINT ON KACHASI",16.9505086111603,"Within SLA"
"Fidelity Bank","KACHASI v2.x","FI/KA/LIV/250037","HIGH","INABILITY TO REJECT AN INWARD REMITTANCE",26.4478894444183,"Within SLA"
"Fidelity Bank","KACHASI v2.x","FI/KA/LIV/250036","HIGH","DOUBLE POST-NEG MONTHLY CHARGES - (FB24ILL00008)",7248.93552222219,"Breached SLA"
"Fidelity Bank","KACHASI v2.x","FI/KA/LIV/250035","HIGH","INABILITY TO PULL FORM M",1.39710666658357,"Within SLA"
"Fidelity Bank","KACHASI v2.x","FI/KA/LIV/250034","HIGH","TRANSACTIONS PROCESSED ON KACHASI NOT GOING TO SWIFT",123.859254166775,"Breached SLA"
"Fidelity Bank","KACHASI v2.x","FI/KA/LIV/250033","HIGH","FORM M PROCESSING ON B'ODOGWU",20.8629277777509,"Within SLA"
"Fidelity Bank","KACHASI v2.x","FI/KA/LIV/250032","HIGH","Duplicated credit limit for customer AYM SHAFA",2402.54998416669,"Breached SLA"
"Fidelity Bank","KACHASI v2.x","FI/KA/LIV/250031","HIGH","FX Collation Error",17.4126586110215,"Within SLA"
"Fidelity Bank","KACHASI v2.x","FI/KA/LIV/250030","HIGH","MT 103 inflows not generating FB references",7.89541749993805,"Within SLA"
"Fidelity Bank","KACHASI v2.x","FI/KA/LIV/250029","CRITICAL","DUPLICATED TRANSACTION ON SWIFT FB250312OTP0069",2120.08745944442,"Breached SLA"
"Fidelity Bank","KACHASI v2.x","FI/KA/LIV/250028","HIGH","DOM Transfer transmitted and still on workflow",8424.12522333342,"Breached SLA"
"Fidelity Bank","KACHASI v2.x","FI/KA/LIV/250027","HIGH","ISSUES WITH PASSING ENTRIES FOR LOAN LIQUIDATION ON KACHASI",24.0699813888059,"Within SLA"
"Fidelity Bank","KACHASI v2.x","FI/KA/LIV/250026","HIGH","ISSUES WITH RECOVERY CHARGES ON KACHASI - Nepal Oil & gas",24.0677300000098,"Within SLA"
"Fidelity Bank","KACHASI v2.x","FI/KA/LIV/250025","HIGH","ISSUE WITH INTEREST ON POST-NEG LOAN FB24POST00136",1.70128611114342,"Within SLA"
"Fidelity Bank","KACHASI v2.x","FI/KA/LIV/250024","HIGH","Credit limit duplicated for a customer",241.684373055585,"Breached SLA"
"Fidelity Bank","KACHASI v2.x","FI/KA/LIV/250023","HIGH","FX FUNDING NOT REFLECTING ON CUSTOMER'S ACCOUNT CROWN FLOUR/",7.77512027771445,"Within SLA"
"Fidelity Bank","KACHASI v2.x","FI/KA/LIV/250022","HIGH","Unable to Submit Inflows on Kachasi",49.0291577777825,"Within SLA"
"Fidelity Bank","KACHASI v2.x","FI/KA/LIV/250021","HIGH","ISSUE WITH LOAN BOOKING ON KACHASI -  A.Y.M SHAFA - ODDO BHF",26.6474888887606,"Within SLA"
"Fidelity Bank","KACHASI v2.x","FI/KA/LIV/250020","HIGH","POST POST TRANSACTION WITHOUT DAILY ACCRUALS AND MONTHLY Dbt",25.9196074999636,"Within SLA"
"Fidelity Bank","KACHASI v2.x","FI/KA/LIV/250019","HIGH","ECD Submsion MF20240070557|HLCUTA12407BIHJ5|FB24ILU00151P-02",2.52536388882436,"Within SLA"
"Fidelity Bank","KACHASI v2.x","FI/KA/LIV/250018","HIGH","ITEMS YET T BE COLLATED",25.5723755554645,"Within SLA"
"Fidelity Bank","KACHASI v2.x","FI/KA/LIV/250017","HIGH","Rate issue on kachasi payload to finacle",5047.25806944439,"Breached SLA"
"Fidelity Bank","KACHASI v2.x","FI/KA/LIV/250016","HIGH","UNABLE TO VIEW FORM M AT POINT OF BID REQUEST",1.22349166654749,"Within SLA"
"Fidelity Bank","KACHASI v2.x","FI/KA/LIV/250015","HIGH","Unable to bid for third currency transactions",1.73478611104656,"Within SLA"
"Fidelity Bank","KACHASI v2.x","FI/KA/LIV/250014","HIGH","Pending duty Items not remitted",7.86149500007741,"Within SLA"
"Fidelity Bank","KACHASI v2.x","FI/KA/LIV/250013","CRITICAL","UTILIZATION REPORT REVIEW",4203.01199694449,"Breached SLA"
"Fidelity Bank","KACHASI v2.x","FI/KA/LIV/250012","HIGH","KACHASI 3RD CURRENCY LOAN REPORTING AS USD",48.1072636111057,"Within SLA"
"Fidelity Bank","KACHASI v2.x","FI/KA/LIV/250011","CRITICAL","Addition of FORM M column on DOM TRANSFER report",330.153046388878,"Breached SLA"
"Fidelity Bank","KACHASI v2.x","FI/KA/LIV/250010","CRITICAL","Multiple credits for inflow FB250129ITT0023",955.352653055568,"Breached SLA"
"Fidelity Bank","KACHASI v2.x","FI/KA/LIV/250008","HIGH","UNABLE TO SUBMIT AMMENDMENT-FB25ILLW000014-NEPAL ENERGIES LT",22.7931841666577,"Within SLA"
"Fidelity Bank","KACHASI v2.x","FI/KA/LIV/250007","CRITICAL","WRONG NARRATION FOR LOAN LIQUIDATION",18.3995049999794,"Within SLA"
"Fidelity Bank","KACHASI v2.x","FI/KA/LIV/250006","CRITICAL","WRONG STATUS REPORT ON INTEREST COLLECTION REPORT",312.814388055587,"Breached SLA"
"Fidelity Bank","KACHASI v2.x","FI/KA/LIV/250005","CRITICAL","INCOMPLETE REPORT FOR NXP OPENED AND REPATRIATION",2833.29910638893,"Breached SLA"
"Fidelity Bank","KACHASI v2.x","FI/KA/LIV/250004","CRITICAL","PARTIAL DISBURSEMENT ON FORM A NOT WORKING IN KACHASI",5888.25111055555,"Breached SLA"
"Fidelity Bank","KACHASI v2.x","FI/KA/LIV/250003","HIGH","DUPLICATED TRANSACTION ON SWIFT (FB250108OTP0156)",3649.01424611115,"Breached SLA"
"Fidelity Bank","KACHASI v2.x","FI/KA/LIV/250002","CRITICAL","DOUBLE CREDIT TO CUSTOMERS ACCOUNTS BY KACHASI",1485.32358833333,"Breached SLA"
"Fidelity Bank","KACHASI v2.x","FI/KA/LIV/250001","CRITICAL","AUTHORISED TIME FOR DOM TRAN FRM BRANCHES DO NOT SHOW& FRONT",1201.56731666654,"Breached SLA"
"Fidelity Bank","KACHASI v2.x","FI/31/12/0072","CRITICAL","Kachasi EOD on 30th moved date to 2026",120.573915833258,"Breached SLA"
"Fidelity Bank","KACHASI v2.x","FI/29/12/0071","HIGH","Duplicated amounts observed during the booking of the Bills Loan",537.879424166749,"Breached SLA"
"Fidelity Bank","KACHASI v2.x","FI/22/12/0070","HIGH","LOAN BOOKING ERROR AND REQUEST FOR ASSISTANCE",26.9495986110996,"Within SLA"
"Fidelity Bank","KACHASI v2.x","FI/18/12/0069","HIGH","KACHASI ERROR ON REPAYMENT",125.527950555494,"Breached SLA"
"Fidelity Bank","KACHASI v2.x","FI/17/12/0068","HIGH","UNABLE TO CREATE CUSTOMER GROUP TO DRAW FROM LIMIT SET UP",25.5123591666925,"Within SLA"
"Fidelity Bank","KACHASI v2.x","FI/12/12/0067","HIGH","DUPLICATE KACHASI LOAN REFERENCES FOR JAMARA OPERATIONS LTD",137.374591111089,"Breached SLA"
"Fidelity Bank","KACHASI v2.x","FI/08/12/0066","HIGH","MT752 WITHOUT CHARGE ENTRIES",25.7658544443548,"Within SLA"
"Fidelity Bank","KACHASI v2.x","FI/01/12/0065","CRITICAL","Optimus application down",261.712685555569,"Breached SLA"
"Fidelity Bank","KACHASI v2.x","FI/25/11/0063","HIGH","ERROR ECOUNTERED ON PAYMENT PROCESSING FB25ILU00109 - JAMARA - $98,700",21.6521427778644,"Within SLA"
"Fidelity Bank","KACHASI v2.x","FI/18/11/0062","HIGH","DUPLICATED INTEREST CHARGES ON FB25ILL00032 - FB25POST00071",1252.53715194447,"Breached SLA"
"Fidelity Bank","KACHASI v2.x","FI/18/11/0061","HIGH","UNABLE TO AUTHORIZE AMENDMENT ON FB25ILU00183 ON KACHSI",6.09241361101158,"Within SLA"
"Fidelity Bank","KACHASI v2.x","FI/12/11/0060","HIGH","Unable to Approve FORM M MF20250111750 MF20250117451",2069.37972583319,"Breached SLA"
"Fidelity Bank","KACHASI v2.x","FI/07/11/0059","HIGH","Double Posting",2687.11450444447,"Breached SLA"
"Fidelity Bank","KACHASI v2.x","FI/06/11/0058","MEDIUM","Error submitting Loan Liquidation",2211.91625999997,"Breached SLA"
"Fidelity Bank","KACHASI v2.x","FI/03/11/0057","CRITICAL","Duplicated Swift Message for FB251020OTP0198",354.964628333459,"Breached SLA"
"Fidelity Bank","KACHASI v2.x","FI/30/10/0056","HIGH","Unable to Generate Receipt for Excise and Import Duty",163.120693055622,"Breached SLA"
"Fidelity Bank","KACHASI v2.x","FI/24/10/0055","MEDIUM","Optimus Email Notification Email",3127.5025886111,"Breached SLA"
"Fidelity Bank","KACHASI v2.x","FI/24/10/0054","HIGH","REJECTION ALERT STOPPED",2528.07337500004,"Breached SLA"
"Fidelity Bank","KACHASI v2.x","FI/16/10/0053","MEDIUM","BID REQUEST FAILED POSTINGS NOT SENT OUT",3.86870666668983,"Within SLA"
"Fidelity Bank","KACHASI v2.x","FI/10/10/0052","HIGH","WRONG ACCOUNT QUOTED LC OPENED REPORT-FB25ILUW00041",75.4612202777644,"Breached SLA"
"Fidelity Bank","KACHASI v2.x","FI/09/10/0051","HIGH","Interest Distribution Report for Q3 2025",10.297176388849,"Within SLA"
"Fidelity Bank","KACHASI v2.x","FI/05/10/0024","CRITICAL","FORM M NOT MIGRATED ON KACHASI ON BODOGWU",62.2667055554339,"Breached SLA"
"Fidelity Bank","KACHASI v2.x","FI/03/10/0050","HIGH","FORM M NOT MIGRATED ON KACHASI ON BODOGWU",165.166150277713,"Breached SLA"
"Fidelity Bank","KACHASI v2.x","FI/03/10/0049","HIGH","MAPPING OF STANDARD CHARTERED BANK EURO AND GBP LEDGER ACCOUNTS TO KACHASI",312.421643055626,"Breached SLA"
"Fidelity Bank","KACHASI v2.x","FI/26/09/0048","HIGH","Transaction status not Update on Optimus OPILC10092500003, OPILC28072500002",3789.32513222226,"Breached SLA"
"Fidelity Bank","KACHASI v2.x","FI/22/09/0047","HIGH","SHIPPING DOCUMENT REGISTER AND MOVEMENT",716.552575833339,"Breached SLA"
"Fidelity Bank","KACHASI v2.x","FI/22/09/0046","HIGH","DEBITED ACCOUNT AFTER REJECTION FB250919OTP0162",578.451986388769,"Breached SLA"
"Fidelity Bank","KACHASI v2.x","FI/18/09/0045","HIGH","KACHASI UNABLE TO RECEIVE MT761 SWIFT MESSAGES",2.72727833327372,"Within SLA"
"Fidelity Bank","KACHASI v2.x","FI/18/09/0044","HIGH","DOM TRANSFERS REFLECTING AS BANK INDUCED TRANSACTIONS",3698.89757083333,"Breached SLA"
"Fidelity Bank","KACHASI v2.x","FI/11/09/0043","HIGH","AUTOMATED SWIFT MESSAGES ON PAYMENTS/REPLENISHMENTS MT799",167.034604166576,"Breached SLA"
"Fidelity Bank","KACHASI v2.x","FI/11/09/0042","HIGH","DUPLICATION OF INTEREST CHARGES. FB25ILU00019",150.335462499876,"Breached SLA"
"Fidelity Bank","KACHASI v2.x","FI/09/09/0041","HIGH","WRONG AMOUNT CHARGES  DERIVED FOR 0.2 CONCESSION MAINTAINED",71.010151110997,"Within SLA"
"Fidelity Bank","KACHASI v2.x","FI/28/08/0040","HIGH","Premature EOM Interest run on kachasi",3889.52759638889,"Breached SLA"
"Fidelity Bank","KACHASI v2.x","FI/27/08/0039","HIGH","Missing columns on DOM TRANSFER report",140.316738055553,"Breached SLA"
"Fidelity Bank","KACHASI v2.x","FI/26/08/0015","MEDIUM","Singlewindow Bodogwu Integration",401.632871388865,"Breached SLA"
"Fidelity Bank","KACHASI v2.x","FI/26/08/0014","MEDIUM","NCS /NCS REST INTEGRATION",25.0215991666191,"Within SLA"
"Fidelity Bank","KACHASI v2.x","FI/22/08/0038","CRITICAL","NCS /NCS REST INTEGRATION",128.886142500036,"Breached SLA"
"Fidelity Bank","KACHASI v2.x","FI/21/08/0037","CRITICAL","MODIFICATION OF SHIPPING DOCUMENT RECIEVED NOTIFICATION FOR NOT VALID FOR FOREX",2.8617236110149,"Within SLA"
"Fidelity Bank","KACHASI v2.x","FI/14/08/0036","HIGH","SUCCESSFUL TRANSACTIONS NOT SHOWING ON KACHASI REPORT SHEETS- INWARD REMITTANCE",27.8736355556175,"Within SLA"
"Fidelity Bank","KACHASI v2.x","FI/12/08/0034","CRITICAL","EMPTY REPORTS FOR BILLS OF COLLECTION REGISTER",47.5970497222734,"Breached SLA"
"Fidelity Bank","KACHASI v2.x","FI/11/08/0033","CRITICAL","Supplier Set Shipping Documents - Date Error",20.2464783332543,"Within SLA"
"Fidelity Bank","KACHASI v2.x","FI/08/08/0032","CRITICAL","KACHASI ERROR",426.085439166636,"Breached SLA"
"Fidelity Bank","KACHASI v2.x","FI/06/08/0031","CRITICAL","PENDING COLLATION ITEM",143.256218055496,"Breached SLA"
"Fidelity Bank","KACHASI v2.x","FI/04/08/0030","CRITICAL","PENDING CBN DEBIT ON CUSTOMS TRANSACTIONS",4.63104638876393,"Within SLA"
"Fidelity Bank","KACHASI v2.x","FI/31/07/0029","HIGH","Inflows above threshold going STP FB250723ITT0084 FB250723ITT0120  FB250725ITT0074",172.90312000009,"Breached SLA"
"Fidelity Bank","KACHASI v2.x","FI/30/07/0028","CRITICAL","FORM A NUMBER NOT SHOWING ON CHARGES NARRATION",318.753266944375,"Breached SLA"
"Fidelity Bank","KACHASI v2.x","FI/22/07/0027","HIGH","Unable to approve or reject inflow FB250718ITT0113",53.2593827776727,"Within SLA"
"Fidelity Bank","KACHASI v2.x","FI/22/07/0026","HIGH","Unable to perform Interest distribution",54.8427983333822,"Within SLA"
"Fidelity Bank","KACHASI v2.x","FI/17/07/0025","CRITICAL","ISSUES WITH STP TRANSACTIONS ON AUTHORIZERS QUEUE ON KACHASI",4900.78777555539,"Breached SLA"
"Fidelity Bank","KACHASI v2.x","FI/14/07/0008","HIGH","UNABLE TO VIEW BIDREQUEST IRO SYNERMED",1.07971416658256,"Within SLA"
"Fidelity Bank","KACHASI v2.x","FI/14/07/0007","MEDIUM","REPORT FOR PAPSS OUTBOUND TRANSFER",216.239462777856,"Breached SLA"
"Fidelity Bank","KACHASI v2.x","FI/07/07/0024","HIGH","FORM M OPENED ON B'ODOGWU NOT ON KACHASI",507.491259166505,"Breached SLA"
"Fidelity Bank","KACHASI v2.x","FI/30/06/0022","CRITICAL","Frequent DB lock on kachasi",4102.21443722217,"Breached SLA"
"Fidelity Bank","KACHASI v2.x","FI/30/06/0021","HIGH","Papss outward transaction charges issues",198.908169999893,"Breached SLA"
"Fidelity Bank","KACHASI v2.x","FI/27/06/0020","CRITICAL","POST POST ERROR",3.70548916660482,"Within SLA"
"Fidelity Bank","KACHASI v2.x","FI/27/06/0019","HIGH","Telex not attached to email notifications",151.092958333378,"Breached SLA"
"Fidelity Bank","KACHASI v2.x","FI/26/06/0018","CRITICAL","GUARANTEE NOT PASSING CONTINGENCY ENTRIES",3.94732555554947,"Within SLA"
"Fidelity Bank","KACHASI v2.x","FI/26/06/0017","HIGH","Pending Duty Remittance",98.3690941666136,"Breached SLA"
"Fidelity Bank","KACHASI v2.x","FI/24/06/0016","CRITICAL","UNABLE TO ACCESS OUTWARD GUARANTEE MENU ON KACHASI",20.7239616667503,"Within SLA"
"Fidelity Bank","KACHASI v2.x","FI/24/06/0015","CRITICAL","MT799 NOT GENERATING ON POST NEG LIQUIDATION",72.0868719445425,"Breached SLA"
"Fidelity Bank","KACHASI v2.x","FI/23/06/0014","HIGH","THIRD CURRENCY TRANSACTIONS DROPPING DIFFERENT AMOUNT ON LEDGER",2082.0902452778,"Breached SLA"
"Fidelity Bank","KACHASI v2.x","FI/17/06/0011","HIGH","Unable to approve PTA registration at the branch authorizer",5.0365630555898,"Within SLA"
"Fidelity Bank","KACHASI v2.x","FI/17/06/0010","CRITICAL","ALERT FOR POST NEG LOAN MATURITY NOT GOING",1249.08101138903,"Breached SLA"
"Fidelity Bank","KACHASI v2.x","FI/17/06/0009","CRITICAL","ALERTS FOR MATURITY SBLC/GUARANTEE NOT GOING",1249.15384750004,"Breached SLA"
"Fidelity Bank","KACHASI v2.x","FI/17/06/0008","CRITICAL","ALERTS FOR DEFERRED PAYMENT NOT GOING",1249.19909638882,"Breached SLA"
"Fidelity Bank","KACHASI v2.x","FI/17/06/0007","CRITICAL","ALERTS FOR BILL OF LADING EXPIRY AND BILL OF EXCHANGE MATURITY NOT GOING",1249.2648511111,"Breached SLA"
"Fidelity Bank","KACHASI v2.x","FI/17/06/0006","CRITICAL","FORM M EXPIRY DATE",1249.28051555558,"Breached SLA"
"Fidelity Bank","KACHASI v2.x","FI/16/06/0005","HIGH","INABILITY TO VIEW USD DEBIT",2.89768888894469,"Within SLA"
"Fidelity Bank","KACHASI v2.x","FI/11/06/0004","CRITICAL","ERROR PROCESSING FB REFERENCE FOR CUSTOMS DUTY  FB25061110835",3.7628416667576,"Within SLA"
"Fidelity Bank","KACHASI v2.x","FI/11/06/0003","CRITICAL","POST POST ROLLOVER PASSING WRONG ENTRIES",153.870869722276,"Breached SLA"
"Fidelity Bank","KACHASI v2.x","FI/10/06/0002","HIGH","Unable to access FB25IBC00266",29.5379449999309,"Within SLA"
"Fidelity Bank","KACHASI v2.x","FI/05/06/0003","MEDIUM","The bank received a visit from the CBN audit team last week regarding our TRMS integration, and a number of compliance-related issues were identified with the current setup.",6741.97364916676,"Breached SLA"
"Fidelity Bank","KACHASI v2.x","FI/05/06/0001","HIGH","Addition of port for customs",1.77067416667705,"Within SLA"
"Fidelity Bank","KACHASI v2.x","FI/KA/LIV/250050","CRITICAL","INCLUSION OF FIELDS TO ECD REGISTER",453.277458333469,"Breached SLA"
"Fidelity Bank","KACHASI v2.x","FI/KA/LIV/250049","CRITICAL","INCOMPLETE REPORTS",3076.00890472223,"Breached SLA"
"Fidelity Bank","KACHASI v2.x","FI/KA/LIV/250048","HIGH","APPROVAL FOR $1,951,500 LC- DUFIL PRIMA FOODS LTD",216.285660000052,"Breached SLA"
"Fidelity Bank","KACHASI v2.x","FI/KA/LIV/250047","CRITICAL","PENDING CBN DEBIT ON CUSTOMS TRANSACTIONS",353.189453611267,"Breached SLA"
"Fidelity Bank","KACHASI v2.x","FI/KA/LIV/250046","CRITICAL","LC LIMIT SETUP ERROR",0.569599444395863,"Within SLA"
"Fidelity Bank","KACHASI v2.x","FI/KA/LIV/250044","HIGH","inflows from stanchart not processed by kachasi STP",1275.9668272222,"Breached SLA"
"Fidelity Bank","KACHASI v2.x","FI/KA/LIV/250043","HIGH","REPORTS OF SHIPPING DOCUMENT REGISTER AND RELEASE",1041.84433500009,"Breached SLA"
"Fidelity Bank","KACHASI v2.x","FI/KA/LIV/250042","CRITICAL","Increase of form M value",97.1505316666444,"Breached SLA"
"Fidelity Bank","KACHASI v2.x","FI/KA/LIV/250041","HIGH","FB2504156924 this item is yet to be collated since 15th",4.98459583340446,"Within SLA"
"Fidelity Bank","KACHASI v2.x","FI/KA/LIV/250040","HIGH","Lc ref is FB24ILL00023 - DANGOTE SUGAR REFINERY.",1.99279250000836,"Within SLA"
"Fidelity Bank","KACHASI v2.x","FI/KA/LIV/250039","HIGH","INABILITY TO FUND FORM M",4.84613388899015,"Within SLA"
"Fidelity Bank","KACHASI v2.x","FI/KA/LIV/250038","HIGH","ERROR WHILE CRETAING ALOAN ACCOINT ON KACHASI",16.9505086111603,"Within SLA"
"Fidelity Bank","KACHASI v2.x","FI/KA/LIV/250037","HIGH","INABILITY TO REJECT AN INWARD REMITTANCE",26.4478894444183,"Within SLA"
"Fidelity Bank","KACHASI v2.x","FI/KA/LIV/250036","HIGH","DOUBLE POST-NEG MONTHLY CHARGES - (FB24ILL00008)",7248.93552222219,"Breached SLA"
"Fidelity Bank","KACHASI v2.x","FI/KA/LIV/250035","HIGH","INABILITY TO PULL FORM M",1.39710666658357,"Within SLA"
"Fidelity Bank","KACHASI v2.x","FI/KA/LIV/250034","HIGH","TRANSACTIONS PROCESSED ON KACHASI NOT GOING TO SWIFT",123.859254166775,"Breached SLA"
"Fidelity Bank","KACHASI v2.x","FI/KA/LIV/250033","HIGH","FORM M PROCESSING ON B'ODOGWU",20.8629277777509,"Within SLA"
"Fidelity Bank","KACHASI v2.x","FI/KA/LIV/250032","HIGH","Duplicated credit limit for customer AYM SHAFA",2402.54998416669,"Breached SLA"
"Fidelity Bank","KACHASI v2.x","FI/KA/LIV/250031","HIGH","FX Collation Error",17.4126586110215,"Within SLA"
"Fidelity Bank","KACHASI v2.x","FI/KA/LIV/250030","HIGH","MT 103 inflows not generating FB references",7.89541749993805,"Within SLA"
"Fidelity Bank","KACHASI v2.x","FI/KA/LIV/250029","CRITICAL","DUPLICATED TRANSACTION ON SWIFT FB250312OTP0069",2120.08745944442,"Breached SLA"
"Fidelity Bank","KACHASI v2.x","FI/KA/LIV/250028","HIGH","DOM Transfer transmitted and still on workflow",8424.12522333342,"Breached SLA"
"Fidelity Bank","KACHASI v2.x","FI/KA/LIV/250027","HIGH","ISSUES WITH PASSING ENTRIES FOR LOAN LIQUIDATION ON KACHASI",24.0699813888059,"Within SLA"
"Fidelity Bank","KACHASI v2.x","FI/KA/LIV/250026","HIGH","ISSUES WITH RECOVERY CHARGES ON KACHASI - Nepal Oil & gas",24.0677300000098,"Within SLA"
"Fidelity Bank","KACHASI v2.x","FI/KA/LIV/250025","HIGH","ISSUE WITH INTEREST ON POST-NEG LOAN FB24POST00136",1.70128611114342,"Within SLA"
"Fidelity Bank","KACHASI v2.x","FI/KA/LIV/250024","HIGH","Credit limit duplicated for a customer",241.684373055585,"Breached SLA"
"Fidelity Bank","KACHASI v2.x","FI/KA/LIV/250023","HIGH","FX FUNDING NOT REFLECTING ON CUSTOMER'S ACCOUNT CROWN FLOUR/",7.77512027771445,"Within SLA"
"Fidelity Bank","KACHASI v2.x","FI/KA/LIV/250022","HIGH","Unable to Submit Inflows on Kachasi",49.0291577777825,"Within SLA"
"Fidelity Bank","KACHASI v2.x","FI/KA/LIV/250021","HIGH","ISSUE WITH LOAN BOOKING ON KACHASI -  A.Y.M SHAFA - ODDO BHF",26.6474888887606,"Within SLA"
"Fidelity Bank","KACHASI v2.x","FI/KA/LIV/250020","HIGH","POST POST TRANSACTION WITHOUT DAILY ACCRUALS AND MONTHLY Dbt",25.9196074999636,"Within SLA"
"Fidelity Bank","KACHASI v2.x","FI/KA/LIV/250019","HIGH","ECD Submsion MF20240070557|HLCUTA12407BIHJ5|FB24ILU00151P-02",2.52536388882436,"Within SLA"
"Fidelity Bank","KACHASI v2.x","FI/KA/LIV/250018","HIGH","ITEMS YET T BE COLLATED",25.5723755554645,"Within SLA"
"Fidelity Bank","KACHASI v2.x","FI/KA/LIV/250017","HIGH","Rate issue on kachasi payload to finacle",5047.25806944439,"Breached SLA"
"Fidelity Bank","KACHASI v2.x","FI/KA/LIV/250016","HIGH","UNABLE TO VIEW FORM M AT POINT OF BID REQUEST",1.22349166654749,"Within SLA"
"Fidelity Bank","KACHASI v2.x","FI/KA/LIV/250015","HIGH","Unable to bid for third currency transactions",1.73478611104656,"Within SLA"
"Fidelity Bank","KACHASI v2.x","FI/KA/LIV/250014","HIGH","Pending duty Items not remitted",7.86149500007741,"Within SLA"
"Fidelity Bank","KACHASI v2.x","FI/KA/LIV/250013","CRITICAL","UTILIZATION REPORT REVIEW",4203.01199694449,"Breached SLA"
"Fidelity Bank","KACHASI v2.x","FI/KA/LIV/250012","HIGH","KACHASI 3RD CURRENCY LOAN REPORTING AS USD",48.1072636111057,"Within SLA"
"Fidelity Bank","KACHASI v2.x","FI/KA/LIV/250011","CRITICAL","Addition of FORM M column on DOM TRANSFER report",330.153046388878,"Breached SLA"
"Fidelity Bank","KACHASI v2.x","FI/KA/LIV/250010","CRITICAL","Multiple credits for inflow FB250129ITT0023",955.352653055568,"Breached SLA"
"Fidelity Bank","KACHASI v2.x","FI/KA/LIV/250008","HIGH","UNABLE TO SUBMIT AMMENDMENT-FB25ILLW000014-NEPAL ENERGIES LT",22.7931841666577,"Within SLA"
"Fidelity Bank","KACHASI v2.x","FI/KA/LIV/250007","CRITICAL","WRONG NARRATION FOR LOAN LIQUIDATION",18.3995049999794,"Within SLA"
"Fidelity Bank","KACHASI v2.x","FI/KA/LIV/250006","CRITICAL","WRONG STATUS REPORT ON INTEREST COLLECTION REPORT",312.814388055587,"Breached SLA"
"Fidelity Bank","KACHASI v2.x","FI/KA/LIV/250005","CRITICAL","INCOMPLETE REPORT FOR NXP OPENED AND REPATRIATION",2833.29910638893,"Breached SLA"
"Fidelity Bank","KACHASI v2.x","FI/KA/LIV/250004","CRITICAL","PARTIAL DISBURSEMENT ON FORM A NOT WORKING IN KACHASI",5888.25111055555,"Breached SLA"
"Fidelity Bank","KACHASI v2.x","FI/KA/LIV/250003","HIGH","DUPLICATED TRANSACTION ON SWIFT (FB250108OTP0156)",3649.01424611115,"Breached SLA"
"Fidelity Bank","KACHASI v2.x","FI/KA/LIV/250002","CRITICAL","DOUBLE CREDIT TO CUSTOMERS ACCOUNTS BY KACHASI",1485.32358833333,"Breached SLA"
"Fidelity Bank","KACHASI v2.x","FI/KA/LIV/250001","CRITICAL","AUTHORISED TIME FOR DOM TRAN FRM BRANCHES DO NOT SHOW& FRONT",1201.56731666654,"Breached SLA"
"Fidelity Bank","KACHASI v2.x","FI/31/12/0072","CRITICAL","Kachasi EOD on 30th moved date to 2026",120.573915833258,"Breached SLA"
"Fidelity Bank","KACHASI v2.x","FI/29/12/0071","HIGH","Duplicated amounts observed during the booking of the Bills Loan",537.879424166749,"Breached SLA"
"Fidelity Bank","KACHASI v2.x","FI/22/12/0070","HIGH","LOAN BOOKING ERROR AND REQUEST FOR ASSISTANCE",26.9495986110996,"Within SLA"
"Fidelity Bank","KACHASI v2.x","FI/18/12/0069","HIGH","KACHASI ERROR ON REPAYMENT",125.527950555494,"Breached SLA"
"Fidelity Bank","KACHASI v2.x","FI/17/12/0068","HIGH","UNABLE TO CREATE CUSTOMER GROUP TO DRAW FROM LIMIT SET UP",25.5123591666925,"Within SLA"
"Fidelity Bank","KACHASI v2.x","FI/12/12/0067","HIGH","DUPLICATE KACHASI LOAN REFERENCES FOR JAMARA OPERATIONS LTD",137.374591111089,"Breached SLA"
"Fidelity Bank","KACHASI v2.x","FI/08/12/0066","HIGH","MT752 WITHOUT CHARGE ENTRIES",25.7658544443548,"Within SLA"
"Fidelity Bank","KACHASI v2.x","FI/01/12/0065","CRITICAL","Optimus application down",261.712685555569,"Breached SLA"
"Fidelity Bank","KACHASI v2.x","FI/25/11/0063","HIGH","ERROR ECOUNTERED ON PAYMENT PROCESSING FB25ILU00109 - JAMARA - $98,700",21.6521427778644,"Within SLA"
"Fidelity Bank","KACHASI v2.x","FI/18/11/0062","HIGH","DUPLICATED INTEREST CHARGES ON FB25ILL00032 - FB25POST00071",1252.53715194447,"Breached SLA"
"Fidelity Bank","KACHASI v2.x","FI/18/11/0061","HIGH","UNABLE TO AUTHORIZE AMENDMENT ON FB25ILU00183 ON KACHSI",6.09241361101158,"Within SLA"
"Fidelity Bank","KACHASI v2.x","FI/12/11/0060","HIGH","Unable to Approve FORM M MF20250111750 MF20250117451",2069.37972583319,"Breached SLA"
"Fidelity Bank","KACHASI v2.x","FI/07/11/0059","HIGH","Double Posting",2687.11450444447,"Breached SLA"
"Fidelity Bank","KACHASI v2.x","FI/06/11/0058","MEDIUM","Error submitting Loan Liquidation",2211.91625999997,"Breached SLA"
"Fidelity Bank","KACHASI v2.x","FI/03/11/0057","CRITICAL","Duplicated Swift Message for FB251020OTP0198",354.964628333459,"Breached SLA"
"Fidelity Bank","KACHASI v2.x","FI/30/10/0056","HIGH","Unable to Generate Receipt for Excise and Import Duty",163.120693055622,"Breached SLA"
"Fidelity Bank","KACHASI v2.x","FI/24/10/0055","MEDIUM","Optimus Email Notification Email",3127.5025886111,"Breached SLA"
"Fidelity Bank","KACHASI v2.x","FI/24/10/0054","HIGH","REJECTION ALERT STOPPED",2528.07337500004,"Breached SLA"
"Fidelity Bank","KACHASI v2.x","FI/16/10/0053","MEDIUM","BID REQUEST FAILED POSTINGS NOT SENT OUT",3.86870666668983,"Within SLA"
"Fidelity Bank","KACHASI v2.x","FI/10/10/0052","HIGH","WRONG ACCOUNT QUOTED LC OPENED REPORT-FB25ILUW00041",75.4612202777644,"Breached SLA"
"Fidelity Bank","KACHASI v2.x","FI/09/10/0051","HIGH","Interest Distribution Report for Q3 2025",10.297176388849,"Within SLA"
"Fidelity Bank","KACHASI v2.x","FI/05/10/0024","CRITICAL","FORM M NOT MIGRATED ON KACHASI ON BODOGWU",62.2667055554339,"Breached SLA"
"Fidelity Bank","KACHASI v2.x","FI/03/10/0050","HIGH","FORM M NOT MIGRATED ON KACHASI ON BODOGWU",165.166150277713,"Breached SLA"
"Fidelity Bank","KACHASI v2.x","FI/03/10/0049","HIGH","MAPPING OF STANDARD CHARTERED BANK EURO AND GBP LEDGER ACCOUNTS TO KACHASI",312.421643055626,"Breached SLA"
"Fidelity Bank","KACHASI v2.x","FI/26/09/0048","HIGH","Transaction status not Update on Optimus OPILC10092500003, OPILC28072500002",3789.32513222226,"Breached SLA"
"Fidelity Bank","KACHASI v2.x","FI/22/09/0047","HIGH","SHIPPING DOCUMENT REGISTER AND MOVEMENT",716.552575833339,"Breached SLA"
"Fidelity Bank","KACHASI v2.x","FI/22/09/0046","HIGH","DEBITED ACCOUNT AFTER REJECTION FB250919OTP0162",578.451986388769,"Breached SLA"
"Fidelity Bank","KACHASI v2.x","FI/18/09/0045","HIGH","KACHASI UNABLE TO RECEIVE MT761 SWIFT MESSAGES",2.72727833327372,"Within SLA"
"Fidelity Bank","KACHASI v2.x","FI/18/09/0044","HIGH","DOM TRANSFERS REFLECTING AS BANK INDUCED TRANSACTIONS",3698.89757083333,"Breached SLA"
"Fidelity Bank","KACHASI v2.x","FI/11/09/0043","HIGH","AUTOMATED SWIFT MESSAGES ON PAYMENTS/REPLENISHMENTS MT799",167.034604166576,"Breached SLA"
"Fidelity Bank","KACHASI v2.x","FI/11/09/0042","HIGH","DUPLICATION OF INTEREST CHARGES. FB25ILU00019",150.335462499876,"Breached SLA"
"Fidelity Bank","KACHASI v2.x","FI/09/09/0041","HIGH","WRONG AMOUNT CHARGES  DERIVED FOR 0.2 CONCESSION MAINTAINED",71.010151110997,"Within SLA"
"Fidelity Bank","KACHASI v2.x","FI/28/08/0040","HIGH","Premature EOM Interest run on kachasi",3889.52759638889,"Breached SLA"
"Fidelity Bank","KACHASI v2.x","FI/27/08/0039","HIGH","Missing columns on DOM TRANSFER report",140.316738055553,"Breached SLA"
"Fidelity Bank","KACHASI v2.x","FI/26/08/0015","MEDIUM","Singlewindow Bodogwu Integration",401.632871388865,"Breached SLA"
"Fidelity Bank","KACHASI v2.x","FI/26/08/0014","MEDIUM","NCS /NCS REST INTEGRATION",25.0215991666191,"Within SLA"
"Fidelity Bank","KACHASI v2.x","FI/22/08/0038","CRITICAL","NCS /NCS REST INTEGRATION",128.886142500036,"Breached SLA"
"Fidelity Bank","KACHASI v2.x","FI/21/08/0037","CRITICAL","MODIFICATION OF SHIPPING DOCUMENT RECIEVED NOTIFICATION FOR NOT VALID FOR FOREX",2.8617236110149,"Within SLA"
"Fidelity Bank","KACHASI v2.x","FI/14/08/0036","HIGH","SUCCESSFUL TRANSACTIONS NOT SHOWING ON KACHASI REPORT SHEETS- INWARD REMITTANCE",27.8736355556175,"Within SLA"
"Fidelity Bank","KACHASI v2.x","FI/12/08/0034","CRITICAL","EMPTY REPORTS FOR BILLS OF COLLECTION REGISTER",47.5970497222734,"Breached SLA"
"Fidelity Bank","KACHASI v2.x","FI/11/08/0033","CRITICAL","Supplier Set Shipping Documents - Date Error",20.2464783332543,"Within SLA"
"Fidelity Bank","KACHASI v2.x","FI/08/08/0032","CRITICAL","KACHASI ERROR",426.085439166636,"Breached SLA"
"Fidelity Bank","KACHASI v2.x","FI/06/08/0031","CRITICAL","PENDING COLLATION ITEM",143.256218055496,"Breached SLA"
"Fidelity Bank","KACHASI v2.x","FI/04/08/0030","CRITICAL","PENDING CBN DEBIT ON CUSTOMS TRANSACTIONS",4.63104638876393,"Within SLA"
"Fidelity Bank","KACHASI v2.x","FI/31/07/0029","HIGH","Inflows above threshold going STP FB250723ITT0084 FB250723ITT0120  FB250725ITT0074",172.90312000009,"Breached SLA"
"Fidelity Bank","KACHASI v2.x","FI/30/07/0028","CRITICAL","FORM A NUMBER NOT SHOWING ON CHARGES NARRATION",318.753266944375,"Breached SLA"
"Fidelity Bank","KACHASI v2.x","FI/22/07/0027","HIGH","Unable to approve or reject inflow FB250718ITT0113",53.2593827776727,"Within SLA"
"Fidelity Bank","KACHASI v2.x","FI/22/07/0026","HIGH","Unable to perform Interest distribution",54.8427983333822,"Within SLA"
"Fidelity Bank","KACHASI v2.x","FI/17/07/0025","CRITICAL","ISSUES WITH STP TRANSACTIONS ON AUTHORIZERS QUEUE ON KACHASI",4900.78777555539,"Breached SLA"
"Fidelity Bank","KACHASI v2.x","FI/14/07/0008","HIGH","UNABLE TO VIEW BIDREQUEST IRO SYNERMED",1.07971416658256,"Within SLA"
"Fidelity Bank","KACHASI v2.x","FI/14/07/0007","MEDIUM","REPORT FOR PAPSS OUTBOUND TRANSFER",216.239462777856,"Breached SLA"
"Fidelity Bank","KACHASI v2.x","FI/07/07/0024","HIGH","FORM M OPENED ON B'ODOGWU NOT ON KACHASI",507.491259166505,"Breached SLA"
"Fidelity Bank","KACHASI v2.x","FI/30/06/0022","CRITICAL","Frequent DB lock on kachasi",4102.21443722217,"Breached SLA"
"Fidelity Bank","KACHASI v2.x","FI/30/06/0021","HIGH","Papss outward transaction charges issues",198.908169999893,"Breached SLA"
"Fidelity Bank","KACHASI v2.x","FI/27/06/0020","CRITICAL","POST POST ERROR",3.70548916660482,"Within SLA"
"Fidelity Bank","KACHASI v2.x","FI/27/06/0019","HIGH","Telex not attached to email notifications",151.092958333378,"Breached SLA"
"Fidelity Bank","KACHASI v2.x","FI/26/06/0018","CRITICAL","GUARANTEE NOT PASSING CONTINGENCY ENTRIES",3.94732555554947,"Within SLA"
"Fidelity Bank","KACHASI v2.x","FI/26/06/0017","HIGH","Pending Duty Remittance",98.3690941666136,"Breached SLA"
"Fidelity Bank","KACHASI v2.x","FI/24/06/0016","CRITICAL","UNABLE TO ACCESS OUTWARD GUARANTEE MENU ON KACHASI",20.7239616667503,"Within SLA"
"Fidelity Bank","KACHASI v2.x","FI/24/06/0015","CRITICAL","MT799 NOT GENERATING ON POST NEG LIQUIDATION",72.0868719445425,"Breached SLA"
"Fidelity Bank","KACHASI v2.x","FI/23/06/0014","HIGH","THIRD CURRENCY TRANSACTIONS DROPPING DIFFERENT AMOUNT ON LEDGER",2082.0902452778,"Breached SLA"
"Fidelity Bank","KACHASI v2.x","FI/17/06/0011","HIGH","Unable to approve PTA registration at the branch authorizer",5.0365630555898,"Within SLA"
"Fidelity Bank","KACHASI v2.x","FI/17/06/0010","CRITICAL","ALERT FOR POST NEG LOAN MATURITY NOT GOING",1249.08101138903,"Breached SLA"
"Fidelity Bank","KACHASI v2.x","FI/17/06/0009","CRITICAL","ALERTS FOR MATURITY SBLC/GUARANTEE NOT GOING",1249.15384750004,"Breached SLA"
"Fidelity Bank","KACHASI v2.x","FI/17/06/0008","CRITICAL","ALERTS FOR DEFERRED PAYMENT NOT GOING",1249.19909638882,"Breached SLA"
"Fidelity Bank","KACHASI v2.x","FI/17/06/0007","CRITICAL","ALERTS FOR BILL OF LADING EXPIRY AND BILL OF EXCHANGE MATURITY NOT GOING",1249.2648511111,"Breached SLA"
"Fidelity Bank","KACHASI v2.x","FI/17/06/0006","CRITICAL","FORM M EXPIRY DATE",1249.28051555558,"Breached SLA"
"Fidelity Bank","KACHASI v2.x","FI/16/06/0005","HIGH","INABILITY TO VIEW USD DEBIT",2.89768888894469,"Within SLA"
"Fidelity Bank","KACHASI v2.x","FI/11/06/0004","CRITICAL","ERROR PROCESSING FB REFERENCE FOR CUSTOMS DUTY  FB25061110835",3.7628416667576,"Within SLA"
"Fidelity Bank","KACHASI v2.x","FI/11/06/0003","CRITICAL","POST POST ROLLOVER PASSING WRONG ENTRIES",153.870869722276,"Breached SLA"
"Fidelity Bank","KACHASI v2.x","FI/10/06/0002","HIGH","Unable to access FB25IBC00266",29.5379449999309,"Within SLA"
"Fidelity Bank","KACHASI v2.x","FI/05/06/0003","MEDIUM","The bank received a visit from the CBN audit team last week regarding our TRMS integration, and a number of compliance-related issues were identified with the current setup.",6741.97364916676,"Breached SLA"
"Fidelity Bank","KACHASI v2.x","FI/05/06/0001","HIGH","Addition of port for customs",1.77067416667705,"Within SLA"
"Fidelity Bank","KACHASI v2.x","FI/KA/LIV/250050","CRITICAL","INCLUSION OF FIELDS TO ECD REGISTER",453.277458333469,"Breached SLA"
"Fidelity Bank","KACHASI v2.x","FI/KA/LIV/250049","CRITICAL","INCOMPLETE REPORTS",3076.00890472223,"Breached SLA"
"Fidelity Bank","KACHASI v2.x","FI/KA/LIV/250048","HIGH","APPROVAL FOR $1,951,500 LC- DUFIL PRIMA FOODS LTD",216.285660000052,"Breached SLA"
"Fidelity Bank","KACHASI v2.x","FI/KA/LIV/250047","CRITICAL","PENDING CBN DEBIT ON CUSTOMS TRANSACTIONS",353.189453611267,"Breached SLA"
"Fidelity Bank","KACHASI v2.x","FI/KA/LIV/250046","CRITICAL","LC LIMIT SETUP ERROR",0.569599444395863,"Within SLA"
"Fidelity Bank","KACHASI v2.x","FI/KA/LIV/250044","HIGH","inflows from stanchart not processed by kachasi STP",1275.9668272222,"Breached SLA"
"Fidelity Bank","KACHASI v2.x","FI/KA/LIV/250043","HIGH","REPORTS OF SHIPPING DOCUMENT REGISTER AND RELEASE",1041.84433500009,"Breached SLA"
"Fidelity Bank","KACHASI v2.x","FI/KA/LIV/250042","CRITICAL","Increase of form M value",97.1505316666444,"Breached SLA"
"Fidelity Bank","KACHASI v2.x","FI/KA/LIV/250041","HIGH","FB2504156924 this item is yet to be collated since 15th",4.98459583340446,"Within SLA"
"Fidelity Bank","KACHASI v2.x","FI/KA/LIV/250040","HIGH","Lc ref is FB24ILL00023 - DANGOTE SUGAR REFINERY.",1.99279250000836,"Within SLA"
"Fidelity Bank","KACHASI v2.x","FI/KA/LIV/250039","HIGH","INABILITY TO FUND FORM M",4.84613388899015,"Within SLA"
"Fidelity Bank","KACHASI v2.x","FI/KA/LIV/250038","HIGH","ERROR WHILE CRETAING ALOAN ACCOINT ON KACHASI",16.9505086111603,"Within SLA"
"Fidelity Bank","KACHASI v2.x","FI/KA/LIV/250037","HIGH","INABILITY TO REJECT AN INWARD REMITTANCE",26.4478894444183,"Within SLA"
"Fidelity Bank","KACHASI v2.x","FI/KA/LIV/250036","HIGH","DOUBLE POST-NEG MONTHLY CHARGES - (FB24ILL00008)",7248.93552222219,"Breached SLA"
"Fidelity Bank","KACHASI v2.x","FI/KA/LIV/250035","HIGH","INABILITY TO PULL FORM M",1.39710666658357,"Within SLA"
"Fidelity Bank","KACHASI v2.x","FI/KA/LIV/250034","HIGH","TRANSACTIONS PROCESSED ON KACHASI NOT GOING TO SWIFT",123.859254166775,"Breached SLA"
"Fidelity Bank","KACHASI v2.x","FI/KA/LIV/250033","HIGH","FORM M PROCESSING ON B'ODOGWU",20.8629277777509,"Within SLA"
"Fidelity Bank","KACHASI v2.x","FI/KA/LIV/250032","HIGH","Duplicated credit limit for customer AYM SHAFA",2402.54998416669,"Breached SLA"
"Fidelity Bank","KACHASI v2.x","FI/KA/LIV/250031","HIGH","FX Collation Error",17.4126586110215,"Within SLA"
"Fidelity Bank","KACHASI v2.x","FI/KA/LIV/250030","HIGH","MT 103 inflows not generating FB references",7.89541749993805,"Within SLA"
"Fidelity Bank","KACHASI v2.x","FI/KA/LIV/250029","CRITICAL","DUPLICATED TRANSACTION ON SWIFT FB250312OTP0069",2120.08745944442,"Breached SLA"
"Fidelity Bank","KACHASI v2.x","FI/KA/LIV/250028","HIGH","DOM Transfer transmitted and still on workflow",8424.12522333342,"Breached SLA"
"Fidelity Bank","KACHASI v2.x","FI/KA/LIV/250027","HIGH","ISSUES WITH PASSING ENTRIES FOR LOAN LIQUIDATION ON KACHASI",24.0699813888059,"Within SLA"
"Fidelity Bank","KACHASI v2.x","FI/KA/LIV/250026","HIGH","ISSUES WITH RECOVERY CHARGES ON KACHASI - Nepal Oil & gas",24.0677300000098,"Within SLA"
"Fidelity Bank","KACHASI v2.x","FI/KA/LIV/250025","HIGH","ISSUE WITH INTEREST ON POST-NEG LOAN FB24POST00136",1.70128611114342,"Within SLA"
"Fidelity Bank","KACHASI v2.x","FI/KA/LIV/250024","HIGH","Credit limit duplicated for a customer",241.684373055585,"Breached SLA"
"Fidelity Bank","KACHASI v2.x","FI/KA/LIV/250023","HIGH","FX FUNDING NOT REFLECTING ON CUSTOMER'S ACCOUNT CROWN FLOUR/",7.77512027771445,"Within SLA"
"Fidelity Bank","KACHASI v2.x","FI/KA/LIV/250022","HIGH","Unable to Submit Inflows on Kachasi",49.0291577777825,"Within SLA"
"Fidelity Bank","KACHASI v2.x","FI/KA/LIV/250021","HIGH","ISSUE WITH LOAN BOOKING ON KACHASI -  A.Y.M SHAFA - ODDO BHF",26.6474888887606,"Within SLA"
"Fidelity Bank","KACHASI v2.x","FI/KA/LIV/250020","HIGH","POST POST TRANSACTION WITHOUT DAILY ACCRUALS AND MONTHLY Dbt",25.9196074999636,"Within SLA"
"Fidelity Bank","KACHASI v2.x","FI/KA/LIV/250019","HIGH","ECD Submsion MF20240070557|HLCUTA12407BIHJ5|FB24ILU00151P-02",2.52536388882436,"Within SLA"
"Fidelity Bank","KACHASI v2.x","FI/KA/LIV/250018","HIGH","ITEMS YET T BE COLLATED",25.5723755554645,"Within SLA"
"Fidelity Bank","KACHASI v2.x","FI/KA/LIV/250017","HIGH","Rate issue on kachasi payload to finacle",5047.25806944439,"Breached SLA"
"Fidelity Bank","KACHASI v2.x","FI/KA/LIV/250016","HIGH","UNABLE TO VIEW FORM M AT POINT OF BID REQUEST",1.22349166654749,"Within SLA"
"Fidelity Bank","KACHASI v2.x","FI/KA/LIV/250015","HIGH","Unable to bid for third currency transactions",1.73478611104656,"Within SLA"
"Fidelity Bank","KACHASI v2.x","FI/KA/LIV/250014","HIGH","Pending duty Items not remitted",7.86149500007741,"Within SLA"
"Fidelity Bank","KACHASI v2.x","FI/KA/LIV/250013","CRITICAL","UTILIZATION REPORT REVIEW",4203.01199694449,"Breached SLA"
"Fidelity Bank","KACHASI v2.x","FI/KA/LIV/250012","HIGH","KACHASI 3RD CURRENCY LOAN REPORTING AS USD",48.1072636111057,"Within SLA"
"Fidelity Bank","KACHASI v2.x","FI/KA/LIV/250011","CRITICAL","Addition of FORM M column on DOM TRANSFER report",330.153046388878,"Breached SLA"
"Fidelity Bank","KACHASI v2.x","FI/KA/LIV/250010","CRITICAL","Multiple credits for inflow FB250129ITT0023",955.352653055568,"Breached SLA"
"Fidelity Bank","KACHASI v2.x","FI/KA/LIV/250008","HIGH","UNABLE TO SUBMIT AMMENDMENT-FB25ILLW000014-NEPAL ENERGIES LT",22.7931841666577,"Within SLA"
"Fidelity Bank","KACHASI v2.x","FI/KA/LIV/250007","CRITICAL","WRONG NARRATION FOR LOAN LIQUIDATION",18.3995049999794,"Within SLA"
"Fidelity Bank","KACHASI v2.x","FI/KA/LIV/250006","CRITICAL","WRONG STATUS REPORT ON INTEREST COLLECTION REPORT",312.814388055587,"Breached SLA"
"Fidelity Bank","KACHASI v2.x","FI/KA/LIV/250005","CRITICAL","INCOMPLETE REPORT FOR NXP OPENED AND REPATRIATION",2833.29910638893,"Breached SLA"
"Fidelity Bank","KACHASI v2.x","FI/KA/LIV/250004","CRITICAL","PARTIAL DISBURSEMENT ON FORM A NOT WORKING IN KACHASI",5888.25111055555,"Breached SLA"
"Fidelity Bank","KACHASI v2.x","FI/KA/LIV/250003","HIGH","DUPLICATED TRANSACTION ON SWIFT (FB250108OTP0156)",3649.01424611115,"Breached SLA"
"Fidelity Bank","KACHASI v2.x","FI/KA/LIV/250002","CRITICAL","DOUBLE CREDIT TO CUSTOMERS ACCOUNTS BY KACHASI",1485.32358833333,"Breached SLA"
"Fidelity Bank","KACHASI v2.x","FI/KA/LIV/250001","CRITICAL","AUTHORISED TIME FOR DOM TRAN FRM BRANCHES DO NOT SHOW& FRONT",1201.56731666654,"Breached SLA"
"Fidelity Bank","KACHASI v2.x","FI/31/12/0072","CRITICAL","Kachasi EOD on 30th moved date to 2026",120.573915833258,"Breached SLA"
"Fidelity Bank","KACHASI v2.x","FI/29/12/0071","HIGH","Duplicated amounts observed during the booking of the Bills Loan",537.879424166749,"Breached SLA"
"Fidelity Bank","KACHASI v2.x","FI/22/12/0070","HIGH","LOAN BOOKING ERROR AND REQUEST FOR ASSISTANCE",26.9495986110996,"Within SLA"
"Fidelity Bank","KACHASI v2.x","FI/18/12/0069","HIGH","KACHASI ERROR ON REPAYMENT",125.527950555494,"Breached SLA"
"Fidelity Bank","KACHASI v2.x","FI/17/12/0068","HIGH","UNABLE TO CREATE CUSTOMER GROUP TO DRAW FROM LIMIT SET UP",25.5123591666925,"Within SLA"
"Fidelity Bank","KACHASI v2.x","FI/12/12/0067","HIGH","DUPLICATE KACHASI LOAN REFERENCES FOR JAMARA OPERATIONS LTD",137.374591111089,"Breached SLA"
"Fidelity Bank","KACHASI v2.x","FI/08/12/0066","HIGH","MT752 WITHOUT CHARGE ENTRIES",25.7658544443548,"Within SLA"
"Fidelity Bank","KACHASI v2.x","FI/01/12/0065","CRITICAL","Optimus application down",261.712685555569,"Breached SLA"
"Fidelity Bank","KACHASI v2.x","FI/25/11/0063","HIGH","ERROR ECOUNTERED ON PAYMENT PROCESSING FB25ILU00109 - JAMARA - $98,700",21.6521427778644,"Within SLA"
"Fidelity Bank","KACHASI v2.x","FI/18/11/0062","HIGH","DUPLICATED INTEREST CHARGES ON FB25ILL00032 - FB25POST00071",1252.53715194447,"Breached SLA"
"Fidelity Bank","KACHASI v2.x","FI/18/11/0061","HIGH","UNABLE TO AUTHORIZE AMENDMENT ON FB25ILU00183 ON KACHSI",6.09241361101158,"Within SLA"
"Fidelity Bank","KACHASI v2.x","FI/12/11/0060","HIGH","Unable to Approve FORM M MF20250111750 MF20250117451",2069.37972583319,"Breached SLA"
"Fidelity Bank","KACHASI v2.x","FI/07/11/0059","HIGH","Double Posting",2687.11450444447,"Breached SLA"
"Fidelity Bank","KACHASI v2.x","FI/06/11/0058","MEDIUM","Error submitting Loan Liquidation",2211.91625999997,"Breached SLA"
"Fidelity Bank","KACHASI v2.x","FI/03/11/0057","CRITICAL","Duplicated Swift Message for FB251020OTP0198",354.964628333459,"Breached SLA"
"Fidelity Bank","KACHASI v2.x","FI/30/10/0056","HIGH","Unable to Generate Receipt for Excise and Import Duty",163.120693055622,"Breached SLA"
"Fidelity Bank","KACHASI v2.x","FI/24/10/0055","MEDIUM","Optimus Email Notification Email",3127.5025886111,"Breached SLA"
"Fidelity Bank","KACHASI v2.x","FI/24/10/0054","HIGH","REJECTION ALERT STOPPED",2528.07337500004,"Breached SLA"
"Fidelity Bank","KACHASI v2.x","FI/16/10/0053","MEDIUM","BID REQUEST FAILED POSTINGS NOT SENT OUT",3.86870666668983,"Within SLA"
"Fidelity Bank","KACHASI v2.x","FI/10/10/0052","HIGH","WRONG ACCOUNT QUOTED LC OPENED REPORT-FB25ILUW00041",75.4612202777644,"Breached SLA"
"Fidelity Bank","KACHASI v2.x","FI/09/10/0051","HIGH","Interest Distribution Report for Q3 2025",10.297176388849,"Within SLA"
"Fidelity Bank","KACHASI v2.x","FI/05/10/0024","CRITICAL","FORM M NOT MIGRATED ON KACHASI ON BODOGWU",62.2667055554339,"Breached SLA"
"Fidelity Bank","KACHASI v2.x","FI/03/10/0050","HIGH","FORM M NOT MIGRATED ON KACHASI ON BODOGWU",165.166150277713,"Breached SLA"
"Fidelity Bank","KACHASI v2.x","FI/03/10/0049","HIGH","MAPPING OF STANDARD CHARTERED BANK EURO AND GBP LEDGER ACCOUNTS TO KACHASI",312.421643055626,"Breached SLA"
"Fidelity Bank","KACHASI v2.x","FI/26/09/0048","HIGH","Transaction status not Update on Optimus OPILC10092500003, OPILC28072500002",3789.32513222226,"Breached SLA"
"Fidelity Bank","KACHASI v2.x","FI/22/09/0047","HIGH","SHIPPING DOCUMENT REGISTER AND MOVEMENT",716.552575833339,"Breached SLA"
"Fidelity Bank","KACHASI v2.x","FI/22/09/0046","HIGH","DEBITED ACCOUNT AFTER REJECTION FB250919OTP0162",578.451986388769,"Breached SLA"
"Fidelity Bank","KACHASI v2.x","FI/18/09/0045","HIGH","KACHASI UNABLE TO RECEIVE MT761 SWIFT MESSAGES",2.72727833327372,"Within SLA"
"Fidelity Bank","KACHASI v2.x","FI/18/09/0044","HIGH","DOM TRANSFERS REFLECTING AS BANK INDUCED TRANSACTIONS",3698.89757083333,"Breached SLA"
"Fidelity Bank","KACHASI v2.x","FI/11/09/0043","HIGH","AUTOMATED SWIFT MESSAGES ON PAYMENTS/REPLENISHMENTS MT799",167.034604166576,"Breached SLA"
"Fidelity Bank","KACHASI v2.x","FI/11/09/0042","HIGH","DUPLICATION OF INTEREST CHARGES. FB25ILU00019",150.335462499876,"Breached SLA"
"Fidelity Bank","KACHASI v2.x","FI/09/09/0041","HIGH","WRONG AMOUNT CHARGES  DERIVED FOR 0.2 CONCESSION MAINTAINED",71.010151110997,"Within SLA"
"Fidelity Bank","KACHASI v2.x","FI/28/08/0040","HIGH","Premature EOM Interest run on kachasi",3889.52759638889,"Breached SLA"
"Fidelity Bank","KACHASI v2.x","FI/27/08/0039","HIGH","Missing columns on DOM TRANSFER report",140.316738055553,"Breached SLA"
"Fidelity Bank","KACHASI v2.x","FI/26/08/0015","MEDIUM","Singlewindow Bodogwu Integration",401.632871388865,"Breached SLA"
"Fidelity Bank","KACHASI v2.x","FI/26/08/0014","MEDIUM","NCS /NCS REST INTEGRATION",25.0215991666191,"Within SLA"
"Fidelity Bank","KACHASI v2.x","FI/22/08/0038","CRITICAL","NCS /NCS REST INTEGRATION",128.886142500036,"Breached SLA"
"Fidelity Bank","KACHASI v2.x","FI/21/08/0037","CRITICAL","MODIFICATION OF SHIPPING DOCUMENT RECIEVED NOTIFICATION FOR NOT VALID FOR FOREX",2.8617236110149,"Within SLA"
"Fidelity Bank","KACHASI v2.x","FI/14/08/0036","HIGH","SUCCESSFUL TRANSACTIONS NOT SHOWING ON KACHASI REPORT SHEETS- INWARD REMITTANCE",27.8736355556175,"Within SLA"
"Fidelity Bank","KACHASI v2.x","FI/12/08/0034","CRITICAL","EMPTY REPORTS FOR BILLS OF COLLECTION REGISTER",47.5970497222734,"Breached SLA"
"Fidelity Bank","KACHASI v2.x","FI/11/08/0033","CRITICAL","Supplier Set Shipping Documents - Date Error",20.2464783332543,"Within SLA"
"Fidelity Bank","KACHASI v2.x","FI/08/08/0032","CRITICAL","KACHASI ERROR",426.085439166636,"Breached SLA"
"Fidelity Bank","KACHASI v2.x","FI/06/08/0031","CRITICAL","PENDING COLLATION ITEM",143.256218055496,"Breached SLA"
"Fidelity Bank","KACHASI v2.x","FI/04/08/0030","CRITICAL","PENDING CBN DEBIT ON CUSTOMS TRANSACTIONS",4.63104638876393,"Within SLA"
"Fidelity Bank","KACHASI v2.x","FI/31/07/0029","HIGH","Inflows above threshold going STP FB250723ITT0084 FB250723ITT0120  FB250725ITT0074",172.90312000009,"Breached SLA"
"Fidelity Bank","KACHASI v2.x","FI/30/07/0028","CRITICAL","FORM A NUMBER NOT SHOWING ON CHARGES NARRATION",318.753266944375,"Breached SLA"
"Fidelity Bank","KACHASI v2.x","FI/22/07/0027","HIGH","Unable to approve or reject inflow FB250718ITT0113",53.2593827776727,"Within SLA"
"Fidelity Bank","KACHASI v2.x","FI/22/07/0026","HIGH","Unable to perform Interest distribution",54.8427983333822,"Within SLA"
"Fidelity Bank","KACHASI v2.x","FI/17/07/0025","CRITICAL","ISSUES WITH STP TRANSACTIONS ON AUTHORIZERS QUEUE ON KACHASI",4900.78777555539,"Breached SLA"
"Fidelity Bank","KACHASI v2.x","FI/14/07/0008","HIGH","UNABLE TO VIEW BIDREQUEST IRO SYNERMED",1.07971416658256,"Within SLA"
"Fidelity Bank","KACHASI v2.x","FI/14/07/0007","MEDIUM","REPORT FOR PAPSS OUTBOUND TRANSFER",216.239462777856,"Breached SLA"
"Fidelity Bank","KACHASI v2.x","FI/07/07/0024","HIGH","FORM M OPENED ON B'ODOGWU NOT ON KACHASI",507.491259166505,"Breached SLA"
"Fidelity Bank","KACHASI v2.x","FI/30/06/0022","CRITICAL","Frequent DB lock on kachasi",4102.21443722217,"Breached SLA"
"Fidelity Bank","KACHASI v2.x","FI/30/06/0021","HIGH","Papss outward transaction charges issues",198.908169999893,"Breached SLA"
"Fidelity Bank","KACHASI v2.x","FI/27/06/0020","CRITICAL","POST POST ERROR",3.70548916660482,"Within SLA"
"Fidelity Bank","KACHASI v2.x","FI/27/06/0019","HIGH","Telex not attached to email notifications",151.092958333378,"Breached SLA"
"Fidelity Bank","KACHASI v2.x","FI/26/06/0018","CRITICAL","GUARANTEE NOT PASSING CONTINGENCY ENTRIES",3.94732555554947,"Within SLA"
"Fidelity Bank","KACHASI v2.x","FI/26/06/0017","HIGH","Pending Duty Remittance",98.3690941666136,"Breached SLA"
"Fidelity Bank","KACHASI v2.x","FI/24/06/0016","CRITICAL","UNABLE TO ACCESS OUTWARD GUARANTEE MENU ON KACHASI",20.7239616667503,"Within SLA"
"Fidelity Bank","KACHASI v2.x","FI/24/06/0015","CRITICAL","MT799 NOT GENERATING ON POST NEG LIQUIDATION",72.0868719445425,"Breached SLA"
"Fidelity Bank","KACHASI v2.x","FI/23/06/0014","HIGH","THIRD CURRENCY TRANSACTIONS DROPPING DIFFERENT AMOUNT ON LEDGER",2082.0902452778,"Breached SLA"
"Fidelity Bank","KACHASI v2.x","FI/17/06/0011","HIGH","Unable to approve PTA registration at the branch authorizer",5.0365630555898,"Within SLA"
"Fidelity Bank","KACHASI v2.x","FI/17/06/0010","CRITICAL","ALERT FOR POST NEG LOAN MATURITY NOT GOING",1249.08101138903,"Breached SLA"
"Fidelity Bank","KACHASI v2.x","FI/17/06/0009","CRITICAL","ALERTS FOR MATURITY SBLC/GUARANTEE NOT GOING",1249.15384750004,"Breached SLA"
"Fidelity Bank","KACHASI v2.x","FI/17/06/0008","CRITICAL","ALERTS FOR DEFERRED PAYMENT NOT GOING",1249.19909638882,"Breached SLA"
"Fidelity Bank","KACHASI v2.x","FI/17/06/0007","CRITICAL","ALERTS FOR BILL OF LADING EXPIRY AND BILL OF EXCHANGE MATURITY NOT GOING",1249.2648511111,"Breached SLA"
"Fidelity Bank","KACHASI v2.x","FI/17/06/0006","CRITICAL","FORM M EXPIRY DATE",1249.28051555558,"Breached SLA"
"Fidelity Bank","KACHASI v2.x","FI/16/06/0005","HIGH","INABILITY TO VIEW USD DEBIT",2.89768888894469,"Within SLA"
"Fidelity Bank","KACHASI v2.x","FI/11/06/0004","CRITICAL","ERROR PROCESSING FB REFERENCE FOR CUSTOMS DUTY  FB25061110835",3.7628416667576,"Within SLA"
"Fidelity Bank","KACHASI v2.x","FI/11/06/0003","CRITICAL","POST POST ROLLOVER PASSING WRONG ENTRIES",153.870869722276,"Breached SLA"
"Fidelity Bank","KACHASI v2.x","FI/10/06/0002","HIGH","Unable to access FB25IBC00266",29.5379449999309,"Within SLA"
"Fidelity Bank","KACHASI v2.x","FI/05/06/0003","MEDIUM","The bank received a visit from the CBN audit team last week regarding our TRMS integration, and a number of compliance-related issues were identified with the current setup.",6741.97364916676,"Breached SLA"
"Fidelity Bank","KACHASI v2.x","FI/05/06/0001","HIGH","Addition of port for customs",1.77067416667705,"Within SLA"
"Fidelity Bank","KACHASI v2.x","FI/KA/LIV/250050","CRITICAL","INCLUSION OF FIELDS TO ECD REGISTER",453.277458333469,"Breached SLA"
"Fidelity Bank","KACHASI v2.x","FI/KA/LIV/250049","CRITICAL","INCOMPLETE REPORTS",3076.00890472223,"Breached SLA"
"Fidelity Bank","KACHASI v2.x","FI/KA/LIV/250048","HIGH","APPROVAL FOR $1,951,500 LC- DUFIL PRIMA FOODS LTD",216.285660000052,"Breached SLA"
"Fidelity Bank","KACHASI v2.x","FI/KA/LIV/250047","CRITICAL","PENDING CBN DEBIT ON CUSTOMS TRANSACTIONS",353.189453611267,"Breached SLA"
"Fidelity Bank","KACHASI v2.x","FI/KA/LIV/250046","CRITICAL","LC LIMIT SETUP ERROR",0.569599444395863,"Within SLA"
"Fidelity Bank","KACHASI v2.x","FI/KA/LIV/250044","HIGH","inflows from stanchart not processed by kachasi STP",1275.9668272222,"Breached SLA"
"Fidelity Bank","KACHASI v2.x","FI/KA/LIV/250043","HIGH","REPORTS OF SHIPPING DOCUMENT REGISTER AND RELEASE",1041.84433500009,"Breached SLA"
"Fidelity Bank","KACHASI v2.x","FI/KA/LIV/250042","CRITICAL","Increase of form M value",97.1505316666444,"Breached SLA"
"Fidelity Bank","KACHASI v2.x","FI/KA/LIV/250041","HIGH","FB2504156924 this item is yet to be collated since 15th",4.98459583340446,"Within SLA"
"Fidelity Bank","KACHASI v2.x","FI/KA/LIV/250040","HIGH","Lc ref is FB24ILL00023 - DANGOTE SUGAR REFINERY.",1.99279250000836,"Within SLA"
"Fidelity Bank","KACHASI v2.x","FI/KA/LIV/250039","HIGH","INABILITY TO FUND FORM M",4.84613388899015,"Within SLA"
"Fidelity Bank","KACHASI v2.x","FI/KA/LIV/250038","HIGH","ERROR WHILE CRETAING ALOAN ACCOINT ON KACHASI",16.9505086111603,"Within SLA"
"Fidelity Bank","KACHASI v2.x","FI/KA/LIV/250037","HIGH","INABILITY TO REJECT AN INWARD REMITTANCE",26.4478894444183,"Within SLA"
"Fidelity Bank","KACHASI v2.x","FI/KA/LIV/250036","HIGH","DOUBLE POST-NEG MONTHLY CHARGES - (FB24ILL00008)",7248.93552222219,"Breached SLA"
"Fidelity Bank","KACHASI v2.x","FI/KA/LIV/250035","HIGH","INABILITY TO PULL FORM M",1.39710666658357,"Within SLA"
"Fidelity Bank","KACHASI v2.x","FI/KA/LIV/250034","HIGH","TRANSACTIONS PROCESSED ON KACHASI NOT GOING TO SWIFT",123.859254166775,"Breached SLA"
"Fidelity Bank","KACHASI v2.x","FI/KA/LIV/250033","HIGH","FORM M PROCESSING ON B'ODOGWU",20.8629277777509,"Within SLA"
"Fidelity Bank","KACHASI v2.x","FI/KA/LIV/250032","HIGH","Duplicated credit limit for customer AYM SHAFA",2402.54998416669,"Breached SLA"
"Fidelity Bank","KACHASI v2.x","FI/KA/LIV/250031","HIGH","FX Collation Error",17.4126586110215,"Within SLA"
"Fidelity Bank","KACHASI v2.x","FI/KA/LIV/250030","HIGH","MT 103 inflows not generating FB references",7.89541749993805,"Within SLA"
"Fidelity Bank","KACHASI v2.x","FI/KA/LIV/250029","CRITICAL","DUPLICATED TRANSACTION ON SWIFT FB250312OTP0069",2120.08745944442,"Breached SLA"
"Fidelity Bank","KACHASI v2.x","FI/KA/LIV/250028","HIGH","DOM Transfer transmitted and still on workflow",8424.12522333342,"Breached SLA"
"Fidelity Bank","KACHASI v2.x","FI/KA/LIV/250027","HIGH","ISSUES WITH PASSING ENTRIES FOR LOAN LIQUIDATION ON KACHASI",24.0699813888059,"Within SLA"
"Fidelity Bank","KACHASI v2.x","FI/KA/LIV/250026","HIGH","ISSUES WITH RECOVERY CHARGES ON KACHASI - Nepal Oil & gas",24.0677300000098,"Within SLA"
"Fidelity Bank","KACHASI v2.x","FI/KA/LIV/250025","HIGH","ISSUE WITH INTEREST ON POST-NEG LOAN FB24POST00136",1.70128611114342,"Within SLA"
"Fidelity Bank","KACHASI v2.x","FI/KA/LIV/250024","HIGH","Credit limit duplicated for a customer",241.684373055585,"Breached SLA"
"Fidelity Bank","KACHASI v2.x","FI/KA/LIV/250023","HIGH","FX FUNDING NOT REFLECTING ON CUSTOMER'S ACCOUNT CROWN FLOUR/",7.77512027771445,"Within SLA"
"Fidelity Bank","KACHASI v2.x","FI/KA/LIV/250022","HIGH","Unable to Submit Inflows on Kachasi",49.0291577777825,"Within SLA"
"Fidelity Bank","KACHASI v2.x","FI/KA/LIV/250021","HIGH","ISSUE WITH LOAN BOOKING ON KACHASI -  A.Y.M SHAFA - ODDO BHF",26.6474888887606,"Within SLA"
"Fidelity Bank","KACHASI v2.x","FI/KA/LIV/250020","HIGH","POST POST TRANSACTION WITHOUT DAILY ACCRUALS AND MONTHLY Dbt",25.9196074999636,"Within SLA"
"Fidelity Bank","KACHASI v2.x","FI/KA/LIV/250019","HIGH","ECD Submsion MF20240070557|HLCUTA12407BIHJ5|FB24ILU00151P-02",2.52536388882436,"Within SLA"
"Fidelity Bank","KACHASI v2.x","FI/KA/LIV/250018","HIGH","ITEMS YET T BE COLLATED",25.5723755554645,"Within SLA"
"Fidelity Bank","KACHASI v2.x","FI/KA/LIV/250017","HIGH","Rate issue on kachasi payload to finacle",5047.25806944439,"Breached SLA"
"Fidelity Bank","KACHASI v2.x","FI/KA/LIV/250016","HIGH","UNABLE TO VIEW FORM M AT POINT OF BID REQUEST",1.22349166654749,"Within SLA"
"Fidelity Bank","KACHASI v2.x","FI/KA/LIV/250015","HIGH","Unable to bid for third currency transactions",1.73478611104656,"Within SLA"
"Fidelity Bank","KACHASI v2.x","FI/KA/LIV/250014","HIGH","Pending duty Items not remitted",7.86149500007741,"Within SLA"
"Fidelity Bank","KACHASI v2.x","FI/KA/LIV/250013","CRITICAL","UTILIZATION REPORT REVIEW",4203.01199694449,"Breached SLA"
"Fidelity Bank","KACHASI v2.x","FI/KA/LIV/250012","HIGH","KACHASI 3RD CURRENCY LOAN REPORTING AS USD",48.1072636111057,"Within SLA"
"Fidelity Bank","KACHASI v2.x","FI/KA/LIV/250011","CRITICAL","Addition of FORM M column on DOM TRANSFER report",330.153046388878,"Breached SLA"
"Fidelity Bank","KACHASI v2.x","FI/KA/LIV/250010","CRITICAL","Multiple credits for inflow FB250129ITT0023",955.352653055568,"Breached SLA"
"Fidelity Bank","KACHASI v2.x","FI/KA/LIV/250008","HIGH","UNABLE TO SUBMIT AMMENDMENT-FB25ILLW000014-NEPAL ENERGIES LT",22.7931841666577,"Within SLA"
"Fidelity Bank","KACHASI v2.x","FI/KA/LIV/250007","CRITICAL","WRONG NARRATION FOR LOAN LIQUIDATION",18.3995049999794,"Within SLA"
"Fidelity Bank","KACHASI v2.x","FI/KA/LIV/250006","CRITICAL","WRONG STATUS REPORT ON INTEREST COLLECTION REPORT",312.814388055587,"Breached SLA"
"Fidelity Bank","KACHASI v2.x","FI/KA/LIV/250005","CRITICAL","INCOMPLETE REPORT FOR NXP OPENED AND REPATRIATION",2833.29910638893,"Breached SLA"
"Fidelity Bank","KACHASI v2.x","FI/KA/LIV/250004","CRITICAL","PARTIAL DISBURSEMENT ON FORM A NOT WORKING IN KACHASI",5888.25111055555,"Breached SLA"
"Fidelity Bank","KACHASI v2.x","FI/KA/LIV/250003","HIGH","DUPLICATED TRANSACTION ON SWIFT (FB250108OTP0156)",3649.01424611115,"Breached SLA"
"Fidelity Bank","KACHASI v2.x","FI/KA/LIV/250002","CRITICAL","DOUBLE CREDIT TO CUSTOMERS ACCOUNTS BY KACHASI",1485.32358833333,"Breached SLA"
"Fidelity Bank","KACHASI v2.x","FI/KA/LIV/250001","CRITICAL","AUTHORISED TIME FOR DOM TRAN FRM BRANCHES DO NOT SHOW& FRONT",1201.56731666654,"Breached SLA"
"Fidelity Bank","KACHASI v2.x","FI/31/12/0072","CRITICAL","Kachasi EOD on 30th moved date to 2026",120.573915833258,"Breached SLA"
"Fidelity Bank","KACHASI v2.x","FI/29/12/0071","HIGH","Duplicated amounts observed during the booking of the Bills Loan",537.879424166749,"Breached SLA"
"Fidelity Bank","KACHASI v2.x","FI/22/12/0070","HIGH","LOAN BOOKING ERROR AND REQUEST FOR ASSISTANCE",26.9495986110996,"Within SLA"
"Fidelity Bank","KACHASI v2.x","FI/18/12/0069","HIGH","KACHASI ERROR ON REPAYMENT",125.527950555494,"Breached SLA"
"Fidelity Bank","KACHASI v2.x","FI/17/12/0068","HIGH","UNABLE TO CREATE CUSTOMER GROUP TO DRAW FROM LIMIT SET UP",25.5123591666925,"Within SLA"
"Fidelity Bank","KACHASI v2.x","FI/12/12/0067","HIGH","DUPLICATE KACHASI LOAN REFERENCES FOR JAMARA OPERATIONS LTD",137.374591111089,"Breached SLA"
"Fidelity Bank","KACHASI v2.x","FI/08/12/0066","HIGH","MT752 WITHOUT CHARGE ENTRIES",25.7658544443548,"Within SLA"
"Fidelity Bank","KACHASI v2.x","FI/01/12/0065","CRITICAL","Optimus application down",261.712685555569,"Breached SLA"
"Fidelity Bank","KACHASI v2.x","FI/25/11/0063","HIGH","ERROR ECOUNTERED ON PAYMENT PROCESSING FB25ILU00109 - JAMARA - $98,700",21.6521427778644,"Within SLA"
"Fidelity Bank","KACHASI v2.x","FI/18/11/0062","HIGH","DUPLICATED INTEREST CHARGES ON FB25ILL00032 - FB25POST00071",1252.53715194447,"Breached SLA"
"Fidelity Bank","KACHASI v2.x","FI/18/11/0061","HIGH","UNABLE TO AUTHORIZE AMENDMENT ON FB25ILU00183 ON KACHSI",6.09241361101158,"Within SLA"
"Fidelity Bank","KACHASI v2.x","FI/12/11/0060","HIGH","Unable to Approve FORM M MF20250111750 MF20250117451",2069.37972583319,"Breached SLA"
"Fidelity Bank","KACHASI v2.x","FI/07/11/0059","HIGH","Double Posting",2687.11450444447,"Breached SLA"
"Fidelity Bank","KACHASI v2.x","FI/06/11/0058","MEDIUM","Error submitting Loan Liquidation",2211.91625999997,"Breached SLA"
"Fidelity Bank","KACHASI v2.x","FI/03/11/0057","CRITICAL","Duplicated Swift Message for FB251020OTP0198",354.964628333459,"Breached SLA"
"Fidelity Bank","KACHASI v2.x","FI/30/10/0056","HIGH","Unable to Generate Receipt for Excise and Import Duty",163.120693055622,"Breached SLA"
"Fidelity Bank","KACHASI v2.x","FI/24/10/0055","MEDIUM","Optimus Email Notification Email",3127.5025886111,"Breached SLA"
"Fidelity Bank","KACHASI v2.x","FI/24/10/0054","HIGH","REJECTION ALERT STOPPED",2528.07337500004,"Breached SLA"
"Fidelity Bank","KACHASI v2.x","FI/16/10/0053","MEDIUM","BID REQUEST FAILED POSTINGS NOT SENT OUT",3.86870666668983,"Within SLA"
"Fidelity Bank","KACHASI v2.x","FI/10/10/0052","HIGH","WRONG ACCOUNT QUOTED LC OPENED REPORT-FB25ILUW00041",75.4612202777644,"Breached SLA"
"Fidelity Bank","KACHASI v2.x","FI/09/10/0051","HIGH","Interest Distribution Report for Q3 2025",10.297176388849,"Within SLA"
"Fidelity Bank","KACHASI v2.x","FI/05/10/0024","CRITICAL","FORM M NOT MIGRATED ON KACHASI ON BODOGWU",62.2667055554339,"Breached SLA"
"Fidelity Bank","KACHASI v2.x","FI/03/10/0050","HIGH","FORM M NOT MIGRATED ON KACHASI ON BODOGWU",165.166150277713,"Breached SLA"
"Fidelity Bank","KACHASI v2.x","FI/03/10/0049","HIGH","MAPPING OF STANDARD CHARTERED BANK EURO AND GBP LEDGER ACCOUNTS TO KACHASI",312.421643055626,"Breached SLA"
"Fidelity Bank","KACHASI v2.x","FI/26/09/0048","HIGH","Transaction status not Update on Optimus OPILC10092500003, OPILC28072500002",3789.32513222226,"Breached SLA"
"Fidelity Bank","KACHASI v2.x","FI/22/09/0047","HIGH","SHIPPING DOCUMENT REGISTER AND MOVEMENT",716.552575833339,"Breached SLA"
"Fidelity Bank","KACHASI v2.x","FI/22/09/0046","HIGH","DEBITED ACCOUNT AFTER REJECTION FB250919OTP0162",578.451986388769,"Breached SLA"
"Fidelity Bank","KACHASI v2.x","FI/18/09/0045","HIGH","KACHASI UNABLE TO RECEIVE MT761 SWIFT MESSAGES",2.72727833327372,"Within SLA"
"Fidelity Bank","KACHASI v2.x","FI/18/09/0044","HIGH","DOM TRANSFERS REFLECTING AS BANK INDUCED TRANSACTIONS",3698.89757083333,"Breached SLA"
"Fidelity Bank","KACHASI v2.x","FI/11/09/0043","HIGH","AUTOMATED SWIFT MESSAGES ON PAYMENTS/REPLENISHMENTS MT799",167.034604166576,"Breached SLA"
"Fidelity Bank","KACHASI v2.x","FI/11/09/0042","HIGH","DUPLICATION OF INTEREST CHARGES. FB25ILU00019",150.335462499876,"Breached SLA"
"Fidelity Bank","KACHASI v2.x","FI/09/09/0041","HIGH","WRONG AMOUNT CHARGES  DERIVED FOR 0.2 CONCESSION MAINTAINED",71.010151110997,"Within SLA"
"Fidelity Bank","KACHASI v2.x","FI/28/08/0040","HIGH","Premature EOM Interest run on kachasi",3889.52759638889,"Breached SLA"
"Fidelity Bank","KACHASI v2.x","FI/27/08/0039","HIGH","Missing columns on DOM TRANSFER report",140.316738055553,"Breached SLA"
"Fidelity Bank","KACHASI v2.x","FI/26/08/0015","MEDIUM","Singlewindow Bodogwu Integration",401.632871388865,"Breached SLA"
"Fidelity Bank","KACHASI v2.x","FI/26/08/0014","MEDIUM","NCS /NCS REST INTEGRATION",25.0215991666191,"Within SLA"
"Fidelity Bank","KACHASI v2.x","FI/22/08/0038","CRITICAL","NCS /NCS REST INTEGRATION",128.886142500036,"Breached SLA"
"Fidelity Bank","KACHASI v2.x","FI/21/08/0037","CRITICAL","MODIFICATION OF SHIPPING DOCUMENT RECIEVED NOTIFICATION FOR NOT VALID FOR FOREX",2.8617236110149,"Within SLA"
"Fidelity Bank","KACHASI v2.x","FI/14/08/0036","HIGH","SUCCESSFUL TRANSACTIONS NOT SHOWING ON KACHASI REPORT SHEETS- INWARD REMITTANCE",27.8736355556175,"Within SLA"
"Fidelity Bank","KACHASI v2.x","FI/12/08/0034","CRITICAL","EMPTY REPORTS FOR BILLS OF COLLECTION REGISTER",47.5970497222734,"Breached SLA"
"Fidelity Bank","KACHASI v2.x","FI/11/08/0033","CRITICAL","Supplier Set Shipping Documents - Date Error",20.2464783332543,"Within SLA"
"Fidelity Bank","KACHASI v2.x","FI/08/08/0032","CRITICAL","KACHASI ERROR",426.085439166636,"Breached SLA"
"Fidelity Bank","KACHASI v2.x","FI/06/08/0031","CRITICAL","PENDING COLLATION ITEM",143.256218055496,"Breached SLA"
"Fidelity Bank","KACHASI v2.x","FI/04/08/0030","CRITICAL","PENDING CBN DEBIT ON CUSTOMS TRANSACTIONS",4.63104638876393,"Within SLA"
"Fidelity Bank","KACHASI v2.x","FI/31/07/0029","HIGH","Inflows above threshold going STP FB250723ITT0084 FB250723ITT0120  FB250725ITT0074",172.90312000009,"Breached SLA"
"Fidelity Bank","KACHASI v2.x","FI/30/07/0028","CRITICAL","FORM A NUMBER NOT SHOWING ON CHARGES NARRATION",318.753266944375,"Breached SLA"
"Fidelity Bank","KACHASI v2.x","FI/22/07/0027","HIGH","Unable to approve or reject inflow FB250718ITT0113",53.2593827776727,"Within SLA"
"Fidelity Bank","KACHASI v2.x","FI/22/07/0026","HIGH","Unable to perform Interest distribution",54.8427983333822,"Within SLA"
"Fidelity Bank","KACHASI v2.x","FI/17/07/0025","CRITICAL","ISSUES WITH STP TRANSACTIONS ON AUTHORIZERS QUEUE ON KACHASI",4900.78777555539,"Breached SLA"
"Fidelity Bank","KACHASI v2.x","FI/14/07/0008","HIGH","UNABLE TO VIEW BIDREQUEST IRO SYNERMED",1.07971416658256,"Within SLA"
"Fidelity Bank","KACHASI v2.x","FI/14/07/0007","MEDIUM","REPORT FOR PAPSS OUTBOUND TRANSFER",216.239462777856,"Breached SLA"
"Fidelity Bank","KACHASI v2.x","FI/07/07/0024","HIGH","FORM M OPENED ON B'ODOGWU NOT ON KACHASI",507.491259166505,"Breached SLA"
"Fidelity Bank","KACHASI v2.x","FI/30/06/0022","CRITICAL","Frequent DB lock on kachasi",4102.21443722217,"Breached SLA"
"Fidelity Bank","KACHASI v2.x","FI/30/06/0021","HIGH","Papss outward transaction charges issues",198.908169999893,"Breached SLA"
"Fidelity Bank","KACHASI v2.x","FI/27/06/0020","CRITICAL","POST POST ERROR",3.70548916660482,"Within SLA"
"Fidelity Bank","KACHASI v2.x","FI/27/06/0019","HIGH","Telex not attached to email notifications",151.092958333378,"Breached SLA"
"Fidelity Bank","KACHASI v2.x","FI/26/06/0018","CRITICAL","GUARANTEE NOT PASSING CONTINGENCY ENTRIES",3.94732555554947,"Within SLA"
"Fidelity Bank","KACHASI v2.x","FI/26/06/0017","HIGH","Pending Duty Remittance",98.3690941666136,"Breached SLA"
"Fidelity Bank","KACHASI v2.x","FI/24/06/0016","CRITICAL","UNABLE TO ACCESS OUTWARD GUARANTEE MENU ON KACHASI",20.7239616667503,"Within SLA"
"Fidelity Bank","KACHASI v2.x","FI/24/06/0015","CRITICAL","MT799 NOT GENERATING ON POST NEG LIQUIDATION",72.0868719445425,"Breached SLA"
"Fidelity Bank","KACHASI v2.x","FI/23/06/0014","HIGH","THIRD CURRENCY TRANSACTIONS DROPPING DIFFERENT AMOUNT ON LEDGER",2082.0902452778,"Breached SLA"
"Fidelity Bank","KACHASI v2.x","FI/17/06/0011","HIGH","Unable to approve PTA registration at the branch authorizer",5.0365630555898,"Within SLA"
"Fidelity Bank","KACHASI v2.x","FI/17/06/0010","CRITICAL","ALERT FOR POST NEG LOAN MATURITY NOT GOING",1249.08101138903,"Breached SLA"
"Fidelity Bank","KACHASI v2.x","FI/17/06/0009","CRITICAL","ALERTS FOR MATURITY SBLC/GUARANTEE NOT GOING",1249.15384750004,"Breached SLA"
"Fidelity Bank","KACHASI v2.x","FI/17/06/0008","CRITICAL","ALERTS FOR DEFERRED PAYMENT NOT GOING",1249.19909638882,"Breached SLA"
"Fidelity Bank","KACHASI v2.x","FI/17/06/0007","CRITICAL","ALERTS FOR BILL OF LADING EXPIRY AND BILL OF EXCHANGE MATURITY NOT GOING",1249.2648511111,"Breached SLA"
"Fidelity Bank","KACHASI v2.x","FI/17/06/0006","CRITICAL","FORM M EXPIRY DATE",1249.28051555558,"Breached SLA"
"Fidelity Bank","KACHASI v2.x","FI/16/06/0005","HIGH","INABILITY TO VIEW USD DEBIT",2.89768888894469,"Within SLA"
"Fidelity Bank","KACHASI v2.x","FI/11/06/0004","CRITICAL","ERROR PROCESSING FB REFERENCE FOR CUSTOMS DUTY  FB25061110835",3.7628416667576,"Within SLA"
"Fidelity Bank","KACHASI v2.x","FI/11/06/0003","CRITICAL","POST POST ROLLOVER PASSING WRONG ENTRIES",153.870869722276,"Breached SLA"
"Fidelity Bank","KACHASI v2.x","FI/10/06/0002","HIGH","Unable to access FB25IBC00266",29.5379449999309,"Within SLA"
"Fidelity Bank","KACHASI v2.x","FI/05/06/0003","MEDIUM","The bank received a visit from the CBN audit team last week regarding our TRMS integration, and a number of compliance-related issues were identified with the current setup.",6741.97364916676,"Breached SLA"
"Fidelity Bank","KACHASI v2.x","FI/05/06/0001","HIGH","Addition of port for customs",1.77067416667705,"Within SLA"
"Fidelity Bank","KACHASI v2.x","FI/KA/LIV/250050","CRITICAL","INCLUSION OF FIELDS TO ECD REGISTER",453.277458333469,"Breached SLA"
"Fidelity Bank","KACHASI v2.x","FI/KA/LIV/250049","CRITICAL","INCOMPLETE REPORTS",3076.00890472223,"Breached SLA"
"Fidelity Bank","KACHASI v2.x","FI/KA/LIV/250048","HIGH","APPROVAL FOR $1,951,500 LC- DUFIL PRIMA FOODS LTD",216.285660000052,"Breached SLA"
"Fidelity Bank","KACHASI v2.x","FI/KA/LIV/250047","CRITICAL","PENDING CBN DEBIT ON CUSTOMS TRANSACTIONS",353.189453611267,"Breached SLA"
"Fidelity Bank","KACHASI v2.x","FI/KA/LIV/250046","CRITICAL","LC LIMIT SETUP ERROR",0.569599444395863,"Within SLA"
"Fidelity Bank","KACHASI v2.x","FI/KA/LIV/250044","HIGH","inflows from stanchart not processed by kachasi STP",1275.9668272222,"Breached SLA"
"Fidelity Bank","KACHASI v2.x","FI/KA/LIV/250043","HIGH","REPORTS OF SHIPPING DOCUMENT REGISTER AND RELEASE",1041.84433500009,"Breached SLA"
"Fidelity Bank","KACHASI v2.x","FI/KA/LIV/250042","CRITICAL","Increase of form M value",97.1505316666444,"Breached SLA"
"Fidelity Bank","KACHASI v2.x","FI/KA/LIV/250041","HIGH","FB2504156924 this item is yet to be collated since 15th",4.98459583340446,"Within SLA"
"Fidelity Bank","KACHASI v2.x","FI/KA/LIV/250040","HIGH","Lc ref is FB24ILL00023 - DANGOTE SUGAR REFINERY.",1.99279250000836,"Within SLA"
"Fidelity Bank","KACHASI v2.x","FI/KA/LIV/250039","HIGH","INABILITY TO FUND FORM M",4.84613388899015,"Within SLA"
"Fidelity Bank","KACHASI v2.x","FI/KA/LIV/250038","HIGH","ERROR WHILE CRETAING ALOAN ACCOINT ON KACHASI",16.9505086111603,"Within SLA"
"Fidelity Bank","KACHASI v2.x","FI/KA/LIV/250037","HIGH","INABILITY TO REJECT AN INWARD REMITTANCE",26.4478894444183,"Within SLA"
"Fidelity Bank","KACHASI v2.x","FI/KA/LIV/250036","HIGH","DOUBLE POST-NEG MONTHLY CHARGES - (FB24ILL00008)",7248.93552222219,"Breached SLA"
"Fidelity Bank","KACHASI v2.x","FI/KA/LIV/250035","HIGH","INABILITY TO PULL FORM M",1.39710666658357,"Within SLA"
"Fidelity Bank","KACHASI v2.x","FI/KA/LIV/250034","HIGH","TRANSACTIONS PROCESSED ON KACHASI NOT GOING TO SWIFT",123.859254166775,"Breached SLA"
"Fidelity Bank","KACHASI v2.x","FI/KA/LIV/250033","HIGH","FORM M PROCESSING ON B'ODOGWU",20.8629277777509,"Within SLA"
"Fidelity Bank","KACHASI v2.x","FI/KA/LIV/250032","HIGH","Duplicated credit limit for customer AYM SHAFA",2402.54998416669,"Breached SLA"
"Fidelity Bank","KACHASI v2.x","FI/KA/LIV/250031","HIGH","FX Collation Error",17.4126586110215,"Within SLA"
"Fidelity Bank","KACHASI v2.x","FI/KA/LIV/250030","HIGH","MT 103 inflows not generating FB references",7.89541749993805,"Within SLA"
"Fidelity Bank","KACHASI v2.x","FI/KA/LIV/250029","CRITICAL","DUPLICATED TRANSACTION ON SWIFT FB250312OTP0069",2120.08745944442,"Breached SLA"
"Fidelity Bank","KACHASI v2.x","FI/KA/LIV/250028","HIGH","DOM Transfer transmitted and still on workflow",8424.12522333342,"Breached SLA"
"Fidelity Bank","KACHASI v2.x","FI/KA/LIV/250027","HIGH","ISSUES WITH PASSING ENTRIES FOR LOAN LIQUIDATION ON KACHASI",24.0699813888059,"Within SLA"
"Fidelity Bank","KACHASI v2.x","FI/KA/LIV/250026","HIGH","ISSUES WITH RECOVERY CHARGES ON KACHASI - Nepal Oil & gas",24.0677300000098,"Within SLA"
"Fidelity Bank","KACHASI v2.x","FI/KA/LIV/250025","HIGH","ISSUE WITH INTEREST ON POST-NEG LOAN FB24POST00136",1.70128611114342,"Within SLA"
"Fidelity Bank","KACHASI v2.x","FI/KA/LIV/250024","HIGH","Credit limit duplicated for a customer",241.684373055585,"Breached SLA"
"Fidelity Bank","KACHASI v2.x","FI/KA/LIV/250023","HIGH","FX FUNDING NOT REFLECTING ON CUSTOMER'S ACCOUNT CROWN FLOUR/",7.77512027771445,"Within SLA"
"Fidelity Bank","KACHASI v2.x","FI/KA/LIV/250022","HIGH","Unable to Submit Inflows on Kachasi",49.0291577777825,"Within SLA"
"Fidelity Bank","KACHASI v2.x","FI/KA/LIV/250021","HIGH","ISSUE WITH LOAN BOOKING ON KACHASI -  A.Y.M SHAFA - ODDO BHF",26.6474888887606,"Within SLA"
"Fidelity Bank","KACHASI v2.x","FI/KA/LIV/250020","HIGH","POST POST TRANSACTION WITHOUT DAILY ACCRUALS AND MONTHLY Dbt",25.9196074999636,"Within SLA"
"Fidelity Bank","KACHASI v2.x","FI/KA/LIV/250019","HIGH","ECD Submsion MF20240070557|HLCUTA12407BIHJ5|FB24ILU00151P-02",2.52536388882436,"Within SLA"
"Fidelity Bank","KACHASI v2.x","FI/KA/LIV/250018","HIGH","ITEMS YET T BE COLLATED",25.5723755554645,"Within SLA"
"Fidelity Bank","KACHASI v2.x","FI/KA/LIV/250017","HIGH","Rate issue on kachasi payload to finacle",5047.25806944439,"Breached SLA"
"Fidelity Bank","KACHASI v2.x","FI/KA/LIV/250016","HIGH","UNABLE TO VIEW FORM M AT POINT OF BID REQUEST",1.22349166654749,"Within SLA"
"Fidelity Bank","KACHASI v2.x","FI/KA/LIV/250015","HIGH","Unable to bid for third currency transactions",1.73478611104656,"Within SLA"
"Fidelity Bank","KACHASI v2.x","FI/KA/LIV/250014","HIGH","Pending duty Items not remitted",7.86149500007741,"Within SLA"
"Fidelity Bank","KACHASI v2.x","FI/KA/LIV/250013","CRITICAL","UTILIZATION REPORT REVIEW",4203.01199694449,"Breached SLA"
"Fidelity Bank","KACHASI v2.x","FI/KA/LIV/250012","HIGH","KACHASI 3RD CURRENCY LOAN REPORTING AS USD",48.1072636111057,"Within SLA"
"Fidelity Bank","KACHASI v2.x","FI/KA/LIV/250011","CRITICAL","Addition of FORM M column on DOM TRANSFER report",330.153046388878,"Breached SLA"
"Fidelity Bank","KACHASI v2.x","FI/KA/LIV/250010","CRITICAL","Multiple credits for inflow FB250129ITT0023",955.352653055568,"Breached SLA"
"Fidelity Bank","KACHASI v2.x","FI/KA/LIV/250008","HIGH","UNABLE TO SUBMIT AMMENDMENT-FB25ILLW000014-NEPAL ENERGIES LT",22.7931841666577,"Within SLA"
"Fidelity Bank","KACHASI v2.x","FI/KA/LIV/250007","CRITICAL","WRONG NARRATION FOR LOAN LIQUIDATION",18.3995049999794,"Within SLA"
"Fidelity Bank","KACHASI v2.x","FI/KA/LIV/250006","CRITICAL","WRONG STATUS REPORT ON INTEREST COLLECTION REPORT",312.814388055587,"Breached SLA"
"Fidelity Bank","KACHASI v2.x","FI/KA/LIV/250005","CRITICAL","INCOMPLETE REPORT FOR NXP OPENED AND REPATRIATION",2833.29910638893,"Breached SLA"
"Fidelity Bank","KACHASI v2.x","FI/KA/LIV/250004","CRITICAL","PARTIAL DISBURSEMENT ON FORM A NOT WORKING IN KACHASI",5888.25111055555,"Breached SLA"
"Fidelity Bank","KACHASI v2.x","FI/KA/LIV/250003","HIGH","DUPLICATED TRANSACTION ON SWIFT (FB250108OTP0156)",3649.01424611115,"Breached SLA"
"Fidelity Bank","KACHASI v2.x","FI/KA/LIV/250002","CRITICAL","DOUBLE CREDIT TO CUSTOMERS ACCOUNTS BY KACHASI",1485.32358833333,"Breached SLA"
"Fidelity Bank","KACHASI v2.x","FI/KA/LIV/250001","CRITICAL","AUTHORISED TIME FOR DOM TRAN FRM BRANCHES DO NOT SHOW& FRONT",1201.56731666654,"Breached SLA"
"First  City Monument Bank","KACHASI v1.x","FC/12/12/0076","CRITICAL","Create Idris Adisa ON ISura",0.919549722166266,"Within SLA"
"First  City Monument Bank","KACHASI v1.x","FC/12/12/0075","HIGH","Pre-Charges Not taken",816.242169722216,"Breached SLA"
"First  City Monument Bank","KACHASI v1.x","FC/12/11/0074","HIGH","PENDING CUSTOM DUTY APPROVAL IFO 1023890781 ( 25423)",27.0630422221147,"Within SLA"
"First  City Monument Bank","KACHASI v1.x","FC/11/11/0073","CRITICAL","FAILED TRANSMISSION ON CUSTOM DUTY PAYMENT",46.1350302777719,"Breached SLA"
"First  City Monument Bank","KACHASI v1.x","FC/10/11/0071","HIGH","REQUEST FOR PRE-NEGOTIATION BREAKDWON",27.1674658333068,"Within SLA"
"First  City Monument Bank","KACHASI v1.x","FC/06/11/0070","CRITICAL","CUSTOM DUTY PAYMENT YET TO SETTLED",21.4195383331971,"Within SLA"
"First  City Monument Bank","KACHASI v1.x","FC/03/11/0069","CRITICAL","KACHASI SWIFT MANAGER ERROR",15.5845111111994,"Within SLA"
"First  City Monument Bank","KACHASI v1.x","FC/03/11/0068","HIGH","UNABLE TO GENERATE RECEIPT ON TRADEX",30.3312477779109,"Within SLA"
"First  City Monument Bank","KACHASI v1.x","FC/30/10/0067","HIGH","Pending Custom Duty Payment",16.9225080554606,"Within SLA"
"First  City Monument Bank","KACHASI v1.x","FC/22/10/0065","HIGH","EXCESS FX PURCHASE IFO PIVOT INTEGRATED ENERGY SERVICES LIMITED  LC WITH MAY ADD CLAUSE",24.179055277782,"Within SLA"
"First  City Monument Bank","KACHASI v1.x","FC/14/10/0064","CRITICAL","CUSTOM TRANSACTIONS YET TO BE TRANSIMITED 09-10-2025",27.3766611110768,"Breached SLA"
"First  City Monument Bank","KACHASI v1.x","FC/13/10/0063","CRITICAL","Finacle SSL Update",2.94053583336063,"Within SLA"
"First  City Monument Bank","KACHASI v1.x","FC/10/10/0062","HIGH","ROBUST INTERNATIONAL COMMODITIES LTD NXP XG202500214148606",68.9632677777554,"Within SLA"
"First  City Monument Bank","KACHASI v1.x","FC/09/10/0061","CRITICAL","LC Transaction Not Showing On Swift Outgoing Messages",6.9545630554785,"Within SLA"
"First  City Monument Bank","KACHASI v1.x","FC/08/10/0060","CRITICAL","TRANSMISSION OF FAILED CUSTOM DUTY PAYMENT",46.1104936109623,"Breached SLA"
"First  City Monument Bank","KACHASI v1.x","FC/03/10/0023","CRITICAL","Unable to access the report",0.807398333447054,"Within SLA"
"First  City Monument Bank","KACHASI v1.x","FC/02/10/0059","CRITICAL","Workflow Errors",7.63467000005767,"Within SLA"
"First  City Monument Bank","KACHASI v1.x","FC/02/10/0058","HIGH","UNSETTLED CUSTOM DUTY",23.6643569443258,"Within SLA"
"First  City Monument Bank","KACHASI v1.x","FC/30/09/0057","CRITICAL","SERVICE DEGRATION ON KACHASI",3.30818527779775,"Within SLA"
"First  City Monument Bank","KACHASI v1.x","FC/30/09/0056","CRITICAL","Unable to launch Tradex URL",5.27577555557946,"Within SLA"
"First  City Monument Bank","KACHASI v1.x","FC/29/09/0021","HIGH","FAILED REQUESTS ON KACHASI FOR FORMS M CANCELLATION",212.178965555504,"Breached SLA"
"First  City Monument Bank","KACHASI v1.x","FC/29/09/0055","HIGH","REPORT OF RECONCILIATION - OUTSTANDING TRADE OBLIGATION ON TAURUS OILA AND GAS LIMITED",70.4525322222034,"Within SLA"
"First  City Monument Bank","KACHASI v1.x","FC/26/09/0054","HIGH","PENDING CUSTOM DUTY APPROVAL IFO CHARDON GLOBAL SERVICES NIG",106.377771944564,"Breached SLA"
"First  City Monument Bank","KACHASI v1.x","FC/24/09/0053","HIGH","SETTLEMENT ISSUE ON COLLECTION ACCOUNT",175.925950000004,"Breached SLA"
"First  City Monument Bank","KACHASI v1.x","FC/24/09/0052","CRITICAL","CUSTOM DUTY PAYMENT:TAXES NOT TRANSMITTED",41.6313263888005,"Breached SLA"
"First  City Monument Bank","KACHASI v1.x","FC/10/09/0051","HIGH","KACHASI POSTING ERROR FCMB25LC00172",192.42551999999,"Breached SLA"
"First  City Monument Bank","KACHASI v1.x","FC/09/09/0019","HIGH","FX FUNDS TRANSFER- TRADE",3.26730694435537,"Within SLA"
"First  City Monument Bank","KACHASI v1.x","FC/09/09/0050","HIGH","REQUEST TO PURCHASE FX",20.0057597222622,"Within SLA"
"First  City Monument Bank","KACHASI v1.x","FC/03/09/0049","CRITICAL","RE: FCMB NXP - NESS Payment  01-09-2025",109.262032500061,"Breached SLA"
"First  City Monument Bank","KACHASI v1.x","FC/03/09/0048","CRITICAL","TRANSMISSION OF FAILED CUSTOM DUTY PAYMENT",209.858126666746,"Breached SLA"
"First  City Monument Bank","KACHASI v1.x","FC/03/09/0047","HIGH","DOUBLE DEBIT OF CUSTOMERS FOR CUSTOM DUTY PAYMENT",116.323728333344,"Breached SLA"
"First  City Monument Bank","KACHASI v1.x","FC/01/09/0046","HIGH","RE: DRAFT LC IRO MASTERSTROKES PACKAGES -- MF20250073374",19.835481944494,"Within SLA"
"First  City Monument Bank","KACHASI v1.x","FC/27/08/0045","HIGH","CANCELLED ASSESSMENTS",23.7785147221293,"Within SLA"
"First  City Monument Bank","KACHASI v1.x","FC/26/08/0044","HIGH","NXP Transaction not validating on the Portal",50.1819611111423,"Within SLA"
"First  City Monument Bank","KACHASI v1.x","FC/22/08/0043","CRITICAL","BACKEND CLOSURE OF THE LODGEMENT",168.636838333332,"Breached SLA"
"First  City Monument Bank","KACHASI v1.x","FC/22/08/0042","HIGH","KACHASI ERROR ON LODGMENT",4.29336638882523,"Within SLA"
"First  City Monument Bank","KACHASI v1.x","FC/21/08/0041","CRITICAL","KACHASI SWIFT MANAGER ERROR",23.1656255556154,"Within SLA"
"First  City Monument Bank","KACHASI v1.x","FC/20/08/0012","HIGH","Form A Number Not Populated",46.1522213889984,"Within SLA"
"First  City Monument Bank","KACHASI v1.x","FC/20/08/0040","HIGH","Iintervention Account Error",26.5852658333606,"Within SLA"
"First  City Monument Bank","KACHASI v1.x","FC/15/08/0039","HIGH","Custom Duty Receipts Not Printing",5.13206388900289,"Within SLA"
"First  City Monument Bank","KACHASI v1.x","FC/12/08/0038","CRITICAL","CHALLENEG WITH FX BID",389.75715194433,"Breached SLA"
"First  City Monument Bank","KACHASI v1.x","FC/11/08/0037","HIGH","Preneg Issue",4.3528783331858,"Within SLA"
"First  City Monument Bank","KACHASI v1.x","FC/06/08/0036","HIGH","FAILED CUSTOM DUTY PAYMENT",48.7945769444341,"Within SLA"
"First  City Monument Bank","KACHASI v1.x","FC/05/08/0035","CRITICAL","REQUEST FOR PRE-NEGOTIATION CHARGE BREAKDOWN MATCHING DEBIT PASSED TO CUSTOMER‚ÄôS NAIRA ACCOUNT",51.0493272221647,"Breached SLA"
"First  City Monument Bank","KACHASI v1.x","FC/01/08/0034","HIGH","FORM A VALIDATION",4.08397083333693,"Within SLA"
"First  City Monument Bank","KACHASI v1.x","FC/31/07/0033","HIGH","CUSTOM DUTY PAYMENT AUTHORIZATION FAILING",3.82183555554366,"Within SLA"
"First  City Monument Bank","KACHASI v1.x","FC/31/07/0032","HIGH","UNABLE TO FETCH FORM A NUMBER",26.6279769443208,"Within SLA"
"First  City Monument Bank","KACHASI v1.x","FC/28/07/0031","HIGH","UNABLE TO PROCESS BODOGWU CUSTOM DUTY""",78.6950405555544,"Breached SLA"
"First  City Monument Bank","KACHASI v1.x","FC/22/07/0030","HIGH","REQUEST FOR FX PURCHASES",5.7871022222098,"Within SLA"
"First  City Monument Bank","KACHASI v1.x","FC/21/07/0029","HIGH","INVALID SDG ERROR ON CUSTOM DUTY PAYMENT",30.3772386111086,"Within SLA"
"First  City Monument Bank","KACHASI v1.x","FC/17/07/0028","HIGH","INVALID SDG ERROR ON CUSTOM DUTY PAYMENT",22.018705833354,"Within SLA"
"First  City Monument Bank","KACHASI v1.x","FC/17/07/0009","HIGH","NESS Fee",145.835056111158,"Breached SLA"
"First  City Monument Bank","KACHASI v1.x","FC/16/07/0027","HIGH","FX Bid Request Issue",142.207920555607,"Breached SLA"
"First  City Monument Bank","KACHASI v1.x","FC/11/07/0026","HIGH","User unable to approve custom duty",0.455137777898926,"Within SLA"
"First  City Monument Bank","KACHASI v1.x","FC/11/07/0025","HIGH","Unable to create intervention account",243.29809138889,"Breached SLA"
"First  City Monument Bank","KACHASI v1.x","FC/09/07/0024","HIGH","ERROR ON TRADEX- PERFECT PACKAGING LTD-0728572011",52.9679644443677,"Within SLA"
"First  City Monument Bank","TENTACLES","FC/08/07/0023","CRITICAL","ISSUE WITH TSA/ TAXES",353.517105833336,"Breached SLA"
"First  City Monument Bank","KACHASI v1.x","FC/07/07/0022","HIGH","PRENEG CHALLENGE",210.692806666601,"Breached SLA"
"First  City Monument Bank","KACHASI v1.x","FC/04/07/0021","HIGH","Challenge on Pre neg",0.778645833372138,"Within SLA"
"First  City Monument Bank","TENTACLES","FC/01/07/0006","CRITICAL","DUPLICATE REMITTANCES FOR CUSTOM",73.0817133334349,"Breached SLA"
"First  City Monument Bank","KACHASI v1.x","FC/01/07/0020","HIGH","PRE-NEGOTIATION CHARGE BREAKDOWN",987.014975277765,"Breached SLA"
"First  City Monument Bank","KACHASI v1.x","FC/30/06/0019","CRITICAL","TSA ENCRYPTED REQ AND RESPONSE",1.1958586112014,"Within SLA"
"First  City Monument Bank","KACHASI v1.x","FC/26/06/0018","HIGH","Transaction DIDNt flow to swift",138.277369999909,"Breached SLA"
"First  City Monument Bank","TENTACLES","FC/25/06/0017","CRITICAL","Corebanking Service Is Not Coming Up",22.578882499889,"Within SLA"
"First  City Monument Bank","KACHASI v1.x","FC/24/06/0016","CRITICAL","OPEN SSL VULNERABILITY",4.48690472217277,"Within SLA"
"First  City Monument Bank","TENTACLES","FC/20/06/0015","CRITICAL","ISSUE WITH TRANSMITTING TRANSACTION",118.093363611144,"Breached SLA"
"First  City Monument Bank","KACHASI v1.x","FC/19/06/0014","HIGH","FORMS M CANCELLATION- CROWN FLOUR LIMITED",198.402688333299,"Breached SLA"
"First  City Monument Bank","TENTACLES","FC/16/06/0013","CRITICAL","ISSUE IS TOSSER ON TENTACLES",6.24881249992177,"Within SLA"
"First  City Monument Bank","TENTACLES","FC/16/06/0012","CRITICAL","AUTTOMATION OF NCS REST TO ALLOW TRANSACTION SIMULTANEOUSLY",893.168639166572,"Breached SLA"
"First  City Monument Bank","TENTACLES","FC/16/06/0011","CRITICAL","Bodogwu not getting new duty",9.02893194439821,"Within SLA"
"First  City Monument Bank","KACHASI v1.x","FC/16/06/0010","CRITICAL","PRENEG REPORT",6.31289916671813,"Within SLA"
"First  City Monument Bank","KACHASI v1.x","FC/16/06/0009","CRITICAL","DISCREPANCY IN BREAKDOWN FROM TRADEX AND NAIRA ACCOUNT DEBIT ABUJA STEEL MILLS LIMITED",52.9788905555033,"Breached SLA"
"First  City Monument Bank","KACHASI v1.x","FC/11/06/0008","CRITICAL","UNABLE TO APPROVE FORM A",46.2030125000747,"Breached SLA"
"First  City Monument Bank","TENTACLES","FC/11/06/0007","HIGH","ERROR HANDLING",50.8329230553936,"Within SLA"
"First  City Monument Bank","TENTACLES","FC/10/06/0005","HIGH","COREBANKING CHALLENGE ON TENTACLES",1.42335083341459,"Within SLA"
"First  City Monument Bank","KACHASI v1.x","FC/10/06/0004","HIGH","SECURITY REGISTER - Q1 2025 INTERNAL VAPT",193.398204444442,"Breached SLA"
"First  City Monument Bank","TENTACLES","FC/10/06/0003","CRITICAL","FAILED TO IMPORT CUSTOME DUTY FOR A65",5.72278194443788,"Within SLA"
"First  City Monument Bank","KACHASI v1.x","FC/05/06/0002","LOW","UNABLE TO TREAT CUSTOM DUTY",0.100096388894599,"Within SLA"
"First  City Monument Bank","KACHASI v1.x","FC/05/06/0001","LOW","UNABLE TO CASH BACK UNCONFIRMED LC",329.948928333353,"Breached SLA"
"First  City Monument Bank","TENTACLES","FC/05/06/0002","CRITICAL","INCLUSION OF OTHER PORTS ON NCS REST",3.98202444455819,"Within SLA"
"First  City Monument Bank","KACHASI v1.x","FC/05/06/0001","HIGH","FAILED FORM M REQUESTS ON KACHASI",7.69665166659979,"Within SLA"
"First  City Monument Bank","KACHASI v1.x","FC/TR/LIV/250029","HIGH","Unable to process form NXP",501.213551944471,"Breached SLA"
"First  City Monument Bank","TENTACLES","FC/TE/LIV/250001","HIGH","TENTACLES DOWNTIME",500.110310277727,"Breached SLA"
"First  City Monument Bank","KACHASI v1.x","FC/TR/LIV/250028","CRITICAL","Issues with LC",45.2585669444525,"Breached SLA"
"First  City Monument Bank","KACHASI v1.x","FC/TR/LIV/250027","HIGH","EMAIL ADDRESS REQUEST",1777.89389194432,"Breached SLA"
"First  City Monument Bank","KACHASI v1.x","FC/TR/LIV/250026","CRITICAL","CHALLENGE WITH LC FLOWS",5.86325222218875,"Within SLA"
"First  City Monument Bank","KACHASI v1.x","FC/TR/LIV/250025","HIGH","SWIFT ERROR ON KACHASI",2.43987861124333,"Within SLA"
"First  City Monument Bank","KACHASI v1.x","FC/TR/LIV/250024","HIGH","URGENT FIXES ON TRADE X (Fund Type Drop Menu)",1394.83576250001,"Breached SLA"
"First  City Monument Bank","KACHASI v1.x","FC/TR/LIV/250023","HIGH","UNABLE TO PRINT CUSTOM DUTY (b'ODOGWU)",2.86427194444695,"Within SLA"
"First  City Monument Bank","KACHASI v1.x","FC/TR/LIV/250022","HIGH","DISCREPANCY IN BREAKDOWN FROM TRADEX AND NAIRA ACCOUNT DEBIT",143.429532499867,"Breached SLA"
"First  City Monument Bank","KACHASI v1.x","FC/TR/LIV/250021","HIGH","NO REPORT FOR 04-04-2025 on TRADEX",39.2713094443898,"Within SLA"
"First  City Monument Bank","KACHASI v1.x","FC/TR/LIV/250020","HIGH","TLS 1.2 Implementation",2068.53452388884,"Breached SLA"
"First  City Monument Bank","KACHASI v1.x","FC/TR/LIV/250019","CRITICAL","UNABLE TO PAY FOR  eExcisePayment",1968.48800444452,"Breached SLA"
"First  City Monument Bank","KACHASI v1.x","FC/TR/LIV/250018","HIGH","NOTIFICATIONS NOT GOING OUT OF TRADEX",2739.03964888898,"Breached SLA"
"First  City Monument Bank","KACHASI v1.x","FC/TR/LIV/250016","LOW","FX Bids Batch Not Populating",147.985418333381,"Within SLA"
"First  City Monument Bank","KACHASI v1.x","FC/TR/LIV/250015","CRITICAL","ISSUE WITH LC AMENDMENT",1008.34571027773,"Breached SLA"
"First  City Monument Bank","KACHASI v1.x","FC/TR/LIV/250014","CRITICAL","TSA PAYMENT FAILURE",99.8318258334766,"Breached SLA"
"First  City Monument Bank","KACHASI v1.x","FC/TR/LIV/250013","LOW","DISCREPANCY IN BREAKDOWN FROM TRADEX AND NAIRA ACCOUNT",186.254793888889,"Within SLA"
"First  City Monument Bank","KACHASI v1.x","FC/TR/LIV/250012","MEDIUM","VIRAMSUN NIG LTD =====ACCOUNT NO. 3580283017",74.236337777751,"Within SLA"
"First  City Monument Bank","KACHASI v1.x","FC/TR/LIV/250011","HIGH","DISCREPANCY IN BREAKDOWN FROM TRADEX & NAIRA ACCOUNT DEBIT",3.94406861113384,"Within SLA"
"First  City Monument Bank","KACHASI v1.x","FC/TR/LIV/250010","CRITICAL","UNABLE TO COMPLETE PTA CREATION ON TRADEX",22.9054916667519,"Within SLA"
"First  City Monument Bank","KACHASI v1.x","FC/TR/LIV/250009","HIGH","ENQUIRY ON FX TRANSFER  AF20251427480",51.0612658333266,"Within SLA"
"First  City Monument Bank","KACHASI v1.x","FC/TR/LIV/250008","HIGH","PURCHASE OF FX ON FORM M NO. MF20250004233",93.1118361111148,"Breached SLA"
"First  City Monument Bank","KACHASI v1.x","FC/TR/LIV/250007","CRITICAL","Transaction Not Flowing on TSA",867.164298888878,"Breached SLA"
"First  City Monument Bank","KACHASI v1.x","FC/TR/LIV/250006","HIGH","ISSUES WITH ECD LODGEMENT",120.535228888853,"Breached SLA"
"First  City Monument Bank","KACHASI v1.x","FC/TR/LIV/250005","HIGH","TSA Issue",4.5660402776557,"Within SLA"
"First  City Monument Bank","KACHASI v1.x","FC/TR/LIV/250004","HIGH","FAILED FORM M REQUESTS ON KACHASI",29.1840977778775,"Within SLA"
"First  City Monument Bank","KACHASI v1.x","FC/TR/LIV/250003","MEDIUM","ERRORS ON KACHASI FOR PTA/BTA PROCESSING",288.102313055657,"Breached SLA"
"First  City Monument Bank","KACHASI v1.x","FC/TR/LIV/250002","MEDIUM","MISSING SWIFT MESSAGE - FCMB25LC00002",50.0251958331792,"Within SLA"
"First  City Monument Bank","KACHASI v1.x","FC/TR/LIV/250001","HIGH","Architecture Review for TradeX",458.001423055655,"Breached SLA"
"Wema Bank","TENTACLES","WB/15/12/0058","HIGH","Email Notification",72.325262499915,"Breached SLA"
"Wema Bank","KACHASI v2.x","WB/10/12/0057","HIGH","Unable to submit Draft",27.595461666584,"Within SLA"
"Wema Bank","KACHASI v2.x","WB/03/12/0056","MEDIUM","CASH BACK SETUP FOR ZENITH BANK",50.4513102777419,"Within SLA"
"Wema Bank","KACHASI v2.x","WB/03/12/0055","MEDIUM","REQUEST FOR SUPPORT - NOFICATIONS NOT WORKING FOR MILESTONES SET",3049.55033611116,"Breached SLA"
"Wema Bank","KACHASI v2.x","WB/03/12/0054","MEDIUM","REQUEST FOR SUPPORT - FORM M NOT PUPULATING FOR LC",25.7030988889164,"Within SLA"
"Wema Bank","KACHASI v2.x","WB/02/12/0053","HIGH","SCREATION OF ZENITH BANK EURO CLEANLINE UTILIZATION",22.9847469444503,"Within SLA"
"Wema Bank","KACHASI v2.x","WB/28/11/0052","MEDIUM","SUPPORT REQUEST-LC ERROR",70.4091080555809,"Within SLA"
"Wema Bank","KACHASI v2.x","WB/27/11/0051","MEDIUM","request for support- add account for new swift code",98.4908075000276,"Within SLA"
"Wema Bank","KACHASI v2.x","WB/26/11/0050","HIGH","ALAT FOR BUSINESS TRANSACTIONS NOT FLOWING INTO KACHASI",120.720911111101,"Breached SLA"
"Wema Bank","KACHASI v2.x","WB/25/11/0049","HIGH","REQUEST FOR SUPPORT - UNABLE TO CHARGE O FORM M",5.11624555557501,"Within SLA"
"Wema Bank","KACHASI v2.x","WB/24/11/0048","HIGH","Active mq failed to start up",47.6742777776672,"Within SLA"
"Wema Bank","TENTACLES","WB/20/11/0047","HIGH","REQUEST FOR SUPPORT - UNABLE TO PULL IN FORM Ms",123.479789166595,"Breached SLA"
"Wema Bank","KACHASI v2.x","WB/20/11/0046","MEDIUM","REQUEST FOR SUPPORT - CREATION OF ZENITH BANK UK USD CLEANLINE UTILIZATION",123.497359722212,"Breached SLA"
"Wema Bank","KACHASI v2.x","WB/14/11/0045","HIGH","creation of Account",268.754303055641,"Breached SLA"
"Wema Bank","KACHASI v2.x","WB/13/11/0044","MEDIUM","CUSTOMER ACCOUNT STATUS CLOSED",122.451445277897,"Breached SLA"
"Wema Bank","KACHASI v2.x","WB/13/11/0043","HIGH","REQUEST FOR SUP[PRT - LC PROCESSING CHALLNEGE",2.51918638881762,"Within SLA"
"Wema Bank","KACHASI v2.x","WB/13/11/0042","MEDIUM","LC PROCESSING ISSUE",0.750938055629376,"Within SLA"
"Wema Bank","TENTACLES","WB/09/11/0041","MEDIUM","REQUEST FPR SUPPORT - PULL IN FORM Ms PRE- BODOGWU INTERGRATION",377.879531110986,"Breached SLA"
"Wema Bank","KACHASI v2.x","WB/31/10/0040","HIGH","UNABLE TO PULL / REJECT NCX",100.893436388928,"Breached SLA"
"Wema Bank","KACHASI v2.x","WB/31/10/0039","MEDIUM","UNABLE TO PROCESS FORM MS",101.796410555486,"Within SLA"
"Wema Bank","KACHASI v2.x","WB/29/10/0038","HIGH","REQUEST FOR SUPPORT - LOBS FILE SHRINK",41.6801350000896,"Within SLA"
"Wema Bank","KACHASI v2.x","WB/24/10/0037","MEDIUM","UNABLE TO REJECT NCX AND NXP",2.10945583332796,"Within SLA"
"Wema Bank","KACHASI v2.x","WB/23/10/0036","MEDIUM","REQUEST FRO SUPPORT - CHARGES NOT TAKE ON FORM M",1.4573280554032,"Within SLA"
"Wema Bank","KACHASI v2.x","WB/14/10/0035","MEDIUM","REQUEST FOR SUPPORT - POSTING FOR JP MORGAN",3000.29217361123,"Breached SLA"
"Wema Bank","KACHASI v2.x","WB/07/10/0034","HIGH","Report for Transactions flowing from Alat for business",497.807131388923,"Breached SLA"
"Wema Bank","KACHASI v2.x","WB/30/09/0022","HIGH","Trade Help Desk role on Kachasi",45.2098233332508,"Within SLA"
"Wema Bank","KACHASI v2.x","WB/30/09/0033","HIGH","OTP Page is not coming up",0.400023055553902,"Within SLA"
"Wema Bank","KACHASI v2.x","WB/15/09/0032","HIGH","Multiple debits on Swift outgoing and multipl debits for incoming swift",1601.87765222217,"Breached SLA"
"Wema Bank","KACHASI v2.x","WB/12/09/0031","MEDIUM","INABILITY TO REJECT NXP",2.90534361120081,"Within SLA"
"Wema Bank","KACHASI v2.x","WB/08/09/0030","HIGH","SWIFT INFLOW NOT GENERATING ICP NUMBER 8224500246JO",70.993101944332,"Within SLA"
"Wema Bank","KACHASI v2.x","WB/08/09/0029","MEDIUM","ERROR APPROVING NXP",4.61953638884006,"Within SLA"
"Wema Bank","KACHASI v2.x","WB/28/08/0028","MEDIUM","BSUNESS SUPPORT REQUIRED- RELATED FORM M",2.10813583340496,"Within SLA"
"Wema Bank","KACHASI v2.x","WB/27/08/0027","HIGH","Bills Of Collection",22.9319366666023,"Within SLA"
"Wema Bank","KACHASI v2.x","WB/15/08/0026","HIGH","OCP TRANSACTIONS NOT REFLECTING ON KACHASI",143.600772222213,"Breached SLA"
"Wema Bank","KACHASI v2.x","WB/13/08/0025","HIGH","MX CONVERSION",2394.60982611106,"Breached SLA"
"Wema Bank","KACHASI v2.x","WB/13/08/0024","MEDIUM","CHANGE OF NARRATION FOR AMENDMENTS INVOLVING LC",26.7767538889311,"Within SLA"
"Wema Bank","KACHASI v2.x","WB/01/08/0022","HIGH","Post Neg Counterparty Account",1.18956749991048,"Within SLA"
"Wema Bank","TENTACLES","WB/30/07/0021","HIGH","REQUEST FOR SUPPORT - NXPs NOT FETCHING",146.810607500025,"Breached SLA"
"Wema Bank","KACHASI v2.x","WB/29/07/0020","MEDIUM","REQUEST FOR SUPPORT - PROCESSING DEPLOYED 202COV",70.1698183332919,"Within SLA"
"Wema Bank","KACHASI v2.x","WB/29/07/0019","HIGH","Currency not reflecting to initiate a swift message",4.86147250008071,"Within SLA"
"Wema Bank","TENTACLES","WB/18/07/0017","MEDIUM","UNABLE TO FETCH NXP ON KACHASI - XF2025156824 XF2025156830 XF2025156836",51.1370533332811,"Within SLA"
"Wema Bank","KACHASI v2.x","WB/18/07/0015","HIGH","Unable to attach documents on Kachasi UAT",146.594524722314,"Breached SLA"
"Wema Bank","KACHASI v2.x","WB/17/07/0014","MEDIUM","REJECTED TRANSACTION STILL ON KACHASI",0.188244722143281,"Within SLA"
"Wema Bank","KACHASI v2.x","WB/17/07/0013","MEDIUM","UNABLE TO FETCH NXP ON KACHASI - XF2025156733",0.32221777777886,"Within SLA"
"Wema Bank","KACHASI v2.x","WB/14/07/0012","HIGH","NXP ref now reflecting on Kachasi(XG202500035143183)",165.365730277786,"Breached SLA"
"Wema Bank","KACHASI v2.x","WB/14/07/0011","MEDIUM","REQUEST FOR SUPPORT - POST NEG ISSUE",6.42879194451962,"Within SLA"
"Wema Bank","KACHASI v2.x","WB/10/07/0010","MEDIUM","Unable to debit customer on Kachasi",28.2381719444529,"Within SLA"
"Wema Bank","KACHASI v2.x","WB/07/07/0009","MEDIUM","REQUEST FOR SUPPORT - MODIFICATION OF COMMISSION AND VAT ENTERIES FROM BRANCH TRANSIT TO BRANCH INCOME",47.2575983331772,"Within SLA"
"Wema Bank","KACHASI v2.x","WB/07/07/0008","MEDIUM","REQUEST FOR DEPLOYMENT",95.2417388887843,"Within SLA"
"Wema Bank","KACHASI v2.x","WB/03/07/0007","MEDIUM","TEST WEB PLATFORM NOT UP",2.01978416671045,"Within SLA"
"Wema Bank","KACHASI v2.x","WB/26/06/0006","MEDIUM","ERROR APPROVING SWIFT INFLOW",118.495431111194,"Within SLA"
"Wema Bank","KACHASI v2.x","WB/19/06/0005","HIGH","TRANASCTIONS ON QUEUE NOT POPULATING POSTING ENTRIES",24.0530347221647,"Within SLA"
"Wema Bank","KACHASI v2.x","WB/16/06/0004","HIGH","ONBOARDING OF NEW CORRESPONDENT BANK ON KACHASI",50.2970616667299,"Within SLA"
"Wema Bank","KACHASI v2.x","WB/13/06/0003","MEDIUM","MISSING ITEMS ON WORKFLOW",1.30845416674856,"Within SLA"
"Wema Bank","KACHASI v2.x","WB/10/06/0005","HIGH","LC CHARGE UPDATE",5.51421750005102,"Within SLA"
"Wema Bank","KACHASI v2.x","WB/05/06/0002","MEDIUM","FIXED TO BE MADE ON NXP",4051.53068083338,"Breached SLA"
"Wema Bank","KACHASI v2.x","WB/05/06/0001","HIGH","INFLOW REPORTS NOT UPTO DATE",1.74563527770806,"Within SLA"
"Wema Bank","KACHASI v2.x","WB/KA/LIV/250053","HIGH","Unable to submit LC Transaction (DRAFT01262)",1.35658611101098,"Within SLA"
"Wema Bank","KACHASI v2.x","WB/KA/LIV/250052","HIGH","NXP APPROVED BUT SHOWING INACTIVE ON INSTRUMENT",45.2797563888598,"Within SLA"
"Wema Bank","KACHASI v2.x","WB/KA/LIV/250051","CRITICAL","FORM M NOT ON KACHASI AT THE POINT OF LOGING DRAFT FOR LC",22.9325641666073,"Within SLA"
"Wema Bank","KACHASI v2.x","WB/KA/LIV/250050","MEDIUM","LC Expiry Notifications",333.413777499867,"Breached SLA"
"Wema Bank","KACHASI v2.x","WB/KA/LIV/250049","MEDIUM","FORM M WITH UNCLEAR STATUS",6.29956583323656,"Within SLA"
"Wema Bank","KACHASI v2.x","WB/KA/LIV/250048","HIGH","ACTIVATION OF SWIFT MX MESSAGES ON KACHASI",337.680867222254,"Breached SLA"
"Wema Bank","KACHASI v2.x","WB/KA/LIV/250047","HIGH","NXP CHARGE NOT DEBITED FOR XG202500035138291",64.8054491665098,"Within SLA"
"Wema Bank","KACHASI v2.x","WB/KA/LIV/250046","MEDIUM","customer credit limit",5.11634555569617,"Within SLA"
"Wema Bank","KACHASI v2.x","WB/KA/LIV/250044","MEDIUM","Transaction not reflecting on reviewer's queue",21.0282313889475,"Within SLA"
"Wema Bank","KACHASI v2.x","WB/KA/LIV/250043","MEDIUM","NO CHARGES TAKEN FOR FORM Ms",53.9569786112406,"Within SLA"
"Wema Bank","KACHASI v2.x","WB/KA/LIV/250042","CRITICAL","UNABLE TO PULL FORM-M INTO KACHASI MF20250031740",6.31716916663572,"Within SLA"
"Wema Bank","KACHASI v2.x","WB/KA/LIV/250041","MEDIUM","INVALID CHARACTER POSITION",2.81203194439877,"Within SLA"
"Wema Bank","KACHASI v2.x","WB/KA/LIV/250040","CRITICAL","FORM MS NOT DEBITED ON KACHASI AND IT IS ACTIVE",3.40810944442637,"Within SLA"
"Wema Bank","KACHASI v2.x","WB/KA/LIV/250039","CRITICAL","FORM M SHOWNG INACTIVE ON INSTRUMENT ON KACHASI",20.7361599999131,"Within SLA"
"Wema Bank","KACHASI v2.x","WB/KA/LIV/250038","CRITICAL","NXP REJECTED ON KACHASI",5.93549833347788,"Within SLA"
"Wema Bank","KACHASI v2.x","WB/KA/LIV/250037","CRITICAL","NXP WHEN REJECTED ON KACHASI WILL ONLY IMPACT ON TRMS",5.97518472222146,"Within SLA"
"Wema Bank","KACHASI v2.x","WB/KA/LIV/250036","CRITICAL","ADD CURRENCY AED  TO KACHASI TO ENABLE US PULL MF20250028800",1.79321583348792,"Within SLA"
"Wema Bank","KACHASI v2.x","WB/KA/LIV/250034","CRITICAL","UNABLE TO REJECT NXP TRANSACTION",120.11269666662,"Breached SLA"
"Wema Bank","KACHASI v2.x","WB/KA/LIV/250033","MEDIUM","LC Establishments Draft Number Not Changing to LC Ref at F47",219.105493333249,"Breached SLA"
"Wema Bank","KACHASI v2.x","WB/KA/LIV/250031","CRITICAL","UPDATED FORM M REGISTER ON KACHASI",97.9682169443113,"Breached SLA"
"Wema Bank","KACHASI v2.x","WB/KA/LIV/250030","CRITICAL","ENDORSEMENT AND RELEASE OF SHIPPING DOCUMENTS IFO......",22.5236366667668,"Within SLA"
"Wema Bank","KACHASI v2.x","WB/KA/LIV/250029","HIGH","UNABLE TO PULL FORM-M INTO KACHASI",23.8292941666441,"Within SLA"
"Wema Bank","KACHASI v2.x","WB/KA/LIV/250028","HIGH","VISIBLE TRANSFER OPTION NOT WORKING - OUTWARD FX",1.70765472220955,"Within SLA"
"Wema Bank","KACHASI v2.x","WB/KA/LIV/250027","HIGH","Mapping of columns to account numbers for Kachasi report",3.69068888900802,"Within SLA"
"Wema Bank","KACHASI v2.x","WB/KA/LIV/250026","HIGH","Email Notification on Due BC, Expired BL, Expired Form M",2379.97930611111,"Breached SLA"
"Wema Bank","KACHASI v2.x","WB/KA/LIV/250025","CRITICAL","Implementation of New USD Offshore Charges on Kachasi",53.4607883332064,"Breached SLA"
"Wema Bank","KACHASI v2.x","WB/KA/LIV/250024","HIGH","Unable to approve nxp",0.373175277665723,"Within SLA"
"Wema Bank","TENTACLES","WB/TE/LIV/250001","HIGH","Tentacles Downtime",0.616262499941513,"Within SLA"
"Wema Bank","KACHASI v2.x","WB/KA/LIV/250023","CRITICAL","AUTOMATION OF NXP REPORTING TEMPLATE AND CERTIFICATION",2707.20945138886,"Breached SLA"
"Wema Bank","KACHASI v2.x","WB/KA/LIV/250022","HIGH","CNY ERROR ON KACHASI",1.08449666661909,"Within SLA"
"Wema Bank","KACHASI v2.x","WB/KA/LIV/250021","HIGH","Forms M not reflecting after been pulled in Manually.",1.11153333331458,"Within SLA"
"Wema Bank","KACHASI v2.x","WB/KA/LIV/250020","HIGH","Unable to initiate LC transaction",1.52688250009669,"Within SLA"
"Wema Bank","KACHASI v2.x","WB/KA/LIV/250018","HIGH","INTEREST PAYMENT NOT SHOWING ON SUMMARY PAGE",3.7537780557177,"Within SLA"
"Wema Bank","KACHASI v2.x","WB/KA/LIV/250017","CRITICAL","CERTIFICATION OF NXP ON KACHASI",142.505886388826,"Breached SLA"
"Wema Bank","KACHASI v2.x","WB/KA/LIV/250016","CRITICAL","RE: BLANK FORM-M ON KACHASI WORKFLOW FOR MF20250006044",22.8140583332861,"Within SLA"
"Wema Bank","KACHASI v2.x","WB/KA/LIV/250015","CRITICAL","UNABLE TO PULL FORM-M INTO KACHASI",22.6031236110139,"Within SLA"
"Wema Bank","KACHASI v2.x","WB/KA/LIV/250013","HIGH","Transaction not reflecting",16.5624825000996,"Within SLA"
"Wema Bank","KACHASI v2.x","WB/KA/LIV/250011","CRITICAL","BLANK FORM-M ON KACHASI WORKFLOW FOR MF20250006044",96.753395277774,"Breached SLA"
"Wema Bank","KACHASI v2.x","WB/KA/LIV/250008","HIGH","Unable to fetch NXPs",2.19392444455298,"Within SLA"
"Coronation Merchant Bank","KACHASI v1.x","CM/26/11/0032","HIGH","MULTIPLE DEBITS ON NXP CHARGE",215.25131166674,"Breached SLA"
"Coronation Merchant Bank","KACHASI v1.x","CM/24/11/0031","HIGH","UNABLE TO COLLECT CHARGE ON FORM M",4.37015666667139,"Within SLA"
"Coronation Merchant Bank","KACHASI v1.x","CM/24/11/0030","HIGH","UNABLE TO ISSUE LC",21.1130205554073,"Within SLA"
"Coronation Merchant Bank","KACHASI v1.x","CM/31/10/0029","CRITICAL","UNABLE TO LOGIN TO KACHASI",1.51161777775269,"Within SLA"
"Coronation Merchant Bank","KACHASI v1.x","CM/28/10/0028","HIGH","INTEREST STILL ACCRUING ON LIQUIDATED LOAN",190.737363055581,"Breached SLA"
"Coronation Merchant Bank","KACHASI v1.x","CM/08/10/0027","HIGH","Report - Expired Letters of Credits",136.012061111222,"Breached SLA"
"Coronation Merchant Bank","KACHASI v1.x","CM/30/09/0026","HIGH","OUTGOING MESSAGES",1.78691916674143,"Within SLA"
"Coronation Merchant Bank","KACHASI v1.x","CM/26/09/0025","CRITICAL","INTEREST STOPPED ACCRUING",148.436646111135,"Breached SLA"
"Coronation Merchant Bank","KACHASI v1.x","CM/25/09/0024","HIGH","UNABLE TO LODGE DOCUMENT",282.958421111223,"Breached SLA"
"Coronation Merchant Bank","KACHASI v1.x","CM/16/09/0023","HIGH","DUTY P;AYMENT ERROR",46.2336277778959,"Within SLA"
"Coronation Merchant Bank","KACHASI v1.x","CM/11/09/0022","MEDIUM","SWIFT DETAILS",361.466594444413,"Breached SLA"
"Coronation Merchant Bank","KACHASI v1.x","CM/09/09/0021","MEDIUM","INTEREST STOPPED ACCRUING ON KACHASI",43.5334736110526,"Within SLA"
"Coronation Merchant Bank","KACHASI v1.x","CM/26/08/0020","HIGH","INCORRECT LOAN STATUS",17.9191205556854,"Within SLA"
"Coronation Merchant Bank","KACHASI v1.x","CM/26/08/0019","HIGH","UNABLE TO EXTEND LOAN",176.58441444434,"Breached SLA"
"Coronation Merchant Bank","KACHASI v1.x","CM/26/08/0018","HIGH","MULTIPLE INTEREST ACCRUAL",24.9595586110954,"Within SLA"
"Coronation Merchant Bank","KACHASI v1.x","CM/12/08/0017","HIGH","UNABLE TO START UP NCS-REST",0.758095000055619,"Within SLA"
"Coronation Merchant Bank","KACHASI v1.x","CM/07/08/0016","HIGH","UNABLE TO ACCESS FORM A MODULE",26.5095538889291,"Within SLA"
"Coronation Merchant Bank","KACHASI v1.x","CM/05/08/0015","MEDIUM","ISSUE ON LC",17.4355680556619,"Within SLA"
"Coronation Merchant Bank","KACHASI v1.x","CM/04/08/0014","MEDIUM","INTEREST STOPS ACCRUING ON KACHASI",23.2672455555294,"Within SLA"
"Coronation Merchant Bank","KACHASI v1.x","CM/29/07/0013","HIGH","UNABLE TO LODGE DOCUMENT",56.345322222216,"Within SLA"
"Coronation Merchant Bank","KACHASI v1.x","CM/23/07/0012","HIGH","INTEREST ACCRUNING WRONGLY",191.087155277899,"Breached SLA"
"Coronation Merchant Bank","KACHASI v1.x","CM/22/07/0011","CRITICAL","UNABLE TO DEBIT CUSTOMER ACCOUNT",1.05235833325423,"Within SLA"
"Coronation Merchant Bank","KACHASI v1.x","CM/22/07/0010","HIGH","LC PROCESSING",1.65376916667446,"Within SLA"
"Coronation Merchant Bank","KACHASI v1.x","CM/16/07/0009","MEDIUM","INTEREST STILL ACCRUING ON THE OLD INTEREST RATE",218.500110277673,"Breached SLA"
"Coronation Merchant Bank","KACHASI v1.x","CM/09/07/0008","MEDIUM","UNABLE TO FETCH ASSESSMENT DETAILS FROM NCS-REST",18.5104474999825,"Within SLA"
"Coronation Merchant Bank","KACHASI v1.x","CM/07/07/0007","MEDIUM","LOAN EXTENSION ISSUES",549.816955277638,"Breached SLA"
"Coronation Merchant Bank","KACHASI v1.x","CM/25/06/0006","MEDIUM","INCOMPLETE VALUES ON FORM M CREATION",197.91586333327,"Breached SLA"
"Coronation Merchant Bank","KACHASI v1.x","CM/24/06/0005","HIGH","Urgent: Continuous Transaction Posting to Finacle Core Application",164.965313055553,"Breached SLA"
"Coronation Merchant Bank","KACHASI v1.x","CM/24/06/0004","MEDIUM","UNABLE TREAT DUTY ON KACHASI",23.6758144445485,"Within SLA"
"Coronation Merchant Bank","KACHASI v1.x","CM/23/06/0003","MEDIUM","UNABLE TO SUBMIT SUCCESSFULLY",261.512227222323,"Breached SLA"
"Coronation Merchant Bank","KACHASI v1.x","CM/16/06/0002","HIGH","UPDATE BODOGWU INTEGRATION",2262.53533722233,"Breached SLA"
"Coronation Merchant Bank","KACHASI v1.x","CM/04/06/0001","MEDIUM","UNABLE TO LODGE DOCUMENT ON KACHASI",365.067184444517,"Breached SLA"
"Coronation Merchant Bank","KACHASI v1.x","CM/TR/LIV/250024","HIGH","DELAYED FORM M DEBIT",827.416452222154,"Breached SLA"
"Coronation Merchant Bank","KACHASI v1.x","CM/TR/LIV/250023","CRITICAL","MANUAL CREATION OF FORM  M",49.8107358333073,"Breached SLA"
"Coronation Merchant Bank","KACHASI v1.x","CM/TR/LIV/250022","HIGH","UNABLE TO IMPORT NXP",3.12934361107182,"Within SLA"
"Coronation Merchant Bank","KACHASI v1.x","CM/TR/LIV/250021","MEDIUM","UNABLE TO GENERATE RECEIPT ON  KACHASI",6.65670027775923,"Within SLA"
"Coronation Merchant Bank","KACHASI v1.x","CM/TR/LIV/250019","MEDIUM","DUTY NOT IMPACTING THE RESPECTIVE GLs",125.782073333336,"Breached SLA"
"Coronation Merchant Bank","KACHASI v1.x","CM/TR/LIV/250018","HIGH","UNABLE TO GENERATE RECEIPT",4.30084805551451,"Within SLA"
"Coronation Merchant Bank","KACHASI v1.x","CM/TR/LIV/250017","HIGH","SWIFT MESSAGES NOT DROPPING",5.28848222218221,"Within SLA"
"Coronation Merchant Bank","KACHASI v1.x","CM/TR/LIV/250016","MEDIUM","CEDAR SWIFT DATE UPDATE",21.0051033332711,"Within SLA"
"Coronation Merchant Bank","KACHASI v1.x","CM/TR/LIV/250015","MEDIUM","UNABLE TO PRINT RECEIPT",2.54418333334615,"Within SLA"
"Coronation Merchant Bank","KACHASI v1.x","CM/TR/LIV/250014","MEDIUM","UNABLE TO AMEND AMOUNT",101.154903611052,"Within SLA"
"Coronation Merchant Bank","KACHASI v1.x","CM/TR/LIV/250012","MEDIUM","IMPORT DUTY",6.31601000006776,"Within SLA"
"Coronation Merchant Bank","KACHASI v1.x","CM/TR/LIV/250011","MEDIUM","ISSUE ON REFINANCING",20.0641422222834,"Within SLA"
"Coronation Merchant Bank","KACHASI v1.x","CM/TR/LIV/250010","MEDIUM","USER ADMIN LIST",0.196596111170948,"Within SLA"
"Coronation Merchant Bank","KACHASI v1.x","CM/TR/LIV/250009","MEDIUM","INCONSISTENT DATA",68.5266938888817,"Within SLA"
"Coronation Merchant Bank","KACHASI v1.x","CM/TR/LIV/250008","MEDIUM","DUTY PAYMENT INSTRUCTION LETTER",5.6601944444119,"Within SLA"
"Coronation Merchant Bank","KACHASI v1.x","CM/TR/LIV/250007","MEDIUM","FAILURE IN LIQUIDATION",21.6037858332857,"Within SLA"
"Coronation Merchant Bank","KACHASI v1.x","CM/TR/LIV/250004","MEDIUM","INTEREST ACCRUING ON TWO DIFFERENT INTEREST RATES",456.162733888894,"Breached SLA"
"Coronation Merchant Bank","KACHASI v1.x","CM/TR/LIV/250003","MEDIUM","IMPORT LC EXPIRY",45.9678963889601,"Within SLA"
"Coronation Merchant Bank","KACHASI v1.x","CM/TR/LIV/250002","HIGH","INTEREST ACCRUING ON DIFFERENT RATES",173.205461666628,"Breached SLA"
"Coronation Merchant Bank","KACHASI v1.x","CM/TR/LIV/250001","HIGH","MATURED LOAN STILL SHOWING ACCRUING AS STATUS",48.9748552777455,"Within SLA"
"First  City Monument Bank","KACHASI v1.x","FC/12/12/0076","CRITICAL","Create Idris Adisa ON ISura",0.919549722166266,"Within SLA"
"First  City Monument Bank","KACHASI v1.x","FC/12/12/0075","HIGH","Pre-Charges Not taken",816.242169722216,"Breached SLA"
"First  City Monument Bank","KACHASI v1.x","FC/12/11/0074","HIGH","PENDING CUSTOM DUTY APPROVAL IFO 1023890781 ( 25423)",27.0630422221147,"Within SLA"
"First  City Monument Bank","KACHASI v1.x","FC/11/11/0073","CRITICAL","FAILED TRANSMISSION ON CUSTOM DUTY PAYMENT",46.1350302777719,"Breached SLA"
"First  City Monument Bank","KACHASI v1.x","FC/10/11/0071","HIGH","REQUEST FOR PRE-NEGOTIATION BREAKDWON",27.1674658333068,"Within SLA"
"First  City Monument Bank","KACHASI v1.x","FC/06/11/0070","CRITICAL","CUSTOM DUTY PAYMENT YET TO SETTLED",21.4195383331971,"Within SLA"
"First  City Monument Bank","KACHASI v1.x","FC/03/11/0069","CRITICAL","KACHASI SWIFT MANAGER ERROR",15.5845111111994,"Within SLA"
"First  City Monument Bank","KACHASI v1.x","FC/03/11/0068","HIGH","UNABLE TO GENERATE RECEIPT ON TRADEX",30.3312477779109,"Within SLA"
"First  City Monument Bank","KACHASI v1.x","FC/30/10/0067","HIGH","Pending Custom Duty Payment",16.9225080554606,"Within SLA"
"First  City Monument Bank","KACHASI v1.x","FC/22/10/0065","HIGH","EXCESS FX PURCHASE IFO PIVOT INTEGRATED ENERGY SERVICES LIMITED  LC WITH MAY ADD CLAUSE",24.179055277782,"Within SLA"
"First  City Monument Bank","KACHASI v1.x","FC/14/10/0064","CRITICAL","CUSTOM TRANSACTIONS YET TO BE TRANSIMITED 09-10-2025",27.3766611110768,"Breached SLA"
"First  City Monument Bank","KACHASI v1.x","FC/13/10/0063","CRITICAL","Finacle SSL Update",2.94053583336063,"Within SLA"
"First  City Monument Bank","KACHASI v1.x","FC/10/10/0062","HIGH","ROBUST INTERNATIONAL COMMODITIES LTD NXP XG202500214148606",68.9632677777554,"Within SLA"
"First  City Monument Bank","KACHASI v1.x","FC/09/10/0061","CRITICAL","LC Transaction Not Showing On Swift Outgoing Messages",6.9545630554785,"Within SLA"
"First  City Monument Bank","KACHASI v1.x","FC/08/10/0060","CRITICAL","TRANSMISSION OF FAILED CUSTOM DUTY PAYMENT",46.1104936109623,"Breached SLA"
"First  City Monument Bank","KACHASI v1.x","FC/03/10/0023","CRITICAL","Unable to access the report",0.807398333447054,"Within SLA"
"First  City Monument Bank","KACHASI v1.x","FC/02/10/0059","CRITICAL","Workflow Errors",7.63467000005767,"Within SLA"
"First  City Monument Bank","KACHASI v1.x","FC/02/10/0058","HIGH","UNSETTLED CUSTOM DUTY",23.6643569443258,"Within SLA"
"First  City Monument Bank","KACHASI v1.x","FC/30/09/0057","CRITICAL","SERVICE DEGRATION ON KACHASI",3.30818527779775,"Within SLA"
"First  City Monument Bank","KACHASI v1.x","FC/30/09/0056","CRITICAL","Unable to launch Tradex URL",5.27577555557946,"Within SLA"
"First  City Monument Bank","KACHASI v1.x","FC/29/09/0021","HIGH","FAILED REQUESTS ON KACHASI FOR FORMS M CANCELLATION",212.178965555504,"Breached SLA"
"First  City Monument Bank","KACHASI v1.x","FC/29/09/0055","HIGH","REPORT OF RECONCILIATION - OUTSTANDING TRADE OBLIGATION ON TAURUS OILA AND GAS LIMITED",70.4525322222034,"Within SLA"
"First  City Monument Bank","KACHASI v1.x","FC/26/09/0054","HIGH","PENDING CUSTOM DUTY APPROVAL IFO CHARDON GLOBAL SERVICES NIG",106.377771944564,"Breached SLA"
"First  City Monument Bank","KACHASI v1.x","FC/24/09/0053","HIGH","SETTLEMENT ISSUE ON COLLECTION ACCOUNT",175.925950000004,"Breached SLA"
"First  City Monument Bank","KACHASI v1.x","FC/24/09/0052","CRITICAL","CUSTOM DUTY PAYMENT:TAXES NOT TRANSMITTED",41.6313263888005,"Breached SLA"
"First  City Monument Bank","KACHASI v1.x","FC/10/09/0051","HIGH","KACHASI POSTING ERROR FCMB25LC00172",192.42551999999,"Breached SLA"
"First  City Monument Bank","KACHASI v1.x","FC/09/09/0019","HIGH","FX FUNDS TRANSFER- TRADE",3.26730694435537,"Within SLA"
"First  City Monument Bank","KACHASI v1.x","FC/09/09/0050","HIGH","REQUEST TO PURCHASE FX",20.0057597222622,"Within SLA"
"First  City Monument Bank","KACHASI v1.x","FC/03/09/0049","CRITICAL","RE: FCMB NXP - NESS Payment  01-09-2025",109.262032500061,"Breached SLA"
"First  City Monument Bank","KACHASI v1.x","FC/03/09/0048","CRITICAL","TRANSMISSION OF FAILED CUSTOM DUTY PAYMENT",209.858126666746,"Breached SLA"
"First  City Monument Bank","KACHASI v1.x","FC/03/09/0047","HIGH","DOUBLE DEBIT OF CUSTOMERS FOR CUSTOM DUTY PAYMENT",116.323728333344,"Breached SLA"
"First  City Monument Bank","KACHASI v1.x","FC/01/09/0046","HIGH","RE: DRAFT LC IRO MASTERSTROKES PACKAGES -- MF20250073374",19.835481944494,"Within SLA"
"First  City Monument Bank","KACHASI v1.x","FC/27/08/0045","HIGH","CANCELLED ASSESSMENTS",23.7785147221293,"Within SLA"
"First  City Monument Bank","KACHASI v1.x","FC/26/08/0044","HIGH","NXP Transaction not validating on the Portal",50.1819611111423,"Within SLA"
"First  City Monument Bank","KACHASI v1.x","FC/22/08/0043","CRITICAL","BACKEND CLOSURE OF THE LODGEMENT",168.636838333332,"Breached SLA"
"First  City Monument Bank","KACHASI v1.x","FC/22/08/0042","HIGH","KACHASI ERROR ON LODGMENT",4.29336638882523,"Within SLA"
"First  City Monument Bank","KACHASI v1.x","FC/21/08/0041","CRITICAL","KACHASI SWIFT MANAGER ERROR",23.1656255556154,"Within SLA"
"First  City Monument Bank","KACHASI v1.x","FC/20/08/0012","HIGH","Form A Number Not Populated",46.1522213889984,"Within SLA"
"First  City Monument Bank","KACHASI v1.x","FC/20/08/0040","HIGH","Iintervention Account Error",26.5852658333606,"Within SLA"
"First  City Monument Bank","KACHASI v1.x","FC/15/08/0039","HIGH","Custom Duty Receipts Not Printing",5.13206388900289,"Within SLA"
"First  City Monument Bank","KACHASI v1.x","FC/12/08/0038","CRITICAL","CHALLENEG WITH FX BID",389.75715194433,"Breached SLA"
"First  City Monument Bank","KACHASI v1.x","FC/11/08/0037","HIGH","Preneg Issue",4.3528783331858,"Within SLA"
"First  City Monument Bank","KACHASI v1.x","FC/06/08/0036","HIGH","FAILED CUSTOM DUTY PAYMENT",48.7945769444341,"Within SLA"
"First  City Monument Bank","KACHASI v1.x","FC/05/08/0035","CRITICAL","REQUEST FOR PRE-NEGOTIATION CHARGE BREAKDOWN MATCHING DEBIT PASSED TO CUSTOMER‚ÄôS NAIRA ACCOUNT",51.0493272221647,"Breached SLA"
"First  City Monument Bank","KACHASI v1.x","FC/01/08/0034","HIGH","FORM A VALIDATION",4.08397083333693,"Within SLA"
"First  City Monument Bank","KACHASI v1.x","FC/31/07/0033","HIGH","CUSTOM DUTY PAYMENT AUTHORIZATION FAILING",3.82183555554366,"Within SLA"
"First  City Monument Bank","KACHASI v1.x","FC/31/07/0032","HIGH","UNABLE TO FETCH FORM A NUMBER",26.6279769443208,"Within SLA"
"First  City Monument Bank","KACHASI v1.x","FC/28/07/0031","HIGH","UNABLE TO PROCESS BODOGWU CUSTOM DUTY""",78.6950405555544,"Breached SLA"
"First  City Monument Bank","KACHASI v1.x","FC/22/07/0030","HIGH","REQUEST FOR FX PURCHASES",5.7871022222098,"Within SLA"
"First  City Monument Bank","KACHASI v1.x","FC/21/07/0029","HIGH","INVALID SDG ERROR ON CUSTOM DUTY PAYMENT",30.3772386111086,"Within SLA"
"First  City Monument Bank","KACHASI v1.x","FC/17/07/0028","HIGH","INVALID SDG ERROR ON CUSTOM DUTY PAYMENT",22.018705833354,"Within SLA"
"First  City Monument Bank","KACHASI v1.x","FC/17/07/0009","HIGH","NESS Fee",145.835056111158,"Breached SLA"
"First  City Monument Bank","KACHASI v1.x","FC/16/07/0027","HIGH","FX Bid Request Issue",142.207920555607,"Breached SLA"
"First  City Monument Bank","KACHASI v1.x","FC/11/07/0026","HIGH","User unable to approve custom duty",0.455137777898926,"Within SLA"
"First  City Monument Bank","KACHASI v1.x","FC/11/07/0025","HIGH","Unable to create intervention account",243.29809138889,"Breached SLA"
"First  City Monument Bank","KACHASI v1.x","FC/09/07/0024","HIGH","ERROR ON TRADEX- PERFECT PACKAGING LTD-0728572011",52.9679644443677,"Within SLA"
"First  City Monument Bank","TENTACLES","FC/08/07/0023","CRITICAL","ISSUE WITH TSA/ TAXES",353.517105833336,"Breached SLA"
"First  City Monument Bank","KACHASI v1.x","FC/07/07/0022","HIGH","PRENEG CHALLENGE",210.692806666601,"Breached SLA"
"First  City Monument Bank","KACHASI v1.x","FC/04/07/0021","HIGH","Challenge on Pre neg",0.778645833372138,"Within SLA"
"First  City Monument Bank","TENTACLES","FC/01/07/0006","CRITICAL","DUPLICATE REMITTANCES FOR CUSTOM",73.0817133334349,"Breached SLA"
"First  City Monument Bank","KACHASI v1.x","FC/01/07/0020","HIGH","PRE-NEGOTIATION CHARGE BREAKDOWN",987.014975277765,"Breached SLA"
"First  City Monument Bank","KACHASI v1.x","FC/30/06/0019","CRITICAL","TSA ENCRYPTED REQ AND RESPONSE",1.1958586112014,"Within SLA"
"First  City Monument Bank","KACHASI v1.x","FC/26/06/0018","HIGH","Transaction DIDNt flow to swift",138.277369999909,"Breached SLA"
"First  City Monument Bank","TENTACLES","FC/25/06/0017","CRITICAL","Corebanking Service Is Not Coming Up",22.578882499889,"Within SLA"
"First  City Monument Bank","KACHASI v1.x","FC/24/06/0016","CRITICAL","OPEN SSL VULNERABILITY",4.48690472217277,"Within SLA"
"First  City Monument Bank","TENTACLES","FC/20/06/0015","CRITICAL","ISSUE WITH TRANSMITTING TRANSACTION",118.093363611144,"Breached SLA"
"First  City Monument Bank","KACHASI v1.x","FC/19/06/0014","HIGH","FORMS M CANCELLATION- CROWN FLOUR LIMITED",198.402688333299,"Breached SLA"
"First  City Monument Bank","TENTACLES","FC/16/06/0013","CRITICAL","ISSUE IS TOSSER ON TENTACLES",6.24881249992177,"Within SLA"
"First  City Monument Bank","TENTACLES","FC/16/06/0012","CRITICAL","AUTTOMATION OF NCS REST TO ALLOW TRANSACTION SIMULTANEOUSLY",893.168639166572,"Breached SLA"
"First  City Monument Bank","TENTACLES","FC/16/06/0011","CRITICAL","Bodogwu not getting new duty",9.02893194439821,"Within SLA"
"First  City Monument Bank","KACHASI v1.x","FC/16/06/0010","CRITICAL","PRENEG REPORT",6.31289916671813,"Within SLA"
"First  City Monument Bank","KACHASI v1.x","FC/16/06/0009","CRITICAL","DISCREPANCY IN BREAKDOWN FROM TRADEX AND NAIRA ACCOUNT DEBIT ABUJA STEEL MILLS LIMITED",52.9788905555033,"Breached SLA"
"First  City Monument Bank","KACHASI v1.x","FC/11/06/0008","CRITICAL","UNABLE TO APPROVE FORM A",46.2030125000747,"Breached SLA"
"First  City Monument Bank","TENTACLES","FC/11/06/0007","HIGH","ERROR HANDLING",50.8329230553936,"Within SLA"
"First  City Monument Bank","TENTACLES","FC/10/06/0005","HIGH","COREBANKING CHALLENGE ON TENTACLES",1.42335083341459,"Within SLA"
"First  City Monument Bank","KACHASI v1.x","FC/10/06/0004","HIGH","SECURITY REGISTER - Q1 2025 INTERNAL VAPT",193.398204444442,"Breached SLA"
"First  City Monument Bank","TENTACLES","FC/10/06/0003","CRITICAL","FAILED TO IMPORT CUSTOME DUTY FOR A65",5.72278194443788,"Within SLA"
"First  City Monument Bank","KACHASI v1.x","FC/05/06/0002","LOW","UNABLE TO TREAT CUSTOM DUTY",0.100096388894599,"Within SLA"
"First  City Monument Bank","KACHASI v1.x","FC/05/06/0001","LOW","UNABLE TO CASH BACK UNCONFIRMED LC",329.948928333353,"Breached SLA"
"First  City Monument Bank","TENTACLES","FC/05/06/0002","CRITICAL","INCLUSION OF OTHER PORTS ON NCS REST",3.98202444455819,"Within SLA"
"First  City Monument Bank","KACHASI v1.x","FC/05/06/0001","HIGH","FAILED FORM M REQUESTS ON KACHASI",7.69665166659979,"Within SLA"
"First  City Monument Bank","KACHASI v1.x","FC/TR/LIV/250029","HIGH","Unable to process form NXP",501.213551944471,"Breached SLA"
"First  City Monument Bank","TENTACLES","FC/TE/LIV/250001","HIGH","TENTACLES DOWNTIME",500.110310277727,"Breached SLA"
"First  City Monument Bank","KACHASI v1.x","FC/TR/LIV/250028","CRITICAL","Issues with LC",45.2585669444525,"Breached SLA"
"First  City Monument Bank","KACHASI v1.x","FC/TR/LIV/250027","HIGH","EMAIL ADDRESS REQUEST",1777.89389194432,"Breached SLA"
"First  City Monument Bank","KACHASI v1.x","FC/TR/LIV/250026","CRITICAL","CHALLENGE WITH LC FLOWS",5.86325222218875,"Within SLA"
"First  City Monument Bank","KACHASI v1.x","FC/TR/LIV/250025","HIGH","SWIFT ERROR ON KACHASI",2.43987861124333,"Within SLA"
"First  City Monument Bank","KACHASI v1.x","FC/TR/LIV/250024","HIGH","URGENT FIXES ON TRADE X (Fund Type Drop Menu)",1394.83576250001,"Breached SLA"
"First  City Monument Bank","KACHASI v1.x","FC/TR/LIV/250023","HIGH","UNABLE TO PRINT CUSTOM DUTY (b'ODOGWU)",2.86427194444695,"Within SLA"
"First  City Monument Bank","KACHASI v1.x","FC/TR/LIV/250022","HIGH","DISCREPANCY IN BREAKDOWN FROM TRADEX AND NAIRA ACCOUNT DEBIT",143.429532499867,"Breached SLA"
"First  City Monument Bank","KACHASI v1.x","FC/TR/LIV/250021","HIGH","NO REPORT FOR 04-04-2025 on TRADEX",39.2713094443898,"Within SLA"
"First  City Monument Bank","KACHASI v1.x","FC/TR/LIV/250020","HIGH","TLS 1.2 Implementation",2068.53452388884,"Breached SLA"
"First  City Monument Bank","KACHASI v1.x","FC/TR/LIV/250019","CRITICAL","UNABLE TO PAY FOR  eExcisePayment",1968.48800444452,"Breached SLA"
"First  City Monument Bank","KACHASI v1.x","FC/TR/LIV/250018","HIGH","NOTIFICATIONS NOT GOING OUT OF TRADEX",2739.03964888898,"Breached SLA"
"First  City Monument Bank","KACHASI v1.x","FC/TR/LIV/250016","LOW","FX Bids Batch Not Populating",147.985418333381,"Within SLA"
"First  City Monument Bank","KACHASI v1.x","FC/TR/LIV/250015","CRITICAL","ISSUE WITH LC AMENDMENT",1008.34571027773,"Breached SLA"
"First  City Monument Bank","KACHASI v1.x","FC/TR/LIV/250014","CRITICAL","TSA PAYMENT FAILURE",99.8318258334766,"Breached SLA"
"First  City Monument Bank","KACHASI v1.x","FC/TR/LIV/250013","LOW","DISCREPANCY IN BREAKDOWN FROM TRADEX AND NAIRA ACCOUNT",186.254793888889,"Within SLA"
"First  City Monument Bank","KACHASI v1.x","FC/TR/LIV/250012","MEDIUM","VIRAMSUN NIG LTD =====ACCOUNT NO. 3580283017",74.236337777751,"Within SLA"
"First  City Monument Bank","KACHASI v1.x","FC/TR/LIV/250011","HIGH","DISCREPANCY IN BREAKDOWN FROM TRADEX & NAIRA ACCOUNT DEBIT",3.94406861113384,"Within SLA"
"First  City Monument Bank","KACHASI v1.x","FC/TR/LIV/250010","CRITICAL","UNABLE TO COMPLETE PTA CREATION ON TRADEX",22.9054916667519,"Within SLA"
"First  City Monument Bank","KACHASI v1.x","FC/TR/LIV/250009","HIGH","ENQUIRY ON FX TRANSFER  AF20251427480",51.0612658333266,"Within SLA"
"First  City Monument Bank","KACHASI v1.x","FC/TR/LIV/250008","HIGH","PURCHASE OF FX ON FORM M NO. MF20250004233",93.1118361111148,"Breached SLA"
"First  City Monument Bank","KACHASI v1.x","FC/TR/LIV/250007","CRITICAL","Transaction Not Flowing on TSA",867.164298888878,"Breached SLA"
"First  City Monument Bank","KACHASI v1.x","FC/TR/LIV/250006","HIGH","ISSUES WITH ECD LODGEMENT",120.535228888853,"Breached SLA"
"First  City Monument Bank","KACHASI v1.x","FC/TR/LIV/250005","HIGH","TSA Issue",4.5660402776557,"Within SLA"
"First  City Monument Bank","KACHASI v1.x","FC/TR/LIV/250004","HIGH","FAILED FORM M REQUESTS ON KACHASI",29.1840977778775,"Within SLA"
"First  City Monument Bank","KACHASI v1.x","FC/TR/LIV/250003","MEDIUM","ERRORS ON KACHASI FOR PTA/BTA PROCESSING",288.102313055657,"Breached SLA"
"First  City Monument Bank","KACHASI v1.x","FC/TR/LIV/250002","MEDIUM","MISSING SWIFT MESSAGE - FCMB25LC00002",50.0251958331792,"Within SLA"
"First  City Monument Bank","KACHASI v1.x","FC/TR/LIV/250001","HIGH","Architecture Review for TradeX",458.001423055655,"Breached SLA"
"Fidelity Bank","KACHASI v2.x","FI/31/12/0072","CRITICAL","Kachasi EOD on 30th moved date to 2026",120.573915833258,"Breached SLA"
"Fidelity Bank","KACHASI v2.x","FI/29/12/0071","HIGH","Duplicated amounts observed during the booking of the Bills Loan",537.879424166749,"Breached SLA"
"Fidelity Bank","KACHASI v2.x","FI/22/12/0070","HIGH","LOAN BOOKING ERROR AND REQUEST FOR ASSISTANCE",26.9495986110996,"Within SLA"
"Fidelity Bank","KACHASI v2.x","FI/18/12/0069","HIGH","KACHASI ERROR ON REPAYMENT",125.527950555494,"Breached SLA"
"Fidelity Bank","KACHASI v2.x","FI/17/12/0068","HIGH","UNABLE TO CREATE CUSTOMER GROUP TO DRAW FROM LIMIT SET UP",25.5123591666925,"Within SLA"
"Fidelity Bank","KACHASI v2.x","FI/12/12/0067","HIGH","DUPLICATE KACHASI LOAN REFERENCES FOR JAMARA OPERATIONS LTD",137.374591111089,"Breached SLA"
"Fidelity Bank","KACHASI v2.x","FI/08/12/0066","HIGH","MT752 WITHOUT CHARGE ENTRIES",25.7658544443548,"Within SLA"
"Fidelity Bank","KACHASI v2.x","FI/01/12/0065","CRITICAL","Optimus application down",261.712685555569,"Breached SLA"
"Fidelity Bank","KACHASI v2.x","FI/25/11/0063","HIGH","ERROR ECOUNTERED ON PAYMENT PROCESSING FB25ILU00109 - JAMARA - $98,700",21.6521427778644,"Within SLA"
"Fidelity Bank","KACHASI v2.x","FI/18/11/0062","HIGH","DUPLICATED INTEREST CHARGES ON FB25ILL00032 - FB25POST00071",1252.53715194447,"Breached SLA"
"Fidelity Bank","KACHASI v2.x","FI/18/11/0061","HIGH","UNABLE TO AUTHORIZE AMENDMENT ON FB25ILU00183 ON KACHSI",6.09241361101158,"Within SLA"
"Fidelity Bank","KACHASI v2.x","FI/12/11/0060","HIGH","Unable to Approve FORM M MF20250111750 MF20250117451",2069.37972583319,"Breached SLA"
"Fidelity Bank","KACHASI v2.x","FI/07/11/0059","HIGH","Double Posting",2687.11450444447,"Breached SLA"
"Fidelity Bank","KACHASI v2.x","FI/06/11/0058","MEDIUM","Error submitting Loan Liquidation",2211.91625999997,"Breached SLA"
"Fidelity Bank","KACHASI v2.x","FI/03/11/0057","CRITICAL","Duplicated Swift Message for FB251020OTP0198",354.964628333459,"Breached SLA"
"Fidelity Bank","KACHASI v2.x","FI/30/10/0056","HIGH","Unable to Generate Receipt for Excise and Import Duty",163.120693055622,"Breached SLA"
"Fidelity Bank","KACHASI v2.x","FI/24/10/0055","MEDIUM","Optimus Email Notification Email",3127.5025886111,"Breached SLA"
"Fidelity Bank","KACHASI v2.x","FI/24/10/0054","HIGH","REJECTION ALERT STOPPED",2528.07337500004,"Breached SLA"
"Fidelity Bank","KACHASI v2.x","FI/16/10/0053","MEDIUM","BID REQUEST FAILED POSTINGS NOT SENT OUT",3.86870666668983,"Within SLA"
"Fidelity Bank","KACHASI v2.x","FI/10/10/0052","HIGH","WRONG ACCOUNT QUOTED LC OPENED REPORT-FB25ILUW00041",75.4612202777644,"Breached SLA"
"Fidelity Bank","KACHASI v2.x","FI/09/10/0051","HIGH","Interest Distribution Report for Q3 2025",10.297176388849,"Within SLA"
"Fidelity Bank","KACHASI v2.x","FI/05/10/0024","CRITICAL","FORM M NOT MIGRATED ON KACHASI ON BODOGWU",62.2667055554339,"Breached SLA"
"Fidelity Bank","KACHASI v2.x","FI/03/10/0050","HIGH","FORM M NOT MIGRATED ON KACHASI ON BODOGWU",165.166150277713,"Breached SLA"
"Fidelity Bank","KACHASI v2.x","FI/03/10/0049","HIGH","MAPPING OF STANDARD CHARTERED BANK EURO AND GBP LEDGER ACCOUNTS TO KACHASI",312.421643055626,"Breached SLA"
"Fidelity Bank","KACHASI v2.x","FI/26/09/0048","HIGH","Transaction status not Update on Optimus OPILC10092500003, OPILC28072500002",3789.32513222226,"Breached SLA"
"Fidelity Bank","KACHASI v2.x","FI/22/09/0047","HIGH","SHIPPING DOCUMENT REGISTER AND MOVEMENT",716.552575833339,"Breached SLA"
"Fidelity Bank","KACHASI v2.x","FI/22/09/0046","HIGH","DEBITED ACCOUNT AFTER REJECTION FB250919OTP0162",578.451986388769,"Breached SLA"
"Fidelity Bank","KACHASI v2.x","FI/18/09/0045","HIGH","KACHASI UNABLE TO RECEIVE MT761 SWIFT MESSAGES",2.72727833327372,"Within SLA"
"Fidelity Bank","KACHASI v2.x","FI/18/09/0044","HIGH","DOM TRANSFERS REFLECTING AS BANK INDUCED TRANSACTIONS",3698.89757083333,"Breached SLA"
"Fidelity Bank","KACHASI v2.x","FI/11/09/0043","HIGH","AUTOMATED SWIFT MESSAGES ON PAYMENTS/REPLENISHMENTS MT799",167.034604166576,"Breached SLA"
"Fidelity Bank","KACHASI v2.x","FI/11/09/0042","HIGH","DUPLICATION OF INTEREST CHARGES. FB25ILU00019",150.335462499876,"Breached SLA"
"Fidelity Bank","KACHASI v2.x","FI/09/09/0041","HIGH","WRONG AMOUNT CHARGES  DERIVED FOR 0.2 CONCESSION MAINTAINED",71.010151110997,"Within SLA"
"Fidelity Bank","KACHASI v2.x","FI/28/08/0040","HIGH","Premature EOM Interest run on kachasi",3889.52759638889,"Breached SLA"
"Fidelity Bank","KACHASI v2.x","FI/27/08/0039","HIGH","Missing columns on DOM TRANSFER report",140.316738055553,"Breached SLA"
"Fidelity Bank","KACHASI v2.x","FI/26/08/0015","MEDIUM","Singlewindow Bodogwu Integration",401.632871388865,"Breached SLA"
"Fidelity Bank","KACHASI v2.x","FI/26/08/0014","MEDIUM","NCS /NCS REST INTEGRATION",25.0215991666191,"Within SLA"
"Fidelity Bank","KACHASI v2.x","FI/22/08/0038","CRITICAL","NCS /NCS REST INTEGRATION",128.886142500036,"Breached SLA"
"Fidelity Bank","KACHASI v2.x","FI/21/08/0037","CRITICAL","MODIFICATION OF SHIPPING DOCUMENT RECIEVED NOTIFICATION FOR NOT VALID FOR FOREX",2.8617236110149,"Within SLA"
"Fidelity Bank","KACHASI v2.x","FI/14/08/0036","HIGH","SUCCESSFUL TRANSACTIONS NOT SHOWING ON KACHASI REPORT SHEETS- INWARD REMITTANCE",27.8736355556175,"Within SLA"
"Fidelity Bank","KACHASI v2.x","FI/12/08/0034","CRITICAL","EMPTY REPORTS FOR BILLS OF COLLECTION REGISTER",47.5970497222734,"Breached SLA"
"Fidelity Bank","KACHASI v2.x","FI/11/08/0033","CRITICAL","Supplier Set Shipping Documents - Date Error",20.2464783332543,"Within SLA"
"Fidelity Bank","KACHASI v2.x","FI/08/08/0032","CRITICAL","KACHASI ERROR",426.085439166636,"Breached SLA"
"Fidelity Bank","KACHASI v2.x","FI/06/08/0031","CRITICAL","PENDING COLLATION ITEM",143.256218055496,"Breached SLA"
"Fidelity Bank","KACHASI v2.x","FI/04/08/0030","CRITICAL","PENDING CBN DEBIT ON CUSTOMS TRANSACTIONS",4.63104638876393,"Within SLA"
"Fidelity Bank","KACHASI v2.x","FI/31/07/0029","HIGH","Inflows above threshold going STP FB250723ITT0084 FB250723ITT0120  FB250725ITT0074",172.90312000009,"Breached SLA"
"Fidelity Bank","KACHASI v2.x","FI/30/07/0028","CRITICAL","FORM A NUMBER NOT SHOWING ON CHARGES NARRATION",318.753266944375,"Breached SLA"
"Fidelity Bank","KACHASI v2.x","FI/22/07/0027","HIGH","Unable to approve or reject inflow FB250718ITT0113",53.2593827776727,"Within SLA"
"Fidelity Bank","KACHASI v2.x","FI/22/07/0026","HIGH","Unable to perform Interest distribution",54.8427983333822,"Within SLA"
"Fidelity Bank","KACHASI v2.x","FI/17/07/0025","CRITICAL","ISSUES WITH STP TRANSACTIONS ON AUTHORIZERS QUEUE ON KACHASI",4900.78777555539,"Breached SLA"
"Fidelity Bank","KACHASI v2.x","FI/14/07/0008","HIGH","UNABLE TO VIEW BIDREQUEST IRO SYNERMED",1.07971416658256,"Within SLA"
"Fidelity Bank","KACHASI v2.x","FI/14/07/0007","MEDIUM","REPORT FOR PAPSS OUTBOUND TRANSFER",216.239462777856,"Breached SLA"
"Fidelity Bank","KACHASI v2.x","FI/07/07/0024","HIGH","FORM M OPENED ON B'ODOGWU NOT ON KACHASI",507.491259166505,"Breached SLA"
"Fidelity Bank","KACHASI v2.x","FI/30/06/0022","CRITICAL","Frequent DB lock on kachasi",4102.21443722217,"Breached SLA"
"Fidelity Bank","KACHASI v2.x","FI/30/06/0021","HIGH","Papss outward transaction charges issues",198.908169999893,"Breached SLA"
"Fidelity Bank","KACHASI v2.x","FI/27/06/0020","CRITICAL","POST POST ERROR",3.70548916660482,"Within SLA"
"Fidelity Bank","KACHASI v2.x","FI/27/06/0019","HIGH","Telex not attached to email notifications",151.092958333378,"Breached SLA"
"Fidelity Bank","KACHASI v2.x","FI/26/06/0018","CRITICAL","GUARANTEE NOT PASSING CONTINGENCY ENTRIES",3.94732555554947,"Within SLA"
"Fidelity Bank","KACHASI v2.x","FI/26/06/0017","HIGH","Pending Duty Remittance",98.3690941666136,"Breached SLA"
"Fidelity Bank","KACHASI v2.x","FI/24/06/0016","CRITICAL","UNABLE TO ACCESS OUTWARD GUARANTEE MENU ON KACHASI",20.7239616667503,"Within SLA"
"Fidelity Bank","KACHASI v2.x","FI/24/06/0015","CRITICAL","MT799 NOT GENERATING ON POST NEG LIQUIDATION",72.0868719445425,"Breached SLA"
"Fidelity Bank","KACHASI v2.x","FI/23/06/0014","HIGH","THIRD CURRENCY TRANSACTIONS DROPPING DIFFERENT AMOUNT ON LEDGER",2082.0902452778,"Breached SLA"
"Fidelity Bank","KACHASI v2.x","FI/17/06/0011","HIGH","Unable to approve PTA registration at the branch authorizer",5.0365630555898,"Within SLA"
"Fidelity Bank","KACHASI v2.x","FI/17/06/0010","CRITICAL","ALERT FOR POST NEG LOAN MATURITY NOT GOING",1249.08101138903,"Breached SLA"
"Fidelity Bank","KACHASI v2.x","FI/17/06/0009","CRITICAL","ALERTS FOR MATURITY SBLC/GUARANTEE NOT GOING",1249.15384750004,"Breached SLA"
"Fidelity Bank","KACHASI v2.x","FI/17/06/0008","CRITICAL","ALERTS FOR DEFERRED PAYMENT NOT GOING",1249.19909638882,"Breached SLA"
"Fidelity Bank","KACHASI v2.x","FI/17/06/0007","CRITICAL","ALERTS FOR BILL OF LADING EXPIRY AND BILL OF EXCHANGE MATURITY NOT GOING",1249.2648511111,"Breached SLA"
"Fidelity Bank","KACHASI v2.x","FI/17/06/0006","CRITICAL","FORM M EXPIRY DATE",1249.28051555558,"Breached SLA"
"Fidelity Bank","KACHASI v2.x","FI/16/06/0005","HIGH","INABILITY TO VIEW USD DEBIT",2.89768888894469,"Within SLA"
"Fidelity Bank","KACHASI v2.x","FI/11/06/0004","CRITICAL","ERROR PROCESSING FB REFERENCE FOR CUSTOMS DUTY  FB25061110835",3.7628416667576,"Within SLA"
"Fidelity Bank","KACHASI v2.x","FI/11/06/0003","CRITICAL","POST POST ROLLOVER PASSING WRONG ENTRIES",153.870869722276,"Breached SLA"
"Fidelity Bank","KACHASI v2.x","FI/10/06/0002","HIGH","Unable to access FB25IBC00266",29.5379449999309,"Within SLA"
"Fidelity Bank","KACHASI v2.x","FI/05/06/0003","MEDIUM","The bank received a visit from the CBN audit team last week regarding our TRMS integration, and a number of compliance-related issues were identified with the current setup.",6741.97364916676,"Breached SLA"
"Fidelity Bank","KACHASI v2.x","FI/05/06/0001","HIGH","Addition of port for customs",1.77067416667705,"Within SLA"
"Fidelity Bank","KACHASI v2.x","FI/KA/LIV/250050","CRITICAL","INCLUSION OF FIELDS TO ECD REGISTER",453.277458333469,"Breached SLA"
"Fidelity Bank","KACHASI v2.x","FI/KA/LIV/250049","CRITICAL","INCOMPLETE REPORTS",3076.00890472223,"Breached SLA"
"Fidelity Bank","KACHASI v2.x","FI/KA/LIV/250048","HIGH","APPROVAL FOR $1,951,500 LC- DUFIL PRIMA FOODS LTD",216.285660000052,"Breached SLA"
"Fidelity Bank","KACHASI v2.x","FI/KA/LIV/250047","CRITICAL","PENDING CBN DEBIT ON CUSTOMS TRANSACTIONS",353.189453611267,"Breached SLA"
"Fidelity Bank","KACHASI v2.x","FI/KA/LIV/250046","CRITICAL","LC LIMIT SETUP ERROR",0.569599444395863,"Within SLA"
"Fidelity Bank","KACHASI v2.x","FI/KA/LIV/250044","HIGH","inflows from stanchart not processed by kachasi STP",1275.9668272222,"Breached SLA"
"Fidelity Bank","KACHASI v2.x","FI/KA/LIV/250043","HIGH","REPORTS OF SHIPPING DOCUMENT REGISTER AND RELEASE",1041.84433500009,"Breached SLA"
"Fidelity Bank","KACHASI v2.x","FI/KA/LIV/250042","CRITICAL","Increase of form M value",97.1505316666444,"Breached SLA"
"Fidelity Bank","KACHASI v2.x","FI/KA/LIV/250041","HIGH","FB2504156924 this item is yet to be collated since 15th",4.98459583340446,"Within SLA"
"Fidelity Bank","KACHASI v2.x","FI/KA/LIV/250040","HIGH","Lc ref is FB24ILL00023 - DANGOTE SUGAR REFINERY.",1.99279250000836,"Within SLA"
"Fidelity Bank","KACHASI v2.x","FI/KA/LIV/250039","HIGH","INABILITY TO FUND FORM M",4.84613388899015,"Within SLA"
"Fidelity Bank","KACHASI v2.x","FI/KA/LIV/250038","HIGH","ERROR WHILE CRETAING ALOAN ACCOINT ON KACHASI",16.9505086111603,"Within SLA"
"Fidelity Bank","KACHASI v2.x","FI/KA/LIV/250037","HIGH","INABILITY TO REJECT AN INWARD REMITTANCE",26.4478894444183,"Within SLA"
"Fidelity Bank","KACHASI v2.x","FI/KA/LIV/250036","HIGH","DOUBLE POST-NEG MONTHLY CHARGES - (FB24ILL00008)",7248.93552222219,"Breached SLA"
"Fidelity Bank","KACHASI v2.x","FI/KA/LIV/250035","HIGH","INABILITY TO PULL FORM M",1.39710666658357,"Within SLA"
"Fidelity Bank","KACHASI v2.x","FI/KA/LIV/250034","HIGH","TRANSACTIONS PROCESSED ON KACHASI NOT GOING TO SWIFT",123.859254166775,"Breached SLA"
"Fidelity Bank","KACHASI v2.x","FI/KA/LIV/250033","HIGH","FORM M PROCESSING ON B'ODOGWU",20.8629277777509,"Within SLA"
"Fidelity Bank","KACHASI v2.x","FI/KA/LIV/250032","HIGH","Duplicated credit limit for customer AYM SHAFA",2402.54998416669,"Breached SLA"
"Fidelity Bank","KACHASI v2.x","FI/KA/LIV/250031","HIGH","FX Collation Error",17.4126586110215,"Within SLA"
"Fidelity Bank","KACHASI v2.x","FI/KA/LIV/250030","HIGH","MT 103 inflows not generating FB references",7.89541749993805,"Within SLA"
"Fidelity Bank","KACHASI v2.x","FI/KA/LIV/250029","CRITICAL","DUPLICATED TRANSACTION ON SWIFT FB250312OTP0069",2120.08745944442,"Breached SLA"
"Fidelity Bank","KACHASI v2.x","FI/KA/LIV/250028","HIGH","DOM Transfer transmitted and still on workflow",8424.12522333342,"Breached SLA"
"Fidelity Bank","KACHASI v2.x","FI/KA/LIV/250027","HIGH","ISSUES WITH PASSING ENTRIES FOR LOAN LIQUIDATION ON KACHASI",24.0699813888059,"Within SLA"
"Fidelity Bank","KACHASI v2.x","FI/KA/LIV/250026","HIGH","ISSUES WITH RECOVERY CHARGES ON KACHASI - Nepal Oil & gas",24.0677300000098,"Within SLA"
"Fidelity Bank","KACHASI v2.x","FI/KA/LIV/250025","HIGH","ISSUE WITH INTEREST ON POST-NEG LOAN FB24POST00136",1.70128611114342,"Within SLA"
"Fidelity Bank","KACHASI v2.x","FI/KA/LIV/250024","HIGH","Credit limit duplicated for a customer",241.684373055585,"Breached SLA"
"Fidelity Bank","KACHASI v2.x","FI/KA/LIV/250023","HIGH","FX FUNDING NOT REFLECTING ON CUSTOMER'S ACCOUNT CROWN FLOUR/",7.77512027771445,"Within SLA"
"Fidelity Bank","KACHASI v2.x","FI/KA/LIV/250022","HIGH","Unable to Submit Inflows on Kachasi",49.0291577777825,"Within SLA"
"Fidelity Bank","KACHASI v2.x","FI/KA/LIV/250021","HIGH","ISSUE WITH LOAN BOOKING ON KACHASI -  A.Y.M SHAFA - ODDO BHF",26.6474888887606,"Within SLA"
"Fidelity Bank","KACHASI v2.x","FI/KA/LIV/250020","HIGH","POST POST TRANSACTION WITHOUT DAILY ACCRUALS AND MONTHLY Dbt",25.9196074999636,"Within SLA"
"Fidelity Bank","KACHASI v2.x","FI/KA/LIV/250019","HIGH","ECD Submsion MF20240070557|HLCUTA12407BIHJ5|FB24ILU00151P-02",2.52536388882436,"Within SLA"
"Fidelity Bank","KACHASI v2.x","FI/KA/LIV/250018","HIGH","ITEMS YET T BE COLLATED",25.5723755554645,"Within SLA"
"Fidelity Bank","KACHASI v2.x","FI/KA/LIV/250017","HIGH","Rate issue on kachasi payload to finacle",5047.25806944439,"Breached SLA"
"Fidelity Bank","KACHASI v2.x","FI/KA/LIV/250016","HIGH","UNABLE TO VIEW FORM M AT POINT OF BID REQUEST",1.22349166654749,"Within SLA"
"Fidelity Bank","KACHASI v2.x","FI/KA/LIV/250015","HIGH","Unable to bid for third currency transactions",1.73478611104656,"Within SLA"
"Fidelity Bank","KACHASI v2.x","FI/KA/LIV/250014","HIGH","Pending duty Items not remitted",7.86149500007741,"Within SLA"
"Fidelity Bank","KACHASI v2.x","FI/KA/LIV/250013","CRITICAL","UTILIZATION REPORT REVIEW",4203.01199694449,"Breached SLA"
"Fidelity Bank","KACHASI v2.x","FI/KA/LIV/250012","HIGH","KACHASI 3RD CURRENCY LOAN REPORTING AS USD",48.1072636111057,"Within SLA"
"Fidelity Bank","KACHASI v2.x","FI/KA/LIV/250011","CRITICAL","Addition of FORM M column on DOM TRANSFER report",330.153046388878,"Breached SLA"
"Fidelity Bank","KACHASI v2.x","FI/KA/LIV/250010","CRITICAL","Multiple credits for inflow FB250129ITT0023",955.352653055568,"Breached SLA"
"Fidelity Bank","KACHASI v2.x","FI/KA/LIV/250008","HIGH","UNABLE TO SUBMIT AMMENDMENT-FB25ILLW000014-NEPAL ENERGIES LT",22.7931841666577,"Within SLA"
"Fidelity Bank","KACHASI v2.x","FI/KA/LIV/250007","CRITICAL","WRONG NARRATION FOR LOAN LIQUIDATION",18.3995049999794,"Within SLA"
"Fidelity Bank","KACHASI v2.x","FI/KA/LIV/250006","CRITICAL","WRONG STATUS REPORT ON INTEREST COLLECTION REPORT",312.814388055587,"Breached SLA"
"Fidelity Bank","KACHASI v2.x","FI/KA/LIV/250005","CRITICAL","INCOMPLETE REPORT FOR NXP OPENED AND REPATRIATION",2833.29910638893,"Breached SLA"
"Fidelity Bank","KACHASI v2.x","FI/KA/LIV/250004","CRITICAL","PARTIAL DISBURSEMENT ON FORM A NOT WORKING IN KACHASI",5888.25111055555,"Breached SLA"
"Fidelity Bank","KACHASI v2.x","FI/KA/LIV/250003","HIGH","DUPLICATED TRANSACTION ON SWIFT (FB250108OTP0156)",3649.01424611115,"Breached SLA"
"Fidelity Bank","KACHASI v2.x","FI/KA/LIV/250002","CRITICAL","DOUBLE CREDIT TO CUSTOMERS ACCOUNTS BY KACHASI",1485.32358833333,"Breached SLA"
"Fidelity Bank","KACHASI v2.x","FI/KA/LIV/250001","CRITICAL","AUTHORISED TIME FOR DOM TRAN FRM BRANCHES DO NOT SHOW& FRONT",1201.56731666654,"Breached SLA"
"Fidelity Bank","KACHASI v2.x","FI/31/12/0072","CRITICAL","Kachasi EOD on 30th moved date to 2026",120.573915833258,"Breached SLA"
"Fidelity Bank","KACHASI v2.x","FI/29/12/0071","HIGH","Duplicated amounts observed during the booking of the Bills Loan",537.879424166749,"Breached SLA"
"Fidelity Bank","KACHASI v2.x","FI/22/12/0070","HIGH","LOAN BOOKING ERROR AND REQUEST FOR ASSISTANCE",26.9495986110996,"Within SLA"
"Fidelity Bank","KACHASI v2.x","FI/18/12/0069","HIGH","KACHASI ERROR ON REPAYMENT",125.527950555494,"Breached SLA"
"Fidelity Bank","KACHASI v2.x","FI/17/12/0068","HIGH","UNABLE TO CREATE CUSTOMER GROUP TO DRAW FROM LIMIT SET UP",25.5123591666925,"Within SLA"
"Fidelity Bank","KACHASI v2.x","FI/12/12/0067","HIGH","DUPLICATE KACHASI LOAN REFERENCES FOR JAMARA OPERATIONS LTD",137.374591111089,"Breached SLA"
"Fidelity Bank","KACHASI v2.x","FI/08/12/0066","HIGH","MT752 WITHOUT CHARGE ENTRIES",25.7658544443548,"Within SLA"
"Fidelity Bank","KACHASI v2.x","FI/01/12/0065","CRITICAL","Optimus application down",261.712685555569,"Breached SLA"
"Fidelity Bank","KACHASI v2.x","FI/25/11/0063","HIGH","ERROR ECOUNTERED ON PAYMENT PROCESSING FB25ILU00109 - JAMARA - $98,700",21.6521427778644,"Within SLA"
"Fidelity Bank","KACHASI v2.x","FI/18/11/0062","HIGH","DUPLICATED INTEREST CHARGES ON FB25ILL00032 - FB25POST00071",1252.53715194447,"Breached SLA"
"Fidelity Bank","KACHASI v2.x","FI/18/11/0061","HIGH","UNABLE TO AUTHORIZE AMENDMENT ON FB25ILU00183 ON KACHSI",6.09241361101158,"Within SLA"
"Fidelity Bank","KACHASI v2.x","FI/12/11/0060","HIGH","Unable to Approve FORM M MF20250111750 MF20250117451",2069.37972583319,"Breached SLA"
"Fidelity Bank","KACHASI v2.x","FI/07/11/0059","HIGH","Double Posting",2687.11450444447,"Breached SLA"
"Fidelity Bank","KACHASI v2.x","FI/06/11/0058","MEDIUM","Error submitting Loan Liquidation",2211.91625999997,"Breached SLA"
"Fidelity Bank","KACHASI v2.x","FI/03/11/0057","CRITICAL","Duplicated Swift Message for FB251020OTP0198",354.964628333459,"Breached SLA"
"Fidelity Bank","KACHASI v2.x","FI/30/10/0056","HIGH","Unable to Generate Receipt for Excise and Import Duty",163.120693055622,"Breached SLA"
"Fidelity Bank","KACHASI v2.x","FI/24/10/0055","MEDIUM","Optimus Email Notification Email",3127.5025886111,"Breached SLA"
"Fidelity Bank","KACHASI v2.x","FI/24/10/0054","HIGH","REJECTION ALERT STOPPED",2528.07337500004,"Breached SLA"
"Fidelity Bank","KACHASI v2.x","FI/16/10/0053","MEDIUM","BID REQUEST FAILED POSTINGS NOT SENT OUT",3.86870666668983,"Within SLA"
"Fidelity Bank","KACHASI v2.x","FI/10/10/0052","HIGH","WRONG ACCOUNT QUOTED LC OPENED REPORT-FB25ILUW00041",75.4612202777644,"Breached SLA"
"Fidelity Bank","KACHASI v2.x","FI/09/10/0051","HIGH","Interest Distribution Report for Q3 2025",10.297176388849,"Within SLA"
"Fidelity Bank","KACHASI v2.x","FI/05/10/0024","CRITICAL","FORM M NOT MIGRATED ON KACHASI ON BODOGWU",62.2667055554339,"Breached SLA"
"Fidelity Bank","KACHASI v2.x","FI/03/10/0050","HIGH","FORM M NOT MIGRATED ON KACHASI ON BODOGWU",165.166150277713,"Breached SLA"
"Fidelity Bank","KACHASI v2.x","FI/03/10/0049","HIGH","MAPPING OF STANDARD CHARTERED BANK EURO AND GBP LEDGER ACCOUNTS TO KACHASI",312.421643055626,"Breached SLA"
"Fidelity Bank","KACHASI v2.x","FI/26/09/0048","HIGH","Transaction status not Update on Optimus OPILC10092500003, OPILC28072500002",3789.32513222226,"Breached SLA"
"Fidelity Bank","KACHASI v2.x","FI/22/09/0047","HIGH","SHIPPING DOCUMENT REGISTER AND MOVEMENT",716.552575833339,"Breached SLA"
"Fidelity Bank","KACHASI v2.x","FI/22/09/0046","HIGH","DEBITED ACCOUNT AFTER REJECTION FB250919OTP0162",578.451986388769,"Breached SLA"
"Fidelity Bank","KACHASI v2.x","FI/18/09/0045","HIGH","KACHASI UNABLE TO RECEIVE MT761 SWIFT MESSAGES",2.72727833327372,"Within SLA"
"Fidelity Bank","KACHASI v2.x","FI/18/09/0044","HIGH","DOM TRANSFERS REFLECTING AS BANK INDUCED TRANSACTIONS",3698.89757083333,"Breached SLA"
"Fidelity Bank","KACHASI v2.x","FI/11/09/0043","HIGH","AUTOMATED SWIFT MESSAGES ON PAYMENTS/REPLENISHMENTS MT799",167.034604166576,"Breached SLA"
"Fidelity Bank","KACHASI v2.x","FI/11/09/0042","HIGH","DUPLICATION OF INTEREST CHARGES. FB25ILU00019",150.335462499876,"Breached SLA"
"Fidelity Bank","KACHASI v2.x","FI/09/09/0041","HIGH","WRONG AMOUNT CHARGES  DERIVED FOR 0.2 CONCESSION MAINTAINED",71.010151110997,"Within SLA"
"Fidelity Bank","KACHASI v2.x","FI/28/08/0040","HIGH","Premature EOM Interest run on kachasi",3889.52759638889,"Breached SLA"
"Fidelity Bank","KACHASI v2.x","FI/27/08/0039","HIGH","Missing columns on DOM TRANSFER report",140.316738055553,"Breached SLA"
"Fidelity Bank","KACHASI v2.x","FI/26/08/0015","MEDIUM","Singlewindow Bodogwu Integration",401.632871388865,"Breached SLA"
"Fidelity Bank","KACHASI v2.x","FI/26/08/0014","MEDIUM","NCS /NCS REST INTEGRATION",25.0215991666191,"Within SLA"
"Fidelity Bank","KACHASI v2.x","FI/22/08/0038","CRITICAL","NCS /NCS REST INTEGRATION",128.886142500036,"Breached SLA"
"Fidelity Bank","KACHASI v2.x","FI/21/08/0037","CRITICAL","MODIFICATION OF SHIPPING DOCUMENT RECIEVED NOTIFICATION FOR NOT VALID FOR FOREX",2.8617236110149,"Within SLA"
"Fidelity Bank","KACHASI v2.x","FI/14/08/0036","HIGH","SUCCESSFUL TRANSACTIONS NOT SHOWING ON KACHASI REPORT SHEETS- INWARD REMITTANCE",27.8736355556175,"Within SLA"
"Fidelity Bank","KACHASI v2.x","FI/12/08/0034","CRITICAL","EMPTY REPORTS FOR BILLS OF COLLECTION REGISTER",47.5970497222734,"Breached SLA"
"Fidelity Bank","KACHASI v2.x","FI/11/08/0033","CRITICAL","Supplier Set Shipping Documents - Date Error",20.2464783332543,"Within SLA"
"Fidelity Bank","KACHASI v2.x","FI/08/08/0032","CRITICAL","KACHASI ERROR",426.085439166636,"Breached SLA"
"Fidelity Bank","KACHASI v2.x","FI/06/08/0031","CRITICAL","PENDING COLLATION ITEM",143.256218055496,"Breached SLA"
"Fidelity Bank","KACHASI v2.x","FI/04/08/0030","CRITICAL","PENDING CBN DEBIT ON CUSTOMS TRANSACTIONS",4.63104638876393,"Within SLA"
"Fidelity Bank","KACHASI v2.x","FI/31/07/0029","HIGH","Inflows above threshold going STP FB250723ITT0084 FB250723ITT0120  FB250725ITT0074",172.90312000009,"Breached SLA"
"Fidelity Bank","KACHASI v2.x","FI/30/07/0028","CRITICAL","FORM A NUMBER NOT SHOWING ON CHARGES NARRATION",318.753266944375,"Breached SLA"
"Fidelity Bank","KACHASI v2.x","FI/22/07/0027","HIGH","Unable to approve or reject inflow FB250718ITT0113",53.2593827776727,"Within SLA"
"Fidelity Bank","KACHASI v2.x","FI/22/07/0026","HIGH","Unable to perform Interest distribution",54.8427983333822,"Within SLA"
"Fidelity Bank","KACHASI v2.x","FI/17/07/0025","CRITICAL","ISSUES WITH STP TRANSACTIONS ON AUTHORIZERS QUEUE ON KACHASI",4900.78777555539,"Breached SLA"
"Fidelity Bank","KACHASI v2.x","FI/14/07/0008","HIGH","UNABLE TO VIEW BIDREQUEST IRO SYNERMED",1.07971416658256,"Within SLA"
"Fidelity Bank","KACHASI v2.x","FI/14/07/0007","MEDIUM","REPORT FOR PAPSS OUTBOUND TRANSFER",216.239462777856,"Breached SLA"
"Fidelity Bank","KACHASI v2.x","FI/07/07/0024","HIGH","FORM M OPENED ON B'ODOGWU NOT ON KACHASI",507.491259166505,"Breached SLA"
"Fidelity Bank","KACHASI v2.x","FI/30/06/0022","CRITICAL","Frequent DB lock on kachasi",4102.21443722217,"Breached SLA"
"Fidelity Bank","KACHASI v2.x","FI/30/06/0021","HIGH","Papss outward transaction charges issues",198.908169999893,"Breached SLA"
"Fidelity Bank","KACHASI v2.x","FI/27/06/0020","CRITICAL","POST POST ERROR",3.70548916660482,"Within SLA"
"Fidelity Bank","KACHASI v2.x","FI/27/06/0019","HIGH","Telex not attached to email notifications",151.092958333378,"Breached SLA"
"Fidelity Bank","KACHASI v2.x","FI/26/06/0018","CRITICAL","GUARANTEE NOT PASSING CONTINGENCY ENTRIES",3.94732555554947,"Within SLA"
"Fidelity Bank","KACHASI v2.x","FI/26/06/0017","HIGH","Pending Duty Remittance",98.3690941666136,"Breached SLA"
"Fidelity Bank","KACHASI v2.x","FI/24/06/0016","CRITICAL","UNABLE TO ACCESS OUTWARD GUARANTEE MENU ON KACHASI",20.7239616667503,"Within SLA"
"Fidelity Bank","KACHASI v2.x","FI/24/06/0015","CRITICAL","MT799 NOT GENERATING ON POST NEG LIQUIDATION",72.0868719445425,"Breached SLA"
"Fidelity Bank","KACHASI v2.x","FI/23/06/0014","HIGH","THIRD CURRENCY TRANSACTIONS DROPPING DIFFERENT AMOUNT ON LEDGER",2082.0902452778,"Breached SLA"
"Fidelity Bank","KACHASI v2.x","FI/17/06/0011","HIGH","Unable to approve PTA registration at the branch authorizer",5.0365630555898,"Within SLA"
"Fidelity Bank","KACHASI v2.x","FI/17/06/0010","CRITICAL","ALERT FOR POST NEG LOAN MATURITY NOT GOING",1249.08101138903,"Breached SLA"
"Fidelity Bank","KACHASI v2.x","FI/17/06/0009","CRITICAL","ALERTS FOR MATURITY SBLC/GUARANTEE NOT GOING",1249.15384750004,"Breached SLA"
"Fidelity Bank","KACHASI v2.x","FI/17/06/0008","CRITICAL","ALERTS FOR DEFERRED PAYMENT NOT GOING",1249.19909638882,"Breached SLA"
"Fidelity Bank","KACHASI v2.x","FI/17/06/0007","CRITICAL","ALERTS FOR BILL OF LADING EXPIRY AND BILL OF EXCHANGE MATURITY NOT GOING",1249.2648511111,"Breached SLA"
"Fidelity Bank","KACHASI v2.x","FI/17/06/0006","CRITICAL","FORM M EXPIRY DATE",1249.28051555558,"Breached SLA"
"Fidelity Bank","KACHASI v2.x","FI/16/06/0005","HIGH","INABILITY TO VIEW USD DEBIT",2.89768888894469,"Within SLA"
"Fidelity Bank","KACHASI v2.x","FI/11/06/0004","CRITICAL","ERROR PROCESSING FB REFERENCE FOR CUSTOMS DUTY  FB25061110835",3.7628416667576,"Within SLA"
"Fidelity Bank","KACHASI v2.x","FI/11/06/0003","CRITICAL","POST POST ROLLOVER PASSING WRONG ENTRIES",153.870869722276,"Breached SLA"
"Fidelity Bank","KACHASI v2.x","FI/10/06/0002","HIGH","Unable to access FB25IBC00266",29.5379449999309,"Within SLA"
"Fidelity Bank","KACHASI v2.x","FI/05/06/0003","MEDIUM","The bank received a visit from the CBN audit team last week regarding our TRMS integration, and a number of compliance-related issues were identified with the current setup.",6741.97364916676,"Breached SLA"
"Fidelity Bank","KACHASI v2.x","FI/05/06/0001","HIGH","Addition of port for customs",1.77067416667705,"Within SLA"
"Fidelity Bank","KACHASI v2.x","FI/KA/LIV/250050","CRITICAL","INCLUSION OF FIELDS TO ECD REGISTER",453.277458333469,"Breached SLA"
"Fidelity Bank","KACHASI v2.x","FI/KA/LIV/250049","CRITICAL","INCOMPLETE REPORTS",3076.00890472223,"Breached SLA"
"Fidelity Bank","KACHASI v2.x","FI/KA/LIV/250048","HIGH","APPROVAL FOR $1,951,500 LC- DUFIL PRIMA FOODS LTD",216.285660000052,"Breached SLA"
"Fidelity Bank","KACHASI v2.x","FI/KA/LIV/250047","CRITICAL","PENDING CBN DEBIT ON CUSTOMS TRANSACTIONS",353.189453611267,"Breached SLA"
"Fidelity Bank","KACHASI v2.x","FI/KA/LIV/250046","CRITICAL","LC LIMIT SETUP ERROR",0.569599444395863,"Within SLA"
"Fidelity Bank","KACHASI v2.x","FI/KA/LIV/250044","HIGH","inflows from stanchart not processed by kachasi STP",1275.9668272222,"Breached SLA"
"Fidelity Bank","KACHASI v2.x","FI/KA/LIV/250043","HIGH","REPORTS OF SHIPPING DOCUMENT REGISTER AND RELEASE",1041.84433500009,"Breached SLA"
"Fidelity Bank","KACHASI v2.x","FI/KA/LIV/250042","CRITICAL","Increase of form M value",97.1505316666444,"Breached SLA"
"Fidelity Bank","KACHASI v2.x","FI/KA/LIV/250041","HIGH","FB2504156924 this item is yet to be collated since 15th",4.98459583340446,"Within SLA"
"Fidelity Bank","KACHASI v2.x","FI/KA/LIV/250040","HIGH","Lc ref is FB24ILL00023 - DANGOTE SUGAR REFINERY.",1.99279250000836,"Within SLA"
"Fidelity Bank","KACHASI v2.x","FI/KA/LIV/250039","HIGH","INABILITY TO FUND FORM M",4.84613388899015,"Within SLA"
"Fidelity Bank","KACHASI v2.x","FI/KA/LIV/250038","HIGH","ERROR WHILE CRETAING ALOAN ACCOINT ON KACHASI",16.9505086111603,"Within SLA"
"Fidelity Bank","KACHASI v2.x","FI/KA/LIV/250037","HIGH","INABILITY TO REJECT AN INWARD REMITTANCE",26.4478894444183,"Within SLA"
"Fidelity Bank","KACHASI v2.x","FI/KA/LIV/250036","HIGH","DOUBLE POST-NEG MONTHLY CHARGES - (FB24ILL00008)",7248.93552222219,"Breached SLA"
"Fidelity Bank","KACHASI v2.x","FI/KA/LIV/250035","HIGH","INABILITY TO PULL FORM M",1.39710666658357,"Within SLA"
"Fidelity Bank","KACHASI v2.x","FI/KA/LIV/250034","HIGH","TRANSACTIONS PROCESSED ON KACHASI NOT GOING TO SWIFT",123.859254166775,"Breached SLA"
"Fidelity Bank","KACHASI v2.x","FI/KA/LIV/250033","HIGH","FORM M PROCESSING ON B'ODOGWU",20.8629277777509,"Within SLA"
"Fidelity Bank","KACHASI v2.x","FI/KA/LIV/250032","HIGH","Duplicated credit limit for customer AYM SHAFA",2402.54998416669,"Breached SLA"
"Fidelity Bank","KACHASI v2.x","FI/KA/LIV/250031","HIGH","FX Collation Error",17.4126586110215,"Within SLA"
"Fidelity Bank","KACHASI v2.x","FI/KA/LIV/250030","HIGH","MT 103 inflows not generating FB references",7.89541749993805,"Within SLA"
"Fidelity Bank","KACHASI v2.x","FI/KA/LIV/250029","CRITICAL","DUPLICATED TRANSACTION ON SWIFT FB250312OTP0069",2120.08745944442,"Breached SLA"
"Fidelity Bank","KACHASI v2.x","FI/KA/LIV/250028","HIGH","DOM Transfer transmitted and still on workflow",8424.12522333342,"Breached SLA"
"Fidelity Bank","KACHASI v2.x","FI/KA/LIV/250027","HIGH","ISSUES WITH PASSING ENTRIES FOR LOAN LIQUIDATION ON KACHASI",24.0699813888059,"Within SLA"
"Fidelity Bank","KACHASI v2.x","FI/KA/LIV/250026","HIGH","ISSUES WITH RECOVERY CHARGES ON KACHASI - Nepal Oil & gas",24.0677300000098,"Within SLA"
"Fidelity Bank","KACHASI v2.x","FI/KA/LIV/250025","HIGH","ISSUE WITH INTEREST ON POST-NEG LOAN FB24POST00136",1.70128611114342,"Within SLA"
"Fidelity Bank","KACHASI v2.x","FI/KA/LIV/250024","HIGH","Credit limit duplicated for a customer",241.684373055585,"Breached SLA"
"Fidelity Bank","KACHASI v2.x","FI/KA/LIV/250023","HIGH","FX FUNDING NOT REFLECTING ON CUSTOMER'S ACCOUNT CROWN FLOUR/",7.77512027771445,"Within SLA"
"Fidelity Bank","KACHASI v2.x","FI/KA/LIV/250022","HIGH","Unable to Submit Inflows on Kachasi",49.0291577777825,"Within SLA"
"Fidelity Bank","KACHASI v2.x","FI/KA/LIV/250021","HIGH","ISSUE WITH LOAN BOOKING ON KACHASI -  A.Y.M SHAFA - ODDO BHF",26.6474888887606,"Within SLA"
"Fidelity Bank","KACHASI v2.x","FI/KA/LIV/250020","HIGH","POST POST TRANSACTION WITHOUT DAILY ACCRUALS AND MONTHLY Dbt",25.9196074999636,"Within SLA"
"Fidelity Bank","KACHASI v2.x","FI/KA/LIV/250019","HIGH","ECD Submsion MF20240070557|HLCUTA12407BIHJ5|FB24ILU00151P-02",2.52536388882436,"Within SLA"
"Fidelity Bank","KACHASI v2.x","FI/KA/LIV/250018","HIGH","ITEMS YET T BE COLLATED",25.5723755554645,"Within SLA"
"Fidelity Bank","KACHASI v2.x","FI/KA/LIV/250017","HIGH","Rate issue on kachasi payload to finacle",5047.25806944439,"Breached SLA"
"Fidelity Bank","KACHASI v2.x","FI/KA/LIV/250016","HIGH","UNABLE TO VIEW FORM M AT POINT OF BID REQUEST",1.22349166654749,"Within SLA"
"Fidelity Bank","KACHASI v2.x","FI/KA/LIV/250015","HIGH","Unable to bid for third currency transactions",1.73478611104656,"Within SLA"
"Fidelity Bank","KACHASI v2.x","FI/KA/LIV/250014","HIGH","Pending duty Items not remitted",7.86149500007741,"Within SLA"
"Fidelity Bank","KACHASI v2.x","FI/KA/LIV/250013","CRITICAL","UTILIZATION REPORT REVIEW",4203.01199694449,"Breached SLA"
"Fidelity Bank","KACHASI v2.x","FI/KA/LIV/250012","HIGH","KACHASI 3RD CURRENCY LOAN REPORTING AS USD",48.1072636111057,"Within SLA"
"Fidelity Bank","KACHASI v2.x","FI/KA/LIV/250011","CRITICAL","Addition of FORM M column on DOM TRANSFER report",330.153046388878,"Breached SLA"
"Fidelity Bank","KACHASI v2.x","FI/KA/LIV/250010","CRITICAL","Multiple credits for inflow FB250129ITT0023",955.352653055568,"Breached SLA"
"Fidelity Bank","KACHASI v2.x","FI/KA/LIV/250008","HIGH","UNABLE TO SUBMIT AMMENDMENT-FB25ILLW000014-NEPAL ENERGIES LT",22.7931841666577,"Within SLA"
"Fidelity Bank","KACHASI v2.x","FI/KA/LIV/250007","CRITICAL","WRONG NARRATION FOR LOAN LIQUIDATION",18.3995049999794,"Within SLA"
"Fidelity Bank","KACHASI v2.x","FI/KA/LIV/250006","CRITICAL","WRONG STATUS REPORT ON INTEREST COLLECTION REPORT",312.814388055587,"Breached SLA"
"Fidelity Bank","KACHASI v2.x","FI/KA/LIV/250005","CRITICAL","INCOMPLETE REPORT FOR NXP OPENED AND REPATRIATION",2833.29910638893,"Breached SLA"
"Fidelity Bank","KACHASI v2.x","FI/KA/LIV/250004","CRITICAL","PARTIAL DISBURSEMENT ON FORM A NOT WORKING IN KACHASI",5888.25111055555,"Breached SLA"
"Fidelity Bank","KACHASI v2.x","FI/KA/LIV/250003","HIGH","DUPLICATED TRANSACTION ON SWIFT (FB250108OTP0156)",3649.01424611115,"Breached SLA"
"Fidelity Bank","KACHASI v2.x","FI/KA/LIV/250002","CRITICAL","DOUBLE CREDIT TO CUSTOMERS ACCOUNTS BY KACHASI",1485.32358833333,"Breached SLA"
"Fidelity Bank","KACHASI v2.x","FI/KA/LIV/250001","CRITICAL","AUTHORISED TIME FOR DOM TRAN FRM BRANCHES DO NOT SHOW& FRONT",1201.56731666654,"Breached SLA"
"Fidelity Bank","KACHASI v2.x","FI/31/12/0072","CRITICAL","Kachasi EOD on 30th moved date to 2026",120.573915833258,"Breached SLA"
"Fidelity Bank","KACHASI v2.x","FI/29/12/0071","HIGH","Duplicated amounts observed during the booking of the Bills Loan",537.879424166749,"Breached SLA"
"Fidelity Bank","KACHASI v2.x","FI/22/12/0070","HIGH","LOAN BOOKING ERROR AND REQUEST FOR ASSISTANCE",26.9495986110996,"Within SLA"
"Fidelity Bank","KACHASI v2.x","FI/18/12/0069","HIGH","KACHASI ERROR ON REPAYMENT",125.527950555494,"Breached SLA"
"Fidelity Bank","KACHASI v2.x","FI/17/12/0068","HIGH","UNABLE TO CREATE CUSTOMER GROUP TO DRAW FROM LIMIT SET UP",25.5123591666925,"Within SLA"
"Fidelity Bank","KACHASI v2.x","FI/12/12/0067","HIGH","DUPLICATE KACHASI LOAN REFERENCES FOR JAMARA OPERATIONS LTD",137.374591111089,"Breached SLA"
"Fidelity Bank","KACHASI v2.x","FI/08/12/0066","HIGH","MT752 WITHOUT CHARGE ENTRIES",25.7658544443548,"Within SLA"
"Fidelity Bank","KACHASI v2.x","FI/01/12/0065","CRITICAL","Optimus application down",261.712685555569,"Breached SLA"
"Fidelity Bank","KACHASI v2.x","FI/25/11/0063","HIGH","ERROR ECOUNTERED ON PAYMENT PROCESSING FB25ILU00109 - JAMARA - $98,700",21.6521427778644,"Within SLA"
"Fidelity Bank","KACHASI v2.x","FI/18/11/0062","HIGH","DUPLICATED INTEREST CHARGES ON FB25ILL00032 - FB25POST00071",1252.53715194447,"Breached SLA"
"Fidelity Bank","KACHASI v2.x","FI/18/11/0061","HIGH","UNABLE TO AUTHORIZE AMENDMENT ON FB25ILU00183 ON KACHSI",6.09241361101158,"Within SLA"
"Fidelity Bank","KACHASI v2.x","FI/12/11/0060","HIGH","Unable to Approve FORM M MF20250111750 MF20250117451",2069.37972583319,"Breached SLA"
"Fidelity Bank","KACHASI v2.x","FI/07/11/0059","HIGH","Double Posting",2687.11450444447,"Breached SLA"
"Fidelity Bank","KACHASI v2.x","FI/06/11/0058","MEDIUM","Error submitting Loan Liquidation",2211.91625999997,"Breached SLA"
"Fidelity Bank","KACHASI v2.x","FI/03/11/0057","CRITICAL","Duplicated Swift Message for FB251020OTP0198",354.964628333459,"Breached SLA"
"Fidelity Bank","KACHASI v2.x","FI/30/10/0056","HIGH","Unable to Generate Receipt for Excise and Import Duty",163.120693055622,"Breached SLA"
"Fidelity Bank","KACHASI v2.x","FI/24/10/0055","MEDIUM","Optimus Email Notification Email",3127.5025886111,"Breached SLA"
"Fidelity Bank","KACHASI v2.x","FI/24/10/0054","HIGH","REJECTION ALERT STOPPED",2528.07337500004,"Breached SLA"
"Fidelity Bank","KACHASI v2.x","FI/16/10/0053","MEDIUM","BID REQUEST FAILED POSTINGS NOT SENT OUT",3.86870666668983,"Within SLA"
"Fidelity Bank","KACHASI v2.x","FI/10/10/0052","HIGH","WRONG ACCOUNT QUOTED LC OPENED REPORT-FB25ILUW00041",75.4612202777644,"Breached SLA"
"Fidelity Bank","KACHASI v2.x","FI/09/10/0051","HIGH","Interest Distribution Report for Q3 2025",10.297176388849,"Within SLA"
"Fidelity Bank","KACHASI v2.x","FI/05/10/0024","CRITICAL","FORM M NOT MIGRATED ON KACHASI ON BODOGWU",62.2667055554339,"Breached SLA"
"Fidelity Bank","KACHASI v2.x","FI/03/10/0050","HIGH","FORM M NOT MIGRATED ON KACHASI ON BODOGWU",165.166150277713,"Breached SLA"
"Fidelity Bank","KACHASI v2.x","FI/03/10/0049","HIGH","MAPPING OF STANDARD CHARTERED BANK EURO AND GBP LEDGER ACCOUNTS TO KACHASI",312.421643055626,"Breached SLA"
"Fidelity Bank","KACHASI v2.x","FI/26/09/0048","HIGH","Transaction status not Update on Optimus OPILC10092500003, OPILC28072500002",3789.32513222226,"Breached SLA"
"Fidelity Bank","KACHASI v2.x","FI/22/09/0047","HIGH","SHIPPING DOCUMENT REGISTER AND MOVEMENT",716.552575833339,"Breached SLA"
"Fidelity Bank","KACHASI v2.x","FI/22/09/0046","HIGH","DEBITED ACCOUNT AFTER REJECTION FB250919OTP0162",578.451986388769,"Breached SLA"
"Fidelity Bank","KACHASI v2.x","FI/18/09/0045","HIGH","KACHASI UNABLE TO RECEIVE MT761 SWIFT MESSAGES",2.72727833327372,"Within SLA"
"Fidelity Bank","KACHASI v2.x","FI/18/09/0044","HIGH","DOM TRANSFERS REFLECTING AS BANK INDUCED TRANSACTIONS",3698.89757083333,"Breached SLA"
"Fidelity Bank","KACHASI v2.x","FI/11/09/0043","HIGH","AUTOMATED SWIFT MESSAGES ON PAYMENTS/REPLENISHMENTS MT799",167.034604166576,"Breached SLA"
"Fidelity Bank","KACHASI v2.x","FI/11/09/0042","HIGH","DUPLICATION OF INTEREST CHARGES. FB25ILU00019",150.335462499876,"Breached SLA"
"Fidelity Bank","KACHASI v2.x","FI/09/09/0041","HIGH","WRONG AMOUNT CHARGES  DERIVED FOR 0.2 CONCESSION MAINTAINED",71.010151110997,"Within SLA"
"Fidelity Bank","KACHASI v2.x","FI/28/08/0040","HIGH","Premature EOM Interest run on kachasi",3889.52759638889,"Breached SLA"
"Fidelity Bank","KACHASI v2.x","FI/27/08/0039","HIGH","Missing columns on DOM TRANSFER report",140.316738055553,"Breached SLA"
"Fidelity Bank","KACHASI v2.x","FI/26/08/0015","MEDIUM","Singlewindow Bodogwu Integration",401.632871388865,"Breached SLA"
"Fidelity Bank","KACHASI v2.x","FI/26/08/0014","MEDIUM","NCS /NCS REST INTEGRATION",25.0215991666191,"Within SLA"
"Fidelity Bank","KACHASI v2.x","FI/22/08/0038","CRITICAL","NCS /NCS REST INTEGRATION",128.886142500036,"Breached SLA"
"Fidelity Bank","KACHASI v2.x","FI/21/08/0037","CRITICAL","MODIFICATION OF SHIPPING DOCUMENT RECIEVED NOTIFICATION FOR NOT VALID FOR FOREX",2.8617236110149,"Within SLA"
"Fidelity Bank","KACHASI v2.x","FI/14/08/0036","HIGH","SUCCESSFUL TRANSACTIONS NOT SHOWING ON KACHASI REPORT SHEETS- INWARD REMITTANCE",27.8736355556175,"Within SLA"
"Fidelity Bank","KACHASI v2.x","FI/12/08/0034","CRITICAL","EMPTY REPORTS FOR BILLS OF COLLECTION REGISTER",47.5970497222734,"Breached SLA"
"Fidelity Bank","KACHASI v2.x","FI/11/08/0033","CRITICAL","Supplier Set Shipping Documents - Date Error",20.2464783332543,"Within SLA"
"Fidelity Bank","KACHASI v2.x","FI/08/08/0032","CRITICAL","KACHASI ERROR",426.085439166636,"Breached SLA"
"Fidelity Bank","KACHASI v2.x","FI/06/08/0031","CRITICAL","PENDING COLLATION ITEM",143.256218055496,"Breached SLA"
"Fidelity Bank","KACHASI v2.x","FI/04/08/0030","CRITICAL","PENDING CBN DEBIT ON CUSTOMS TRANSACTIONS",4.63104638876393,"Within SLA"
"Fidelity Bank","KACHASI v2.x","FI/31/07/0029","HIGH","Inflows above threshold going STP FB250723ITT0084 FB250723ITT0120  FB250725ITT0074",172.90312000009,"Breached SLA"
"Fidelity Bank","KACHASI v2.x","FI/30/07/0028","CRITICAL","FORM A NUMBER NOT SHOWING ON CHARGES NARRATION",318.753266944375,"Breached SLA"
"Fidelity Bank","KACHASI v2.x","FI/22/07/0027","HIGH","Unable to approve or reject inflow FB250718ITT0113",53.2593827776727,"Within SLA"
"Fidelity Bank","KACHASI v2.x","FI/22/07/0026","HIGH","Unable to perform Interest distribution",54.8427983333822,"Within SLA"
"Fidelity Bank","KACHASI v2.x","FI/17/07/0025","CRITICAL","ISSUES WITH STP TRANSACTIONS ON AUTHORIZERS QUEUE ON KACHASI",4900.78777555539,"Breached SLA"
"Fidelity Bank","KACHASI v2.x","FI/14/07/0008","HIGH","UNABLE TO VIEW BIDREQUEST IRO SYNERMED",1.07971416658256,"Within SLA"
"Fidelity Bank","KACHASI v2.x","FI/14/07/0007","MEDIUM","REPORT FOR PAPSS OUTBOUND TRANSFER",216.239462777856,"Breached SLA"
"Fidelity Bank","KACHASI v2.x","FI/07/07/0024","HIGH","FORM M OPENED ON B'ODOGWU NOT ON KACHASI",507.491259166505,"Breached SLA"
"Fidelity Bank","KACHASI v2.x","FI/30/06/0022","CRITICAL","Frequent DB lock on kachasi",4102.21443722217,"Breached SLA"
"Fidelity Bank","KACHASI v2.x","FI/30/06/0021","HIGH","Papss outward transaction charges issues",198.908169999893,"Breached SLA"
"Fidelity Bank","KACHASI v2.x","FI/27/06/0020","CRITICAL","POST POST ERROR",3.70548916660482,"Within SLA"
"Fidelity Bank","KACHASI v2.x","FI/27/06/0019","HIGH","Telex not attached to email notifications",151.092958333378,"Breached SLA"
"Fidelity Bank","KACHASI v2.x","FI/26/06/0018","CRITICAL","GUARANTEE NOT PASSING CONTINGENCY ENTRIES",3.94732555554947,"Within SLA"
"Fidelity Bank","KACHASI v2.x","FI/26/06/0017","HIGH","Pending Duty Remittance",98.3690941666136,"Breached SLA"
"Fidelity Bank","KACHASI v2.x","FI/24/06/0016","CRITICAL","UNABLE TO ACCESS OUTWARD GUARANTEE MENU ON KACHASI",20.7239616667503,"Within SLA"
"Fidelity Bank","KACHASI v2.x","FI/24/06/0015","CRITICAL","MT799 NOT GENERATING ON POST NEG LIQUIDATION",72.0868719445425,"Breached SLA"
"Fidelity Bank","KACHASI v2.x","FI/23/06/0014","HIGH","THIRD CURRENCY TRANSACTIONS DROPPING DIFFERENT AMOUNT ON LEDGER",2082.0902452778,"Breached SLA"
"Fidelity Bank","KACHASI v2.x","FI/17/06/0011","HIGH","Unable to approve PTA registration at the branch authorizer",5.0365630555898,"Within SLA"
"Fidelity Bank","KACHASI v2.x","FI/17/06/0010","CRITICAL","ALERT FOR POST NEG LOAN MATURITY NOT GOING",1249.08101138903,"Breached SLA"
"Fidelity Bank","KACHASI v2.x","FI/17/06/0009","CRITICAL","ALERTS FOR MATURITY SBLC/GUARANTEE NOT GOING",1249.15384750004,"Breached SLA"
"Fidelity Bank","KACHASI v2.x","FI/17/06/0008","CRITICAL","ALERTS FOR DEFERRED PAYMENT NOT GOING",1249.19909638882,"Breached SLA"
"Fidelity Bank","KACHASI v2.x","FI/17/06/0007","CRITICAL","ALERTS FOR BILL OF LADING EXPIRY AND BILL OF EXCHANGE MATURITY NOT GOING",1249.2648511111,"Breached SLA"
"Fidelity Bank","KACHASI v2.x","FI/17/06/0006","CRITICAL","FORM M EXPIRY DATE",1249.28051555558,"Breached SLA"
"Fidelity Bank","KACHASI v2.x","FI/16/06/0005","HIGH","INABILITY TO VIEW USD DEBIT",2.89768888894469,"Within SLA"
"Fidelity Bank","KACHASI v2.x","FI/11/06/0004","CRITICAL","ERROR PROCESSING FB REFERENCE FOR CUSTOMS DUTY  FB25061110835",3.7628416667576,"Within SLA"
"Fidelity Bank","KACHASI v2.x","FI/11/06/0003","CRITICAL","POST POST ROLLOVER PASSING WRONG ENTRIES",153.870869722276,"Breached SLA"
"Fidelity Bank","KACHASI v2.x","FI/10/06/0002","HIGH","Unable to access FB25IBC00266",29.5379449999309,"Within SLA"
"Fidelity Bank","KACHASI v2.x","FI/05/06/0003","MEDIUM","The bank received a visit from the CBN audit team last week regarding our TRMS integration, and a number of compliance-related issues were identified with the current setup.",6741.97364916676,"Breached SLA"
"Fidelity Bank","KACHASI v2.x","FI/05/06/0001","HIGH","Addition of port for customs",1.77067416667705,"Within SLA"
"Fidelity Bank","KACHASI v2.x","FI/KA/LIV/250050","CRITICAL","INCLUSION OF FIELDS TO ECD REGISTER",453.277458333469,"Breached SLA"
"Fidelity Bank","KACHASI v2.x","FI/KA/LIV/250049","CRITICAL","INCOMPLETE REPORTS",3076.00890472223,"Breached SLA"
"Fidelity Bank","KACHASI v2.x","FI/KA/LIV/250048","HIGH","APPROVAL FOR $1,951,500 LC- DUFIL PRIMA FOODS LTD",216.285660000052,"Breached SLA"
"Fidelity Bank","KACHASI v2.x","FI/KA/LIV/250047","CRITICAL","PENDING CBN DEBIT ON CUSTOMS TRANSACTIONS",353.189453611267,"Breached SLA"
"Fidelity Bank","KACHASI v2.x","FI/KA/LIV/250046","CRITICAL","LC LIMIT SETUP ERROR",0.569599444395863,"Within SLA"
"Fidelity Bank","KACHASI v2.x","FI/KA/LIV/250044","HIGH","inflows from stanchart not processed by kachasi STP",1275.9668272222,"Breached SLA"
"Fidelity Bank","KACHASI v2.x","FI/KA/LIV/250043","HIGH","REPORTS OF SHIPPING DOCUMENT REGISTER AND RELEASE",1041.84433500009,"Breached SLA"
"Fidelity Bank","KACHASI v2.x","FI/KA/LIV/250042","CRITICAL","Increase of form M value",97.1505316666444,"Breached SLA"
"Fidelity Bank","KACHASI v2.x","FI/KA/LIV/250041","HIGH","FB2504156924 this item is yet to be collated since 15th",4.98459583340446,"Within SLA"
"Fidelity Bank","KACHASI v2.x","FI/KA/LIV/250040","HIGH","Lc ref is FB24ILL00023 - DANGOTE SUGAR REFINERY.",1.99279250000836,"Within SLA"
"Fidelity Bank","KACHASI v2.x","FI/KA/LIV/250039","HIGH","INABILITY TO FUND FORM M",4.84613388899015,"Within SLA"
"Fidelity Bank","KACHASI v2.x","FI/KA/LIV/250038","HIGH","ERROR WHILE CRETAING ALOAN ACCOINT ON KACHASI",16.9505086111603,"Within SLA"
"Fidelity Bank","KACHASI v2.x","FI/KA/LIV/250037","HIGH","INABILITY TO REJECT AN INWARD REMITTANCE",26.4478894444183,"Within SLA"
"Fidelity Bank","KACHASI v2.x","FI/KA/LIV/250036","HIGH","DOUBLE POST-NEG MONTHLY CHARGES - (FB24ILL00008)",7248.93552222219,"Breached SLA"
"Fidelity Bank","KACHASI v2.x","FI/KA/LIV/250035","HIGH","INABILITY TO PULL FORM M",1.39710666658357,"Within SLA"
"Fidelity Bank","KACHASI v2.x","FI/KA/LIV/250034","HIGH","TRANSACTIONS PROCESSED ON KACHASI NOT GOING TO SWIFT",123.859254166775,"Breached SLA"
"Fidelity Bank","KACHASI v2.x","FI/KA/LIV/250033","HIGH","FORM M PROCESSING ON B'ODOGWU",20.8629277777509,"Within SLA"
"Fidelity Bank","KACHASI v2.x","FI/KA/LIV/250032","HIGH","Duplicated credit limit for customer AYM SHAFA",2402.54998416669,"Breached SLA"
"Fidelity Bank","KACHASI v2.x","FI/KA/LIV/250031","HIGH","FX Collation Error",17.4126586110215,"Within SLA"
"Fidelity Bank","KACHASI v2.x","FI/KA/LIV/250030","HIGH","MT 103 inflows not generating FB references",7.89541749993805,"Within SLA"
"Fidelity Bank","KACHASI v2.x","FI/KA/LIV/250029","CRITICAL","DUPLICATED TRANSACTION ON SWIFT FB250312OTP0069",2120.08745944442,"Breached SLA"
"Fidelity Bank","KACHASI v2.x","FI/KA/LIV/250028","HIGH","DOM Transfer transmitted and still on workflow",8424.12522333342,"Breached SLA"
"Fidelity Bank","KACHASI v2.x","FI/KA/LIV/250027","HIGH","ISSUES WITH PASSING ENTRIES FOR LOAN LIQUIDATION ON KACHASI",24.0699813888059,"Within SLA"
"Fidelity Bank","KACHASI v2.x","FI/KA/LIV/250026","HIGH","ISSUES WITH RECOVERY CHARGES ON KACHASI - Nepal Oil & gas",24.0677300000098,"Within SLA"
"Fidelity Bank","KACHASI v2.x","FI/KA/LIV/250025","HIGH","ISSUE WITH INTEREST ON POST-NEG LOAN FB24POST00136",1.70128611114342,"Within SLA"
"Fidelity Bank","KACHASI v2.x","FI/KA/LIV/250024","HIGH","Credit limit duplicated for a customer",241.684373055585,"Breached SLA"
"Fidelity Bank","KACHASI v2.x","FI/KA/LIV/250023","HIGH","FX FUNDING NOT REFLECTING ON CUSTOMER'S ACCOUNT CROWN FLOUR/",7.77512027771445,"Within SLA"
"Fidelity Bank","KACHASI v2.x","FI/KA/LIV/250022","HIGH","Unable to Submit Inflows on Kachasi",49.0291577777825,"Within SLA"
"Fidelity Bank","KACHASI v2.x","FI/KA/LIV/250021","HIGH","ISSUE WITH LOAN BOOKING ON KACHASI -  A.Y.M SHAFA - ODDO BHF",26.6474888887606,"Within SLA"
"Fidelity Bank","KACHASI v2.x","FI/KA/LIV/250020","HIGH","POST POST TRANSACTION WITHOUT DAILY ACCRUALS AND MONTHLY Dbt",25.9196074999636,"Within SLA"
"Fidelity Bank","KACHASI v2.x","FI/KA/LIV/250019","HIGH","ECD Submsion MF20240070557|HLCUTA12407BIHJ5|FB24ILU00151P-02",2.52536388882436,"Within SLA"
"Fidelity Bank","KACHASI v2.x","FI/KA/LIV/250018","HIGH","ITEMS YET T BE COLLATED",25.5723755554645,"Within SLA"
"Fidelity Bank","KACHASI v2.x","FI/KA/LIV/250017","HIGH","Rate issue on kachasi payload to finacle",5047.25806944439,"Breached SLA"
"Fidelity Bank","KACHASI v2.x","FI/KA/LIV/250016","HIGH","UNABLE TO VIEW FORM M AT POINT OF BID REQUEST",1.22349166654749,"Within SLA"
"Fidelity Bank","KACHASI v2.x","FI/KA/LIV/250015","HIGH","Unable to bid for third currency transactions",1.73478611104656,"Within SLA"
"Fidelity Bank","KACHASI v2.x","FI/KA/LIV/250014","HIGH","Pending duty Items not remitted",7.86149500007741,"Within SLA"
"Fidelity Bank","KACHASI v2.x","FI/KA/LIV/250013","CRITICAL","UTILIZATION REPORT REVIEW",4203.01199694449,"Breached SLA"
"Fidelity Bank","KACHASI v2.x","FI/KA/LIV/250012","HIGH","KACHASI 3RD CURRENCY LOAN REPORTING AS USD",48.1072636111057,"Within SLA"
"Fidelity Bank","KACHASI v2.x","FI/KA/LIV/250011","CRITICAL","Addition of FORM M column on DOM TRANSFER report",330.153046388878,"Breached SLA"
"Fidelity Bank","KACHASI v2.x","FI/KA/LIV/250010","CRITICAL","Multiple credits for inflow FB250129ITT0023",955.352653055568,"Breached SLA"
"Fidelity Bank","KACHASI v2.x","FI/KA/LIV/250008","HIGH","UNABLE TO SUBMIT AMMENDMENT-FB25ILLW000014-NEPAL ENERGIES LT",22.7931841666577,"Within SLA"
"Fidelity Bank","KACHASI v2.x","FI/KA/LIV/250007","CRITICAL","WRONG NARRATION FOR LOAN LIQUIDATION",18.3995049999794,"Within SLA"
"Fidelity Bank","KACHASI v2.x","FI/KA/LIV/250006","CRITICAL","WRONG STATUS REPORT ON INTEREST COLLECTION REPORT",312.814388055587,"Breached SLA"
"Fidelity Bank","KACHASI v2.x","FI/KA/LIV/250005","CRITICAL","INCOMPLETE REPORT FOR NXP OPENED AND REPATRIATION",2833.29910638893,"Breached SLA"
"Fidelity Bank","KACHASI v2.x","FI/KA/LIV/250004","CRITICAL","PARTIAL DISBURSEMENT ON FORM A NOT WORKING IN KACHASI",5888.25111055555,"Breached SLA"
"Fidelity Bank","KACHASI v2.x","FI/KA/LIV/250003","HIGH","DUPLICATED TRANSACTION ON SWIFT (FB250108OTP0156)",3649.01424611115,"Breached SLA"
"Fidelity Bank","KACHASI v2.x","FI/KA/LIV/250002","CRITICAL","DOUBLE CREDIT TO CUSTOMERS ACCOUNTS BY KACHASI",1485.32358833333,"Breached SLA"
"Fidelity Bank","KACHASI v2.x","FI/KA/LIV/250001","CRITICAL","AUTHORISED TIME FOR DOM TRAN FRM BRANCHES DO NOT SHOW& FRONT",1201.56731666654,"Breached SLA"
"Fidelity Bank","KACHASI v2.x","FI/31/12/0072","CRITICAL","Kachasi EOD on 30th moved date to 2026",120.573915833258,"Breached SLA"
"Fidelity Bank","KACHASI v2.x","FI/29/12/0071","HIGH","Duplicated amounts observed during the booking of the Bills Loan",537.879424166749,"Breached SLA"
"Fidelity Bank","KACHASI v2.x","FI/22/12/0070","HIGH","LOAN BOOKING ERROR AND REQUEST FOR ASSISTANCE",26.9495986110996,"Within SLA"
"Fidelity Bank","KACHASI v2.x","FI/18/12/0069","HIGH","KACHASI ERROR ON REPAYMENT",125.527950555494,"Breached SLA"
"Fidelity Bank","KACHASI v2.x","FI/17/12/0068","HIGH","UNABLE TO CREATE CUSTOMER GROUP TO DRAW FROM LIMIT SET UP",25.5123591666925,"Within SLA"
"Fidelity Bank","KACHASI v2.x","FI/12/12/0067","HIGH","DUPLICATE KACHASI LOAN REFERENCES FOR JAMARA OPERATIONS LTD",137.374591111089,"Breached SLA"
"Fidelity Bank","KACHASI v2.x","FI/08/12/0066","HIGH","MT752 WITHOUT CHARGE ENTRIES",25.7658544443548,"Within SLA"
"Fidelity Bank","KACHASI v2.x","FI/01/12/0065","CRITICAL","Optimus application down",261.712685555569,"Breached SLA"
"Fidelity Bank","KACHASI v2.x","FI/25/11/0063","HIGH","ERROR ECOUNTERED ON PAYMENT PROCESSING FB25ILU00109 - JAMARA - $98,700",21.6521427778644,"Within SLA"
"Fidelity Bank","KACHASI v2.x","FI/18/11/0062","HIGH","DUPLICATED INTEREST CHARGES ON FB25ILL00032 - FB25POST00071",1252.53715194447,"Breached SLA"
"Fidelity Bank","KACHASI v2.x","FI/18/11/0061","HIGH","UNABLE TO AUTHORIZE AMENDMENT ON FB25ILU00183 ON KACHSI",6.09241361101158,"Within SLA"
"Fidelity Bank","KACHASI v2.x","FI/12/11/0060","HIGH","Unable to Approve FORM M MF20250111750 MF20250117451",2069.37972583319,"Breached SLA"
"Fidelity Bank","KACHASI v2.x","FI/07/11/0059","HIGH","Double Posting",2687.11450444447,"Breached SLA"
"Fidelity Bank","KACHASI v2.x","FI/06/11/0058","MEDIUM","Error submitting Loan Liquidation",2211.91625999997,"Breached SLA"
"Fidelity Bank","KACHASI v2.x","FI/03/11/0057","CRITICAL","Duplicated Swift Message for FB251020OTP0198",354.964628333459,"Breached SLA"
"Fidelity Bank","KACHASI v2.x","FI/30/10/0056","HIGH","Unable to Generate Receipt for Excise and Import Duty",163.120693055622,"Breached SLA"
"Fidelity Bank","KACHASI v2.x","FI/24/10/0055","MEDIUM","Optimus Email Notification Email",3127.5025886111,"Breached SLA"
"Fidelity Bank","KACHASI v2.x","FI/24/10/0054","HIGH","REJECTION ALERT STOPPED",2528.07337500004,"Breached SLA"
"Fidelity Bank","KACHASI v2.x","FI/16/10/0053","MEDIUM","BID REQUEST FAILED POSTINGS NOT SENT OUT",3.86870666668983,"Within SLA"
"Fidelity Bank","KACHASI v2.x","FI/10/10/0052","HIGH","WRONG ACCOUNT QUOTED LC OPENED REPORT-FB25ILUW00041",75.4612202777644,"Breached SLA"
"Fidelity Bank","KACHASI v2.x","FI/09/10/0051","HIGH","Interest Distribution Report for Q3 2025",10.297176388849,"Within SLA"
"Fidelity Bank","KACHASI v2.x","FI/05/10/0024","CRITICAL","FORM M NOT MIGRATED ON KACHASI ON BODOGWU",62.2667055554339,"Breached SLA"
"Fidelity Bank","KACHASI v2.x","FI/03/10/0050","HIGH","FORM M NOT MIGRATED ON KACHASI ON BODOGWU",165.166150277713,"Breached SLA"
"Fidelity Bank","KACHASI v2.x","FI/03/10/0049","HIGH","MAPPING OF STANDARD CHARTERED BANK EURO AND GBP LEDGER ACCOUNTS TO KACHASI",312.421643055626,"Breached SLA"
"Fidelity Bank","KACHASI v2.x","FI/26/09/0048","HIGH","Transaction status not Update on Optimus OPILC10092500003, OPILC28072500002",3789.32513222226,"Breached SLA"
"Fidelity Bank","KACHASI v2.x","FI/22/09/0047","HIGH","SHIPPING DOCUMENT REGISTER AND MOVEMENT",716.552575833339,"Breached SLA"
"Fidelity Bank","KACHASI v2.x","FI/22/09/0046","HIGH","DEBITED ACCOUNT AFTER REJECTION FB250919OTP0162",578.451986388769,"Breached SLA"
"Fidelity Bank","KACHASI v2.x","FI/18/09/0045","HIGH","KACHASI UNABLE TO RECEIVE MT761 SWIFT MESSAGES",2.72727833327372,"Within SLA"
"Fidelity Bank","KACHASI v2.x","FI/18/09/0044","HIGH","DOM TRANSFERS REFLECTING AS BANK INDUCED TRANSACTIONS",3698.89757083333,"Breached SLA"
"Fidelity Bank","KACHASI v2.x","FI/11/09/0043","HIGH","AUTOMATED SWIFT MESSAGES ON PAYMENTS/REPLENISHMENTS MT799",167.034604166576,"Breached SLA"
"Fidelity Bank","KACHASI v2.x","FI/11/09/0042","HIGH","DUPLICATION OF INTEREST CHARGES. FB25ILU00019",150.335462499876,"Breached SLA"
"Fidelity Bank","KACHASI v2.x","FI/09/09/0041","HIGH","WRONG AMOUNT CHARGES  DERIVED FOR 0.2 CONCESSION MAINTAINED",71.010151110997,"Within SLA"
"Fidelity Bank","KACHASI v2.x","FI/28/08/0040","HIGH","Premature EOM Interest run on kachasi",3889.52759638889,"Breached SLA"
"Fidelity Bank","KACHASI v2.x","FI/27/08/0039","HIGH","Missing columns on DOM TRANSFER report",140.316738055553,"Breached SLA"
"Fidelity Bank","KACHASI v2.x","FI/26/08/0015","MEDIUM","Singlewindow Bodogwu Integration",401.632871388865,"Breached SLA"
"Fidelity Bank","KACHASI v2.x","FI/26/08/0014","MEDIUM","NCS /NCS REST INTEGRATION",25.0215991666191,"Within SLA"
"Fidelity Bank","KACHASI v2.x","FI/22/08/0038","CRITICAL","NCS /NCS REST INTEGRATION",128.886142500036,"Breached SLA"
"Fidelity Bank","KACHASI v2.x","FI/21/08/0037","CRITICAL","MODIFICATION OF SHIPPING DOCUMENT RECIEVED NOTIFICATION FOR NOT VALID FOR FOREX",2.8617236110149,"Within SLA"
"Fidelity Bank","KACHASI v2.x","FI/14/08/0036","HIGH","SUCCESSFUL TRANSACTIONS NOT SHOWING ON KACHASI REPORT SHEETS- INWARD REMITTANCE",27.8736355556175,"Within SLA"
"Fidelity Bank","KACHASI v2.x","FI/12/08/0034","CRITICAL","EMPTY REPORTS FOR BILLS OF COLLECTION REGISTER",47.5970497222734,"Breached SLA"
"Fidelity Bank","KACHASI v2.x","FI/11/08/0033","CRITICAL","Supplier Set Shipping Documents - Date Error",20.2464783332543,"Within SLA"
"Fidelity Bank","KACHASI v2.x","FI/08/08/0032","CRITICAL","KACHASI ERROR",426.085439166636,"Breached SLA"
"Fidelity Bank","KACHASI v2.x","FI/06/08/0031","CRITICAL","PENDING COLLATION ITEM",143.256218055496,"Breached SLA"
"Fidelity Bank","KACHASI v2.x","FI/04/08/0030","CRITICAL","PENDING CBN DEBIT ON CUSTOMS TRANSACTIONS",4.63104638876393,"Within SLA"
"Fidelity Bank","KACHASI v2.x","FI/31/07/0029","HIGH","Inflows above threshold going STP FB250723ITT0084 FB250723ITT0120  FB250725ITT0074",172.90312000009,"Breached SLA"
"Fidelity Bank","KACHASI v2.x","FI/30/07/0028","CRITICAL","FORM A NUMBER NOT SHOWING ON CHARGES NARRATION",318.753266944375,"Breached SLA"
"Fidelity Bank","KACHASI v2.x","FI/22/07/0027","HIGH","Unable to approve or reject inflow FB250718ITT0113",53.2593827776727,"Within SLA"
"Fidelity Bank","KACHASI v2.x","FI/22/07/0026","HIGH","Unable to perform Interest distribution",54.8427983333822,"Within SLA"
"Fidelity Bank","KACHASI v2.x","FI/17/07/0025","CRITICAL","ISSUES WITH STP TRANSACTIONS ON AUTHORIZERS QUEUE ON KACHASI",4900.78777555539,"Breached SLA"
"Fidelity Bank","KACHASI v2.x","FI/14/07/0008","HIGH","UNABLE TO VIEW BIDREQUEST IRO SYNERMED",1.07971416658256,"Within SLA"
"Fidelity Bank","KACHASI v2.x","FI/14/07/0007","MEDIUM","REPORT FOR PAPSS OUTBOUND TRANSFER",216.239462777856,"Breached SLA"
"Fidelity Bank","KACHASI v2.x","FI/07/07/0024","HIGH","FORM M OPENED ON B'ODOGWU NOT ON KACHASI",507.491259166505,"Breached SLA"
"Fidelity Bank","KACHASI v2.x","FI/30/06/0022","CRITICAL","Frequent DB lock on kachasi",4102.21443722217,"Breached SLA"
"Fidelity Bank","KACHASI v2.x","FI/30/06/0021","HIGH","Papss outward transaction charges issues",198.908169999893,"Breached SLA"
"Fidelity Bank","KACHASI v2.x","FI/27/06/0020","CRITICAL","POST POST ERROR",3.70548916660482,"Within SLA"
"Fidelity Bank","KACHASI v2.x","FI/27/06/0019","HIGH","Telex not attached to email notifications",151.092958333378,"Breached SLA"
"Fidelity Bank","KACHASI v2.x","FI/26/06/0018","CRITICAL","GUARANTEE NOT PASSING CONTINGENCY ENTRIES",3.94732555554947,"Within SLA"
"Fidelity Bank","KACHASI v2.x","FI/26/06/0017","HIGH","Pending Duty Remittance",98.3690941666136,"Breached SLA"
"Fidelity Bank","KACHASI v2.x","FI/24/06/0016","CRITICAL","UNABLE TO ACCESS OUTWARD GUARANTEE MENU ON KACHASI",20.7239616667503,"Within SLA"
"Fidelity Bank","KACHASI v2.x","FI/24/06/0015","CRITICAL","MT799 NOT GENERATING ON POST NEG LIQUIDATION",72.0868719445425,"Breached SLA"
"Fidelity Bank","KACHASI v2.x","FI/23/06/0014","HIGH","THIRD CURRENCY TRANSACTIONS DROPPING DIFFERENT AMOUNT ON LEDGER",2082.0902452778,"Breached SLA"
"Fidelity Bank","KACHASI v2.x","FI/17/06/0011","HIGH","Unable to approve PTA registration at the branch authorizer",5.0365630555898,"Within SLA"
"Fidelity Bank","KACHASI v2.x","FI/17/06/0010","CRITICAL","ALERT FOR POST NEG LOAN MATURITY NOT GOING",1249.08101138903,"Breached SLA"
"Fidelity Bank","KACHASI v2.x","FI/17/06/0009","CRITICAL","ALERTS FOR MATURITY SBLC/GUARANTEE NOT GOING",1249.15384750004,"Breached SLA"
"Fidelity Bank","KACHASI v2.x","FI/17/06/0008","CRITICAL","ALERTS FOR DEFERRED PAYMENT NOT GOING",1249.19909638882,"Breached SLA"
"Fidelity Bank","KACHASI v2.x","FI/17/06/0007","CRITICAL","ALERTS FOR BILL OF LADING EXPIRY AND BILL OF EXCHANGE MATURITY NOT GOING",1249.2648511111,"Breached SLA"
"Fidelity Bank","KACHASI v2.x","FI/17/06/0006","CRITICAL","FORM M EXPIRY DATE",1249.28051555558,"Breached SLA"
"Fidelity Bank","KACHASI v2.x","FI/16/06/0005","HIGH","INABILITY TO VIEW USD DEBIT",2.89768888894469,"Within SLA"
"Fidelity Bank","KACHASI v2.x","FI/11/06/0004","CRITICAL","ERROR PROCESSING FB REFERENCE FOR CUSTOMS DUTY  FB25061110835",3.7628416667576,"Within SLA"
"Fidelity Bank","KACHASI v2.x","FI/11/06/0003","CRITICAL","POST POST ROLLOVER PASSING WRONG ENTRIES",153.870869722276,"Breached SLA"
"Fidelity Bank","KACHASI v2.x","FI/10/06/0002","HIGH","Unable to access FB25IBC00266",29.5379449999309,"Within SLA"
"Fidelity Bank","KACHASI v2.x","FI/05/06/0003","MEDIUM","The bank received a visit from the CBN audit team last week regarding our TRMS integration, and a number of compliance-related issues were identified with the current setup.",6741.97364916676,"Breached SLA"
"Fidelity Bank","KACHASI v2.x","FI/05/06/0001","HIGH","Addition of port for customs",1.77067416667705,"Within SLA"
"Fidelity Bank","KACHASI v2.x","FI/KA/LIV/250050","CRITICAL","INCLUSION OF FIELDS TO ECD REGISTER",453.277458333469,"Breached SLA"
"Fidelity Bank","KACHASI v2.x","FI/KA/LIV/250049","CRITICAL","INCOMPLETE REPORTS",3076.00890472223,"Breached SLA"
"Fidelity Bank","KACHASI v2.x","FI/KA/LIV/250048","HIGH","APPROVAL FOR $1,951,500 LC- DUFIL PRIMA FOODS LTD",216.285660000052,"Breached SLA"
"Fidelity Bank","KACHASI v2.x","FI/KA/LIV/250047","CRITICAL","PENDING CBN DEBIT ON CUSTOMS TRANSACTIONS",353.189453611267,"Breached SLA"
"Fidelity Bank","KACHASI v2.x","FI/KA/LIV/250046","CRITICAL","LC LIMIT SETUP ERROR",0.569599444395863,"Within SLA"
"Fidelity Bank","KACHASI v2.x","FI/KA/LIV/250044","HIGH","inflows from stanchart not processed by kachasi STP",1275.9668272222,"Breached SLA"
"Fidelity Bank","KACHASI v2.x","FI/KA/LIV/250043","HIGH","REPORTS OF SHIPPING DOCUMENT REGISTER AND RELEASE",1041.84433500009,"Breached SLA"
"Fidelity Bank","KACHASI v2.x","FI/KA/LIV/250042","CRITICAL","Increase of form M value",97.1505316666444,"Breached SLA"
"Fidelity Bank","KACHASI v2.x","FI/KA/LIV/250041","HIGH","FB2504156924 this item is yet to be collated since 15th",4.98459583340446,"Within SLA"
"Fidelity Bank","KACHASI v2.x","FI/KA/LIV/250040","HIGH","Lc ref is FB24ILL00023 - DANGOTE SUGAR REFINERY.",1.99279250000836,"Within SLA"
"Fidelity Bank","KACHASI v2.x","FI/KA/LIV/250039","HIGH","INABILITY TO FUND FORM M",4.84613388899015,"Within SLA"
"Fidelity Bank","KACHASI v2.x","FI/KA/LIV/250038","HIGH","ERROR WHILE CRETAING ALOAN ACCOINT ON KACHASI",16.9505086111603,"Within SLA"
"Fidelity Bank","KACHASI v2.x","FI/KA/LIV/250037","HIGH","INABILITY TO REJECT AN INWARD REMITTANCE",26.4478894444183,"Within SLA"
"Fidelity Bank","KACHASI v2.x","FI/KA/LIV/250036","HIGH","DOUBLE POST-NEG MONTHLY CHARGES - (FB24ILL00008)",7248.93552222219,"Breached SLA"
"Fidelity Bank","KACHASI v2.x","FI/KA/LIV/250035","HIGH","INABILITY TO PULL FORM M",1.39710666658357,"Within SLA"
"Fidelity Bank","KACHASI v2.x","FI/KA/LIV/250034","HIGH","TRANSACTIONS PROCESSED ON KACHASI NOT GOING TO SWIFT",123.859254166775,"Breached SLA"
"Fidelity Bank","KACHASI v2.x","FI/KA/LIV/250033","HIGH","FORM M PROCESSING ON B'ODOGWU",20.8629277777509,"Within SLA"
"Fidelity Bank","KACHASI v2.x","FI/KA/LIV/250032","HIGH","Duplicated credit limit for customer AYM SHAFA",2402.54998416669,"Breached SLA"
"Fidelity Bank","KACHASI v2.x","FI/KA/LIV/250031","HIGH","FX Collation Error",17.4126586110215,"Within SLA"
"Fidelity Bank","KACHASI v2.x","FI/KA/LIV/250030","HIGH","MT 103 inflows not generating FB references",7.89541749993805,"Within SLA"
"Fidelity Bank","KACHASI v2.x","FI/KA/LIV/250029","CRITICAL","DUPLICATED TRANSACTION ON SWIFT FB250312OTP0069",2120.08745944442,"Breached SLA"
"Fidelity Bank","KACHASI v2.x","FI/KA/LIV/250028","HIGH","DOM Transfer transmitted and still on workflow",8424.12522333342,"Breached SLA"
"Fidelity Bank","KACHASI v2.x","FI/KA/LIV/250027","HIGH","ISSUES WITH PASSING ENTRIES FOR LOAN LIQUIDATION ON KACHASI",24.0699813888059,"Within SLA"
"Fidelity Bank","KACHASI v2.x","FI/KA/LIV/250026","HIGH","ISSUES WITH RECOVERY CHARGES ON KACHASI - Nepal Oil & gas",24.0677300000098,"Within SLA"
"Fidelity Bank","KACHASI v2.x","FI/KA/LIV/250025","HIGH","ISSUE WITH INTEREST ON POST-NEG LOAN FB24POST00136",1.70128611114342,"Within SLA"
"Fidelity Bank","KACHASI v2.x","FI/KA/LIV/250024","HIGH","Credit limit duplicated for a customer",241.684373055585,"Breached SLA"
"Fidelity Bank","KACHASI v2.x","FI/KA/LIV/250023","HIGH","FX FUNDING NOT REFLECTING ON CUSTOMER'S ACCOUNT CROWN FLOUR/",7.77512027771445,"Within SLA"
"Fidelity Bank","KACHASI v2.x","FI/KA/LIV/250022","HIGH","Unable to Submit Inflows on Kachasi",49.0291577777825,"Within SLA"
"Fidelity Bank","KACHASI v2.x","FI/KA/LIV/250021","HIGH","ISSUE WITH LOAN BOOKING ON KACHASI -  A.Y.M SHAFA - ODDO BHF",26.6474888887606,"Within SLA"
"Fidelity Bank","KACHASI v2.x","FI/KA/LIV/250020","HIGH","POST POST TRANSACTION WITHOUT DAILY ACCRUALS AND MONTHLY Dbt",25.9196074999636,"Within SLA"
"Fidelity Bank","KACHASI v2.x","FI/KA/LIV/250019","HIGH","ECD Submsion MF20240070557|HLCUTA12407BIHJ5|FB24ILU00151P-02",2.52536388882436,"Within SLA"
"Fidelity Bank","KACHASI v2.x","FI/KA/LIV/250018","HIGH","ITEMS YET T BE COLLATED",25.5723755554645,"Within SLA"
"Fidelity Bank","KACHASI v2.x","FI/KA/LIV/250017","HIGH","Rate issue on kachasi payload to finacle",5047.25806944439,"Breached SLA"
"Fidelity Bank","KACHASI v2.x","FI/KA/LIV/250016","HIGH","UNABLE TO VIEW FORM M AT POINT OF BID REQUEST",1.22349166654749,"Within SLA"
"Fidelity Bank","KACHASI v2.x","FI/KA/LIV/250015","HIGH","Unable to bid for third currency transactions",1.73478611104656,"Within SLA"
"Fidelity Bank","KACHASI v2.x","FI/KA/LIV/250014","HIGH","Pending duty Items not remitted",7.86149500007741,"Within SLA"
"Fidelity Bank","KACHASI v2.x","FI/KA/LIV/250013","CRITICAL","UTILIZATION REPORT REVIEW",4203.01199694449,"Breached SLA"
"Fidelity Bank","KACHASI v2.x","FI/KA/LIV/250012","HIGH","KACHASI 3RD CURRENCY LOAN REPORTING AS USD",48.1072636111057,"Within SLA"
"Fidelity Bank","KACHASI v2.x","FI/KA/LIV/250011","CRITICAL","Addition of FORM M column on DOM TRANSFER report",330.153046388878,"Breached SLA"
"Fidelity Bank","KACHASI v2.x","FI/KA/LIV/250010","CRITICAL","Multiple credits for inflow FB250129ITT0023",955.352653055568,"Breached SLA"
"Fidelity Bank","KACHASI v2.x","FI/KA/LIV/250008","HIGH","UNABLE TO SUBMIT AMMENDMENT-FB25ILLW000014-NEPAL ENERGIES LT",22.7931841666577,"Within SLA"
"Fidelity Bank","KACHASI v2.x","FI/KA/LIV/250007","CRITICAL","WRONG NARRATION FOR LOAN LIQUIDATION",18.3995049999794,"Within SLA"
"Fidelity Bank","KACHASI v2.x","FI/KA/LIV/250006","CRITICAL","WRONG STATUS REPORT ON INTEREST COLLECTION REPORT",312.814388055587,"Breached SLA"
"Fidelity Bank","KACHASI v2.x","FI/KA/LIV/250005","CRITICAL","INCOMPLETE REPORT FOR NXP OPENED AND REPATRIATION",2833.29910638893,"Breached SLA"
"Fidelity Bank","KACHASI v2.x","FI/KA/LIV/250004","CRITICAL","PARTIAL DISBURSEMENT ON FORM A NOT WORKING IN KACHASI",5888.25111055555,"Breached SLA"
"Fidelity Bank","KACHASI v2.x","FI/KA/LIV/250003","HIGH","DUPLICATED TRANSACTION ON SWIFT (FB250108OTP0156)",3649.01424611115,"Breached SLA"
"Fidelity Bank","KACHASI v2.x","FI/KA/LIV/250002","CRITICAL","DOUBLE CREDIT TO CUSTOMERS ACCOUNTS BY KACHASI",1485.32358833333,"Breached SLA"
"Fidelity Bank","KACHASI v2.x","FI/KA/LIV/250001","CRITICAL","AUTHORISED TIME FOR DOM TRAN FRM BRANCHES DO NOT SHOW& FRONT",1201.56731666654,"Breached SLA"
"Wema Bank","TENTACLES","WB/15/12/0058","HIGH","Email Notification",72.325262499915,"Breached SLA"
"Wema Bank","KACHASI v2.x","WB/10/12/0057","HIGH","Unable to submit Draft",27.595461666584,"Within SLA"
"Wema Bank","KACHASI v2.x","WB/03/12/0056","MEDIUM","CASH BACK SETUP FOR ZENITH BANK",50.4513102777419,"Within SLA"
"Wema Bank","KACHASI v2.x","WB/03/12/0055","MEDIUM","REQUEST FOR SUPPORT - NOFICATIONS NOT WORKING FOR MILESTONES SET",3049.55033611116,"Breached SLA"
"Wema Bank","KACHASI v2.x","WB/03/12/0054","MEDIUM","REQUEST FOR SUPPORT - FORM M NOT PUPULATING FOR LC",25.7030988889164,"Within SLA"
"Wema Bank","KACHASI v2.x","WB/02/12/0053","HIGH","SCREATION OF ZENITH BANK EURO CLEANLINE UTILIZATION",22.9847469444503,"Within SLA"
"Wema Bank","KACHASI v2.x","WB/28/11/0052","MEDIUM","SUPPORT REQUEST-LC ERROR",70.4091080555809,"Within SLA"
"Wema Bank","KACHASI v2.x","WB/27/11/0051","MEDIUM","request for support- add account for new swift code",98.4908075000276,"Within SLA"
"Wema Bank","KACHASI v2.x","WB/26/11/0050","HIGH","ALAT FOR BUSINESS TRANSACTIONS NOT FLOWING INTO KACHASI",120.720911111101,"Breached SLA"
"Wema Bank","KACHASI v2.x","WB/25/11/0049","HIGH","REQUEST FOR SUPPORT - UNABLE TO CHARGE O FORM M",5.11624555557501,"Within SLA"
"Wema Bank","KACHASI v2.x","WB/24/11/0048","HIGH","Active mq failed to start up",47.6742777776672,"Within SLA"
"Wema Bank","TENTACLES","WB/20/11/0047","HIGH","REQUEST FOR SUPPORT - UNABLE TO PULL IN FORM Ms",123.479789166595,"Breached SLA"
"Wema Bank","KACHASI v2.x","WB/20/11/0046","MEDIUM","REQUEST FOR SUPPORT - CREATION OF ZENITH BANK UK USD CLEANLINE UTILIZATION",123.497359722212,"Breached SLA"
"Wema Bank","KACHASI v2.x","WB/14/11/0045","HIGH","creation of Account",268.754303055641,"Breached SLA"
"Wema Bank","KACHASI v2.x","WB/13/11/0044","MEDIUM","CUSTOMER ACCOUNT STATUS CLOSED",122.451445277897,"Breached SLA"
"Wema Bank","KACHASI v2.x","WB/13/11/0043","HIGH","REQUEST FOR SUP[PRT - LC PROCESSING CHALLNEGE",2.51918638881762,"Within SLA"
"Wema Bank","KACHASI v2.x","WB/13/11/0042","MEDIUM","LC PROCESSING ISSUE",0.750938055629376,"Within SLA"
"Wema Bank","TENTACLES","WB/09/11/0041","MEDIUM","REQUEST FPR SUPPORT - PULL IN FORM Ms PRE- BODOGWU INTERGRATION",377.879531110986,"Breached SLA"
"Wema Bank","KACHASI v2.x","WB/31/10/0040","HIGH","UNABLE TO PULL / REJECT NCX",100.893436388928,"Breached SLA"
"Wema Bank","KACHASI v2.x","WB/31/10/0039","MEDIUM","UNABLE TO PROCESS FORM MS",101.796410555486,"Within SLA"
"Wema Bank","KACHASI v2.x","WB/29/10/0038","HIGH","REQUEST FOR SUPPORT - LOBS FILE SHRINK",41.6801350000896,"Within SLA"
"Wema Bank","KACHASI v2.x","WB/24/10/0037","MEDIUM","UNABLE TO REJECT NCX AND NXP",2.10945583332796,"Within SLA"
"Wema Bank","KACHASI v2.x","WB/23/10/0036","MEDIUM","REQUEST FRO SUPPORT - CHARGES NOT TAKE ON FORM M",1.4573280554032,"Within SLA"
"Wema Bank","KACHASI v2.x","WB/14/10/0035","MEDIUM","REQUEST FOR SUPPORT - POSTING FOR JP MORGAN",3000.29217361123,"Breached SLA"
"Wema Bank","KACHASI v2.x","WB/07/10/0034","HIGH","Report for Transactions flowing from Alat for business",497.807131388923,"Breached SLA"
"Wema Bank","KACHASI v2.x","WB/30/09/0022","HIGH","Trade Help Desk role on Kachasi",45.2098233332508,"Within SLA"
"Wema Bank","KACHASI v2.x","WB/30/09/0033","HIGH","OTP Page is not coming up",0.400023055553902,"Within SLA"
"Wema Bank","KACHASI v2.x","WB/15/09/0032","HIGH","Multiple debits on Swift outgoing and multipl debits for incoming swift",1601.87765222217,"Breached SLA"
"Wema Bank","KACHASI v2.x","WB/12/09/0031","MEDIUM","INABILITY TO REJECT NXP",2.90534361120081,"Within SLA"
"Wema Bank","KACHASI v2.x","WB/08/09/0030","HIGH","SWIFT INFLOW NOT GENERATING ICP NUMBER 8224500246JO",70.993101944332,"Within SLA"
"Wema Bank","KACHASI v2.x","WB/08/09/0029","MEDIUM","ERROR APPROVING NXP",4.61953638884006,"Within SLA"
"Wema Bank","KACHASI v2.x","WB/28/08/0028","MEDIUM","BSUNESS SUPPORT REQUIRED- RELATED FORM M",2.10813583340496,"Within SLA"
"Wema Bank","KACHASI v2.x","WB/27/08/0027","HIGH","Bills Of Collection",22.9319366666023,"Within SLA"
"Wema Bank","KACHASI v2.x","WB/15/08/0026","HIGH","OCP TRANSACTIONS NOT REFLECTING ON KACHASI",143.600772222213,"Breached SLA"
"Wema Bank","KACHASI v2.x","WB/13/08/0025","HIGH","MX CONVERSION",2394.60982611106,"Breached SLA"
"Wema Bank","KACHASI v2.x","WB/13/08/0024","MEDIUM","CHANGE OF NARRATION FOR AMENDMENTS INVOLVING LC",26.7767538889311,"Within SLA"
"Wema Bank","KACHASI v2.x","WB/01/08/0022","HIGH","Post Neg Counterparty Account",1.18956749991048,"Within SLA"
"Wema Bank","TENTACLES","WB/30/07/0021","HIGH","REQUEST FOR SUPPORT - NXPs NOT FETCHING",146.810607500025,"Breached SLA"
"Wema Bank","KACHASI v2.x","WB/29/07/0020","MEDIUM","REQUEST FOR SUPPORT - PROCESSING DEPLOYED 202COV",70.1698183332919,"Within SLA"
"Wema Bank","KACHASI v2.x","WB/29/07/0019","HIGH","Currency not reflecting to initiate a swift message",4.86147250008071,"Within SLA"
"Wema Bank","TENTACLES","WB/18/07/0017","MEDIUM","UNABLE TO FETCH NXP ON KACHASI - XF2025156824 XF2025156830 XF2025156836",51.1370533332811,"Within SLA"
"Wema Bank","KACHASI v2.x","WB/18/07/0015","HIGH","Unable to attach documents on Kachasi UAT",146.594524722314,"Breached SLA"
"Wema Bank","KACHASI v2.x","WB/17/07/0014","MEDIUM","REJECTED TRANSACTION STILL ON KACHASI",0.188244722143281,"Within SLA"
"Wema Bank","KACHASI v2.x","WB/17/07/0013","MEDIUM","UNABLE TO FETCH NXP ON KACHASI - XF2025156733",0.32221777777886,"Within SLA"
"Wema Bank","KACHASI v2.x","WB/14/07/0012","HIGH","NXP ref now reflecting on Kachasi(XG202500035143183)",165.365730277786,"Breached SLA"
"Wema Bank","KACHASI v2.x","WB/14/07/0011","MEDIUM","REQUEST FOR SUPPORT - POST NEG ISSUE",6.42879194451962,"Within SLA"
"Wema Bank","KACHASI v2.x","WB/10/07/0010","MEDIUM","Unable to debit customer on Kachasi",28.2381719444529,"Within SLA"
"Wema Bank","KACHASI v2.x","WB/07/07/0009","MEDIUM","REQUEST FOR SUPPORT - MODIFICATION OF COMMISSION AND VAT ENTERIES FROM BRANCH TRANSIT TO BRANCH INCOME",47.2575983331772,"Within SLA"
"Wema Bank","KACHASI v2.x","WB/07/07/0008","MEDIUM","REQUEST FOR DEPLOYMENT",95.2417388887843,"Within SLA"
"Wema Bank","KACHASI v2.x","WB/03/07/0007","MEDIUM","TEST WEB PLATFORM NOT UP",2.01978416671045,"Within SLA"
"Wema Bank","KACHASI v2.x","WB/26/06/0006","MEDIUM","ERROR APPROVING SWIFT INFLOW",118.495431111194,"Within SLA"
"Wema Bank","KACHASI v2.x","WB/19/06/0005","HIGH","TRANASCTIONS ON QUEUE NOT POPULATING POSTING ENTRIES",24.0530347221647,"Within SLA"
"Wema Bank","KACHASI v2.x","WB/16/06/0004","HIGH","ONBOARDING OF NEW CORRESPONDENT BANK ON KACHASI",50.2970616667299,"Within SLA"
"Wema Bank","KACHASI v2.x","WB/13/06/0003","MEDIUM","MISSING ITEMS ON WORKFLOW",1.30845416674856,"Within SLA"
"Wema Bank","KACHASI v2.x","WB/10/06/0005","HIGH","LC CHARGE UPDATE",5.51421750005102,"Within SLA"
"Wema Bank","KACHASI v2.x","WB/05/06/0002","MEDIUM","FIXED TO BE MADE ON NXP",4051.53068083338,"Breached SLA"
"Wema Bank","KACHASI v2.x","WB/05/06/0001","HIGH","INFLOW REPORTS NOT UPTO DATE",1.74563527770806,"Within SLA"
"Wema Bank","KACHASI v2.x","WB/KA/LIV/250053","HIGH","Unable to submit LC Transaction (DRAFT01262)",1.35658611101098,"Within SLA"
"Wema Bank","KACHASI v2.x","WB/KA/LIV/250052","HIGH","NXP APPROVED BUT SHOWING INACTIVE ON INSTRUMENT",45.2797563888598,"Within SLA"
"Wema Bank","KACHASI v2.x","WB/KA/LIV/250051","CRITICAL","FORM M NOT ON KACHASI AT THE POINT OF LOGING DRAFT FOR LC",22.9325641666073,"Within SLA"
"Wema Bank","KACHASI v2.x","WB/KA/LIV/250050","MEDIUM","LC Expiry Notifications",333.413777499867,"Breached SLA"
"Wema Bank","KACHASI v2.x","WB/KA/LIV/250049","MEDIUM","FORM M WITH UNCLEAR STATUS",6.29956583323656,"Within SLA"
"Wema Bank","KACHASI v2.x","WB/KA/LIV/250048","HIGH","ACTIVATION OF SWIFT MX MESSAGES ON KACHASI",337.680867222254,"Breached SLA"
"Wema Bank","KACHASI v2.x","WB/KA/LIV/250047","HIGH","NXP CHARGE NOT DEBITED FOR XG202500035138291",64.8054491665098,"Within SLA"
"Wema Bank","KACHASI v2.x","WB/KA/LIV/250046","MEDIUM","customer credit limit",5.11634555569617,"Within SLA"
"Wema Bank","KACHASI v2.x","WB/KA/LIV/250044","MEDIUM","Transaction not reflecting on reviewer's queue",21.0282313889475,"Within SLA"
"Wema Bank","KACHASI v2.x","WB/KA/LIV/250043","MEDIUM","NO CHARGES TAKEN FOR FORM Ms",53.9569786112406,"Within SLA"
"Wema Bank","KACHASI v2.x","WB/KA/LIV/250042","CRITICAL","UNABLE TO PULL FORM-M INTO KACHASI MF20250031740",6.31716916663572,"Within SLA"
"Wema Bank","KACHASI v2.x","WB/KA/LIV/250041","MEDIUM","INVALID CHARACTER POSITION",2.81203194439877,"Within SLA"
"Wema Bank","KACHASI v2.x","WB/KA/LIV/250040","CRITICAL","FORM MS NOT DEBITED ON KACHASI AND IT IS ACTIVE",3.40810944442637,"Within SLA"
"Wema Bank","KACHASI v2.x","WB/KA/LIV/250039","CRITICAL","FORM M SHOWNG INACTIVE ON INSTRUMENT ON KACHASI",20.7361599999131,"Within SLA"
"Wema Bank","KACHASI v2.x","WB/KA/LIV/250038","CRITICAL","NXP REJECTED ON KACHASI",5.93549833347788,"Within SLA"
"Wema Bank","KACHASI v2.x","WB/KA/LIV/250037","CRITICAL","NXP WHEN REJECTED ON KACHASI WILL ONLY IMPACT ON TRMS",5.97518472222146,"Within SLA"
"Wema Bank","KACHASI v2.x","WB/KA/LIV/250036","CRITICAL","ADD CURRENCY AED  TO KACHASI TO ENABLE US PULL MF20250028800",1.79321583348792,"Within SLA"
"Wema Bank","KACHASI v2.x","WB/KA/LIV/250034","CRITICAL","UNABLE TO REJECT NXP TRANSACTION",120.11269666662,"Breached SLA"
"Wema Bank","KACHASI v2.x","WB/KA/LIV/250033","MEDIUM","LC Establishments Draft Number Not Changing to LC Ref at F47",219.105493333249,"Breached SLA"
"Wema Bank","KACHASI v2.x","WB/KA/LIV/250031","CRITICAL","UPDATED FORM M REGISTER ON KACHASI",97.9682169443113,"Breached SLA"
"Wema Bank","KACHASI v2.x","WB/KA/LIV/250030","CRITICAL","ENDORSEMENT AND RELEASE OF SHIPPING DOCUMENTS IFO......",22.5236366667668,"Within SLA"
"Wema Bank","KACHASI v2.x","WB/KA/LIV/250029","HIGH","UNABLE TO PULL FORM-M INTO KACHASI",23.8292941666441,"Within SLA"
"Wema Bank","KACHASI v2.x","WB/KA/LIV/250028","HIGH","VISIBLE TRANSFER OPTION NOT WORKING - OUTWARD FX",1.70765472220955,"Within SLA"
"Wema Bank","KACHASI v2.x","WB/KA/LIV/250027","HIGH","Mapping of columns to account numbers for Kachasi report",3.69068888900802,"Within SLA"
"Wema Bank","KACHASI v2.x","WB/KA/LIV/250026","HIGH","Email Notification on Due BC, Expired BL, Expired Form M",2379.97930611111,"Breached SLA"
"Wema Bank","KACHASI v2.x","WB/KA/LIV/250025","CRITICAL","Implementation of New USD Offshore Charges on Kachasi",53.4607883332064,"Breached SLA"
"Wema Bank","KACHASI v2.x","WB/KA/LIV/250024","HIGH","Unable to approve nxp",0.373175277665723,"Within SLA"
"Wema Bank","TENTACLES","WB/TE/LIV/250001","HIGH","Tentacles Downtime",0.616262499941513,"Within SLA"
"Wema Bank","KACHASI v2.x","WB/KA/LIV/250023","CRITICAL","AUTOMATION OF NXP REPORTING TEMPLATE AND CERTIFICATION",2707.20945138886,"Breached SLA"
"Wema Bank","KACHASI v2.x","WB/KA/LIV/250022","HIGH","CNY ERROR ON KACHASI",1.08449666661909,"Within SLA"
"Wema Bank","KACHASI v2.x","WB/KA/LIV/250021","HIGH","Forms M not reflecting after been pulled in Manually.",1.11153333331458,"Within SLA"
"Wema Bank","KACHASI v2.x","WB/KA/LIV/250020","HIGH","Unable to initiate LC transaction",1.52688250009669,"Within SLA"
"Wema Bank","KACHASI v2.x","WB/KA/LIV/250018","HIGH","INTEREST PAYMENT NOT SHOWING ON SUMMARY PAGE",3.7537780557177,"Within SLA"
"Wema Bank","KACHASI v2.x","WB/KA/LIV/250017","CRITICAL","CERTIFICATION OF NXP ON KACHASI",142.505886388826,"Breached SLA"
"Wema Bank","KACHASI v2.x","WB/KA/LIV/250016","CRITICAL","RE: BLANK FORM-M ON KACHASI WORKFLOW FOR MF20250006044",22.8140583332861,"Within SLA"
"Wema Bank","KACHASI v2.x","WB/KA/LIV/250015","CRITICAL","UNABLE TO PULL FORM-M INTO KACHASI",22.6031236110139,"Within SLA"
"Wema Bank","KACHASI v2.x","WB/KA/LIV/250013","HIGH","Transaction not reflecting",16.5624825000996,"Within SLA"
"Wema Bank","KACHASI v2.x","WB/KA/LIV/250011","CRITICAL","BLANK FORM-M ON KACHASI WORKFLOW FOR MF20250006044",96.753395277774,"Breached SLA"
"Wema Bank","KACHASI v2.x","WB/KA/LIV/250008","HIGH","Unable to fetch NXPs",2.19392444455298,"Within SLA"
"Coronation Merchant Bank","KACHASI v1.x","CM/26/11/0032","HIGH","MULTIPLE DEBITS ON NXP CHARGE",215.25131166674,"Breached SLA"
"Coronation Merchant Bank","KACHASI v1.x","CM/24/11/0031","HIGH","UNABLE TO COLLECT CHARGE ON FORM M",4.37015666667139,"Within SLA"
"Coronation Merchant Bank","KACHASI v1.x","CM/24/11/0030","HIGH","UNABLE TO ISSUE LC",21.1130205554073,"Within SLA"
"Coronation Merchant Bank","KACHASI v1.x","CM/31/10/0029","CRITICAL","UNABLE TO LOGIN TO KACHASI",1.51161777775269,"Within SLA"
"Coronation Merchant Bank","KACHASI v1.x","CM/28/10/0028","HIGH","INTEREST STILL ACCRUING ON LIQUIDATED LOAN",190.737363055581,"Breached SLA"
"Coronation Merchant Bank","KACHASI v1.x","CM/08/10/0027","HIGH","Report - Expired Letters of Credits",136.012061111222,"Breached SLA"
"Coronation Merchant Bank","KACHASI v1.x","CM/30/09/0026","HIGH","OUTGOING MESSAGES",1.78691916674143,"Within SLA"
"Coronation Merchant Bank","KACHASI v1.x","CM/26/09/0025","CRITICAL","INTEREST STOPPED ACCRUING",148.436646111135,"Breached SLA"
"Coronation Merchant Bank","KACHASI v1.x","CM/25/09/0024","HIGH","UNABLE TO LODGE DOCUMENT",282.958421111223,"Breached SLA"
"Coronation Merchant Bank","KACHASI v1.x","CM/16/09/0023","HIGH","DUTY P;AYMENT ERROR",46.2336277778959,"Within SLA"
"Coronation Merchant Bank","KACHASI v1.x","CM/11/09/0022","MEDIUM","SWIFT DETAILS",361.466594444413,"Breached SLA"
"Coronation Merchant Bank","KACHASI v1.x","CM/09/09/0021","MEDIUM","INTEREST STOPPED ACCRUING ON KACHASI",43.5334736110526,"Within SLA"
"Coronation Merchant Bank","KACHASI v1.x","CM/26/08/0020","HIGH","INCORRECT LOAN STATUS",17.9191205556854,"Within SLA"
"Coronation Merchant Bank","KACHASI v1.x","CM/26/08/0019","HIGH","UNABLE TO EXTEND LOAN",176.58441444434,"Breached SLA"
"Coronation Merchant Bank","KACHASI v1.x","CM/26/08/0018","HIGH","MULTIPLE INTEREST ACCRUAL",24.9595586110954,"Within SLA"
"Coronation Merchant Bank","KACHASI v1.x","CM/12/08/0017","HIGH","UNABLE TO START UP NCS-REST",0.758095000055619,"Within SLA"
"Coronation Merchant Bank","KACHASI v1.x","CM/07/08/0016","HIGH","UNABLE TO ACCESS FORM A MODULE",26.5095538889291,"Within SLA"
"Coronation Merchant Bank","KACHASI v1.x","CM/05/08/0015","MEDIUM","ISSUE ON LC",17.4355680556619,"Within SLA"
"Coronation Merchant Bank","KACHASI v1.x","CM/04/08/0014","MEDIUM","INTEREST STOPS ACCRUING ON KACHASI",23.2672455555294,"Within SLA"
"Coronation Merchant Bank","KACHASI v1.x","CM/29/07/0013","HIGH","UNABLE TO LODGE DOCUMENT",56.345322222216,"Within SLA"
"Coronation Merchant Bank","KACHASI v1.x","CM/23/07/0012","HIGH","INTEREST ACCRUNING WRONGLY",191.087155277899,"Breached SLA"
"Coronation Merchant Bank","KACHASI v1.x","CM/22/07/0011","CRITICAL","UNABLE TO DEBIT CUSTOMER ACCOUNT",1.05235833325423,"Within SLA"
"Coronation Merchant Bank","KACHASI v1.x","CM/22/07/0010","HIGH","LC PROCESSING",1.65376916667446,"Within SLA"
"Coronation Merchant Bank","KACHASI v1.x","CM/16/07/0009","MEDIUM","INTEREST STILL ACCRUING ON THE OLD INTEREST RATE",218.500110277673,"Breached SLA"
"Coronation Merchant Bank","KACHASI v1.x","CM/09/07/0008","MEDIUM","UNABLE TO FETCH ASSESSMENT DETAILS FROM NCS-REST",18.5104474999825,"Within SLA"
"Coronation Merchant Bank","KACHASI v1.x","CM/07/07/0007","MEDIUM","LOAN EXTENSION ISSUES",549.816955277638,"Breached SLA"
"Coronation Merchant Bank","KACHASI v1.x","CM/25/06/0006","MEDIUM","INCOMPLETE VALUES ON FORM M CREATION",197.91586333327,"Breached SLA"
"Coronation Merchant Bank","KACHASI v1.x","CM/24/06/0005","HIGH","Urgent: Continuous Transaction Posting to Finacle Core Application",164.965313055553,"Breached SLA"
"Coronation Merchant Bank","KACHASI v1.x","CM/24/06/0004","MEDIUM","UNABLE TREAT DUTY ON KACHASI",23.6758144445485,"Within SLA"
"Coronation Merchant Bank","KACHASI v1.x","CM/23/06/0003","MEDIUM","UNABLE TO SUBMIT SUCCESSFULLY",261.512227222323,"Breached SLA"
"Coronation Merchant Bank","KACHASI v1.x","CM/16/06/0002","HIGH","UPDATE BODOGWU INTEGRATION",2262.53533722233,"Breached SLA"
"Coronation Merchant Bank","KACHASI v1.x","CM/04/06/0001","MEDIUM","UNABLE TO LODGE DOCUMENT ON KACHASI",365.067184444517,"Breached SLA"
"Coronation Merchant Bank","KACHASI v1.x","CM/TR/LIV/250024","HIGH","DELAYED FORM M DEBIT",827.416452222154,"Breached SLA"
"Coronation Merchant Bank","KACHASI v1.x","CM/TR/LIV/250023","CRITICAL","MANUAL CREATION OF FORM  M",49.8107358333073,"Breached SLA"
"Coronation Merchant Bank","KACHASI v1.x","CM/TR/LIV/250022","HIGH","UNABLE TO IMPORT NXP",3.12934361107182,"Within SLA"
"Coronation Merchant Bank","KACHASI v1.x","CM/TR/LIV/250021","MEDIUM","UNABLE TO GENERATE RECEIPT ON  KACHASI",6.65670027775923,"Within SLA"
"Coronation Merchant Bank","KACHASI v1.x","CM/TR/LIV/250019","MEDIUM","DUTY NOT IMPACTING THE RESPECTIVE GLs",125.782073333336,"Breached SLA"
"Coronation Merchant Bank","KACHASI v1.x","CM/TR/LIV/250018","HIGH","UNABLE TO GENERATE RECEIPT",4.30084805551451,"Within SLA"
"Coronation Merchant Bank","KACHASI v1.x","CM/TR/LIV/250017","HIGH","SWIFT MESSAGES NOT DROPPING",5.28848222218221,"Within SLA"
"Coronation Merchant Bank","KACHASI v1.x","CM/TR/LIV/250016","MEDIUM","CEDAR SWIFT DATE UPDATE",21.0051033332711,"Within SLA"
"Coronation Merchant Bank","KACHASI v1.x","CM/TR/LIV/250015","MEDIUM","UNABLE TO PRINT RECEIPT",2.54418333334615,"Within SLA"
"Coronation Merchant Bank","KACHASI v1.x","CM/TR/LIV/250014","MEDIUM","UNABLE TO AMEND AMOUNT",101.154903611052,"Within SLA"
"Coronation Merchant Bank","KACHASI v1.x","CM/TR/LIV/250012","MEDIUM","IMPORT DUTY",6.31601000006776,"Within SLA"
"Coronation Merchant Bank","KACHASI v1.x","CM/TR/LIV/250011","MEDIUM","ISSUE ON REFINANCING",20.0641422222834,"Within SLA"
"Coronation Merchant Bank","KACHASI v1.x","CM/TR/LIV/250010","MEDIUM","USER ADMIN LIST",0.196596111170948,"Within SLA"
"Coronation Merchant Bank","KACHASI v1.x","CM/TR/LIV/250009","MEDIUM","INCONSISTENT DATA",68.5266938888817,"Within SLA"
"Coronation Merchant Bank","KACHASI v1.x","CM/TR/LIV/250008","MEDIUM","DUTY PAYMENT INSTRUCTION LETTER",5.6601944444119,"Within SLA"
"Coronation Merchant Bank","KACHASI v1.x","CM/TR/LIV/250007","MEDIUM","FAILURE IN LIQUIDATION",21.6037858332857,"Within SLA"
"Coronation Merchant Bank","KACHASI v1.x","CM/TR/LIV/250004","MEDIUM","INTEREST ACCRUING ON TWO DIFFERENT INTEREST RATES",456.162733888894,"Breached SLA"
"Coronation Merchant Bank","KACHASI v1.x","CM/TR/LIV/250003","MEDIUM","IMPORT LC EXPIRY",45.9678963889601,"Within SLA"
"Coronation Merchant Bank","KACHASI v1.x","CM/TR/LIV/250002","HIGH","INTEREST ACCRUING ON DIFFERENT RATES",173.205461666628,"Breached SLA"
"Coronation Merchant Bank","KACHASI v1.x","CM/TR/LIV/250001","HIGH","MATURED LOAN STILL SHOWING ACCRUING AS STATUS",48.9748552777455,"Within SLA"
"Coronation Merchant Bank","KACHASI v1.x","CM/26/11/0032","HIGH","MULTIPLE DEBITS ON NXP CHARGE",215.25131166674,"Breached SLA"
"Coronation Merchant Bank","KACHASI v1.x","CM/24/11/0031","HIGH","UNABLE TO COLLECT CHARGE ON FORM M",4.37015666667139,"Within SLA"
"Coronation Merchant Bank","KACHASI v1.x","CM/24/11/0030","HIGH","UNABLE TO ISSUE LC",21.1130205554073,"Within SLA"
"Coronation Merchant Bank","KACHASI v1.x","CM/31/10/0029","CRITICAL","UNABLE TO LOGIN TO KACHASI",1.51161777775269,"Within SLA"
"Coronation Merchant Bank","KACHASI v1.x","CM/28/10/0028","HIGH","INTEREST STILL ACCRUING ON LIQUIDATED LOAN",190.737363055581,"Breached SLA"
"Coronation Merchant Bank","KACHASI v1.x","CM/08/10/0027","HIGH","Report - Expired Letters of Credits",136.012061111222,"Breached SLA"
"Coronation Merchant Bank","KACHASI v1.x","CM/30/09/0026","HIGH","OUTGOING MESSAGES",1.78691916674143,"Within SLA"
"Coronation Merchant Bank","KACHASI v1.x","CM/26/09/0025","CRITICAL","INTEREST STOPPED ACCRUING",148.436646111135,"Breached SLA"
"Coronation Merchant Bank","KACHASI v1.x","CM/25/09/0024","HIGH","UNABLE TO LODGE DOCUMENT",282.958421111223,"Breached SLA"
"Coronation Merchant Bank","KACHASI v1.x","CM/16/09/0023","HIGH","DUTY P;AYMENT ERROR",46.2336277778959,"Within SLA"
"Coronation Merchant Bank","KACHASI v1.x","CM/11/09/0022","MEDIUM","SWIFT DETAILS",361.466594444413,"Breached SLA"
"Coronation Merchant Bank","KACHASI v1.x","CM/09/09/0021","MEDIUM","INTEREST STOPPED ACCRUING ON KACHASI",43.5334736110526,"Within SLA"
"Coronation Merchant Bank","KACHASI v1.x","CM/26/08/0020","HIGH","INCORRECT LOAN STATUS",17.9191205556854,"Within SLA"
"Coronation Merchant Bank","KACHASI v1.x","CM/26/08/0019","HIGH","UNABLE TO EXTEND LOAN",176.58441444434,"Breached SLA"
"Coronation Merchant Bank","KACHASI v1.x","CM/26/08/0018","HIGH","MULTIPLE INTEREST ACCRUAL",24.9595586110954,"Within SLA"
"Coronation Merchant Bank","KACHASI v1.x","CM/12/08/0017","HIGH","UNABLE TO START UP NCS-REST",0.758095000055619,"Within SLA"
"Coronation Merchant Bank","KACHASI v1.x","CM/07/08/0016","HIGH","UNABLE TO ACCESS FORM A MODULE",26.5095538889291,"Within SLA"
"Coronation Merchant Bank","KACHASI v1.x","CM/05/08/0015","MEDIUM","ISSUE ON LC",17.4355680556619,"Within SLA"
"Coronation Merchant Bank","KACHASI v1.x","CM/04/08/0014","MEDIUM","INTEREST STOPS ACCRUING ON KACHASI",23.2672455555294,"Within SLA"
"Coronation Merchant Bank","KACHASI v1.x","CM/29/07/0013","HIGH","UNABLE TO LODGE DOCUMENT",56.345322222216,"Within SLA"
"Coronation Merchant Bank","KACHASI v1.x","CM/23/07/0012","HIGH","INTEREST ACCRUNING WRONGLY",191.087155277899,"Breached SLA"
"Coronation Merchant Bank","KACHASI v1.x","CM/22/07/0011","CRITICAL","UNABLE TO DEBIT CUSTOMER ACCOUNT",1.05235833325423,"Within SLA"
"Coronation Merchant Bank","KACHASI v1.x","CM/22/07/0010","HIGH","LC PROCESSING",1.65376916667446,"Within SLA"
"Coronation Merchant Bank","KACHASI v1.x","CM/16/07/0009","MEDIUM","INTEREST STILL ACCRUING ON THE OLD INTEREST RATE",218.500110277673,"Breached SLA"
"Coronation Merchant Bank","KACHASI v1.x","CM/09/07/0008","MEDIUM","UNABLE TO FETCH ASSESSMENT DETAILS FROM NCS-REST",18.5104474999825,"Within SLA"
"Coronation Merchant Bank","KACHASI v1.x","CM/07/07/0007","MEDIUM","LOAN EXTENSION ISSUES",549.816955277638,"Breached SLA"
"Coronation Merchant Bank","KACHASI v1.x","CM/25/06/0006","MEDIUM","INCOMPLETE VALUES ON FORM M CREATION",197.91586333327,"Breached SLA"
"Coronation Merchant Bank","KACHASI v1.x","CM/24/06/0005","HIGH","Urgent: Continuous Transaction Posting to Finacle Core Application",164.965313055553,"Breached SLA"
"Coronation Merchant Bank","KACHASI v1.x","CM/24/06/0004","MEDIUM","UNABLE TREAT DUTY ON KACHASI",23.6758144445485,"Within SLA"
"Coronation Merchant Bank","KACHASI v1.x","CM/23/06/0003","MEDIUM","UNABLE TO SUBMIT SUCCESSFULLY",261.512227222323,"Breached SLA"
"Coronation Merchant Bank","KACHASI v1.x","CM/16/06/0002","HIGH","UPDATE BODOGWU INTEGRATION",2262.53533722233,"Breached SLA"
"Coronation Merchant Bank","KACHASI v1.x","CM/04/06/0001","MEDIUM","UNABLE TO LODGE DOCUMENT ON KACHASI",365.067184444517,"Breached SLA"
"Coronation Merchant Bank","KACHASI v1.x","CM/TR/LIV/250024","HIGH","DELAYED FORM M DEBIT",827.416452222154,"Breached SLA"
"Coronation Merchant Bank","KACHASI v1.x","CM/TR/LIV/250023","CRITICAL","MANUAL CREATION OF FORM  M",49.8107358333073,"Breached SLA"
"Coronation Merchant Bank","KACHASI v1.x","CM/TR/LIV/250022","HIGH","UNABLE TO IMPORT NXP",3.12934361107182,"Within SLA"
"Coronation Merchant Bank","KACHASI v1.x","CM/TR/LIV/250021","MEDIUM","UNABLE TO GENERATE RECEIPT ON  KACHASI",6.65670027775923,"Within SLA"
"Coronation Merchant Bank","KACHASI v1.x","CM/TR/LIV/250019","MEDIUM","DUTY NOT IMPACTING THE RESPECTIVE GLs",125.782073333336,"Breached SLA"
"Coronation Merchant Bank","KACHASI v1.x","CM/TR/LIV/250018","HIGH","UNABLE TO GENERATE RECEIPT",4.30084805551451,"Within SLA"
"Coronation Merchant Bank","KACHASI v1.x","CM/TR/LIV/250017","HIGH","SWIFT MESSAGES NOT DROPPING",5.28848222218221,"Within SLA"
"Coronation Merchant Bank","KACHASI v1.x","CM/TR/LIV/250016","MEDIUM","CEDAR SWIFT DATE UPDATE",21.0051033332711,"Within SLA"
"Coronation Merchant Bank","KACHASI v1.x","CM/TR/LIV/250015","MEDIUM","UNABLE TO PRINT RECEIPT",2.54418333334615,"Within SLA"
"Coronation Merchant Bank","KACHASI v1.x","CM/TR/LIV/250014","MEDIUM","UNABLE TO AMEND AMOUNT",101.154903611052,"Within SLA"
"Coronation Merchant Bank","KACHASI v1.x","CM/TR/LIV/250012","MEDIUM","IMPORT DUTY",6.31601000006776,"Within SLA"
"Coronation Merchant Bank","KACHASI v1.x","CM/TR/LIV/250011","MEDIUM","ISSUE ON REFINANCING",20.0641422222834,"Within SLA"
"Coronation Merchant Bank","KACHASI v1.x","CM/TR/LIV/250010","MEDIUM","USER ADMIN LIST",0.196596111170948,"Within SLA"
"Coronation Merchant Bank","KACHASI v1.x","CM/TR/LIV/250009","MEDIUM","INCONSISTENT DATA",68.5266938888817,"Within SLA"
"Coronation Merchant Bank","KACHASI v1.x","CM/TR/LIV/250008","MEDIUM","DUTY PAYMENT INSTRUCTION LETTER",5.6601944444119,"Within SLA"
"Coronation Merchant Bank","KACHASI v1.x","CM/TR/LIV/250007","MEDIUM","FAILURE IN LIQUIDATION",21.6037858332857,"Within SLA"
"Coronation Merchant Bank","KACHASI v1.x","CM/TR/LIV/250004","MEDIUM","INTEREST ACCRUING ON TWO DIFFERENT INTEREST RATES",456.162733888894,"Breached SLA"
"Coronation Merchant Bank","KACHASI v1.x","CM/TR/LIV/250003","MEDIUM","IMPORT LC EXPIRY",45.9678963889601,"Within SLA"
"Coronation Merchant Bank","KACHASI v1.x","CM/TR/LIV/250002","HIGH","INTEREST ACCRUING ON DIFFERENT RATES",173.205461666628,"Breached SLA"
"Coronation Merchant Bank","KACHASI v1.x","CM/TR/LIV/250001","HIGH","MATURED LOAN STILL SHOWING ACCRUING AS STATUS",48.9748552777455,"Within SLA"
"Coronation Merchant Bank","KACHASI v1.x","CM/26/11/0032","HIGH","MULTIPLE DEBITS ON NXP CHARGE",215.25131166674,"Breached SLA"
"Coronation Merchant Bank","KACHASI v1.x","CM/24/11/0031","HIGH","UNABLE TO COLLECT CHARGE ON FORM M",4.37015666667139,"Within SLA"
"Coronation Merchant Bank","KACHASI v1.x","CM/24/11/0030","HIGH","UNABLE TO ISSUE LC",21.1130205554073,"Within SLA"
"Coronation Merchant Bank","KACHASI v1.x","CM/31/10/0029","CRITICAL","UNABLE TO LOGIN TO KACHASI",1.51161777775269,"Within SLA"
"Coronation Merchant Bank","KACHASI v1.x","CM/28/10/0028","HIGH","INTEREST STILL ACCRUING ON LIQUIDATED LOAN",190.737363055581,"Breached SLA"
"Coronation Merchant Bank","KACHASI v1.x","CM/08/10/0027","HIGH","Report - Expired Letters of Credits",136.012061111222,"Breached SLA"
"Coronation Merchant Bank","KACHASI v1.x","CM/30/09/0026","HIGH","OUTGOING MESSAGES",1.78691916674143,"Within SLA"
"Coronation Merchant Bank","KACHASI v1.x","CM/26/09/0025","CRITICAL","INTEREST STOPPED ACCRUING",148.436646111135,"Breached SLA"
"Coronation Merchant Bank","KACHASI v1.x","CM/25/09/0024","HIGH","UNABLE TO LODGE DOCUMENT",282.958421111223,"Breached SLA"
"Coronation Merchant Bank","KACHASI v1.x","CM/16/09/0023","HIGH","DUTY P;AYMENT ERROR",46.2336277778959,"Within SLA"
"Coronation Merchant Bank","KACHASI v1.x","CM/11/09/0022","MEDIUM","SWIFT DETAILS",361.466594444413,"Breached SLA"
"Coronation Merchant Bank","KACHASI v1.x","CM/09/09/0021","MEDIUM","INTEREST STOPPED ACCRUING ON KACHASI",43.5334736110526,"Within SLA"
"Coronation Merchant Bank","KACHASI v1.x","CM/26/08/0020","HIGH","INCORRECT LOAN STATUS",17.9191205556854,"Within SLA"
"Coronation Merchant Bank","KACHASI v1.x","CM/26/08/0019","HIGH","UNABLE TO EXTEND LOAN",176.58441444434,"Breached SLA"
"Coronation Merchant Bank","KACHASI v1.x","CM/26/08/0018","HIGH","MULTIPLE INTEREST ACCRUAL",24.9595586110954,"Within SLA"
"Coronation Merchant Bank","KACHASI v1.x","CM/12/08/0017","HIGH","UNABLE TO START UP NCS-REST",0.758095000055619,"Within SLA"
"Coronation Merchant Bank","KACHASI v1.x","CM/07/08/0016","HIGH","UNABLE TO ACCESS FORM A MODULE",26.5095538889291,"Within SLA"
"Coronation Merchant Bank","KACHASI v1.x","CM/05/08/0015","MEDIUM","ISSUE ON LC",17.4355680556619,"Within SLA"
"Coronation Merchant Bank","KACHASI v1.x","CM/04/08/0014","MEDIUM","INTEREST STOPS ACCRUING ON KACHASI",23.2672455555294,"Within SLA"
"Coronation Merchant Bank","KACHASI v1.x","CM/29/07/0013","HIGH","UNABLE TO LODGE DOCUMENT",56.345322222216,"Within SLA"
"Coronation Merchant Bank","KACHASI v1.x","CM/23/07/0012","HIGH","INTEREST ACCRUNING WRONGLY",191.087155277899,"Breached SLA"
"Coronation Merchant Bank","KACHASI v1.x","CM/22/07/0011","CRITICAL","UNABLE TO DEBIT CUSTOMER ACCOUNT",1.05235833325423,"Within SLA"
"Coronation Merchant Bank","KACHASI v1.x","CM/22/07/0010","HIGH","LC PROCESSING",1.65376916667446,"Within SLA"
"Coronation Merchant Bank","KACHASI v1.x","CM/16/07/0009","MEDIUM","INTEREST STILL ACCRUING ON THE OLD INTEREST RATE",218.500110277673,"Breached SLA"
"Coronation Merchant Bank","KACHASI v1.x","CM/09/07/0008","MEDIUM","UNABLE TO FETCH ASSESSMENT DETAILS FROM NCS-REST",18.5104474999825,"Within SLA"
"Coronation Merchant Bank","KACHASI v1.x","CM/07/07/0007","MEDIUM","LOAN EXTENSION ISSUES",549.816955277638,"Breached SLA"
"Coronation Merchant Bank","KACHASI v1.x","CM/25/06/0006","MEDIUM","INCOMPLETE VALUES ON FORM M CREATION",197.91586333327,"Breached SLA"
"Coronation Merchant Bank","KACHASI v1.x","CM/24/06/0005","HIGH","Urgent: Continuous Transaction Posting to Finacle Core Application",164.965313055553,"Breached SLA"
"Coronation Merchant Bank","KACHASI v1.x","CM/24/06/0004","MEDIUM","UNABLE TREAT DUTY ON KACHASI",23.6758144445485,"Within SLA"
"Coronation Merchant Bank","KACHASI v1.x","CM/23/06/0003","MEDIUM","UNABLE TO SUBMIT SUCCESSFULLY",261.512227222323,"Breached SLA"
"Coronation Merchant Bank","KACHASI v1.x","CM/16/06/0002","HIGH","UPDATE BODOGWU INTEGRATION",2262.53533722233,"Breached SLA"
"Coronation Merchant Bank","KACHASI v1.x","CM/04/06/0001","MEDIUM","UNABLE TO LODGE DOCUMENT ON KACHASI",365.067184444517,"Breached SLA"
"Coronation Merchant Bank","KACHASI v1.x","CM/TR/LIV/250024","HIGH","DELAYED FORM M DEBIT",827.416452222154,"Breached SLA"
"Coronation Merchant Bank","KACHASI v1.x","CM/TR/LIV/250023","CRITICAL","MANUAL CREATION OF FORM  M",49.8107358333073,"Breached SLA"
"Coronation Merchant Bank","KACHASI v1.x","CM/TR/LIV/250022","HIGH","UNABLE TO IMPORT NXP",3.12934361107182,"Within SLA"
"Coronation Merchant Bank","KACHASI v1.x","CM/TR/LIV/250021","MEDIUM","UNABLE TO GENERATE RECEIPT ON  KACHASI",6.65670027775923,"Within SLA"
"Coronation Merchant Bank","KACHASI v1.x","CM/TR/LIV/250019","MEDIUM","DUTY NOT IMPACTING THE RESPECTIVE GLs",125.782073333336,"Breached SLA"
"Coronation Merchant Bank","KACHASI v1.x","CM/TR/LIV/250018","HIGH","UNABLE TO GENERATE RECEIPT",4.30084805551451,"Within SLA"
"Coronation Merchant Bank","KACHASI v1.x","CM/TR/LIV/250017","HIGH","SWIFT MESSAGES NOT DROPPING",5.28848222218221,"Within SLA"
"Coronation Merchant Bank","KACHASI v1.x","CM/TR/LIV/250016","MEDIUM","CEDAR SWIFT DATE UPDATE",21.0051033332711,"Within SLA"
"Coronation Merchant Bank","KACHASI v1.x","CM/TR/LIV/250015","MEDIUM","UNABLE TO PRINT RECEIPT",2.54418333334615,"Within SLA"
"Coronation Merchant Bank","KACHASI v1.x","CM/TR/LIV/250014","MEDIUM","UNABLE TO AMEND AMOUNT",101.154903611052,"Within SLA"
"Coronation Merchant Bank","KACHASI v1.x","CM/TR/LIV/250012","MEDIUM","IMPORT DUTY",6.31601000006776,"Within SLA"
"Coronation Merchant Bank","KACHASI v1.x","CM/TR/LIV/250011","MEDIUM","ISSUE ON REFINANCING",20.0641422222834,"Within SLA"
"Coronation Merchant Bank","KACHASI v1.x","CM/TR/LIV/250010","MEDIUM","USER ADMIN LIST",0.196596111170948,"Within SLA"
"Coronation Merchant Bank","KACHASI v1.x","CM/TR/LIV/250009","MEDIUM","INCONSISTENT DATA",68.5266938888817,"Within SLA"
"Coronation Merchant Bank","KACHASI v1.x","CM/TR/LIV/250008","MEDIUM","DUTY PAYMENT INSTRUCTION LETTER",5.6601944444119,"Within SLA"
"Coronation Merchant Bank","KACHASI v1.x","CM/TR/LIV/250007","MEDIUM","FAILURE IN LIQUIDATION",21.6037858332857,"Within SLA"
"Coronation Merchant Bank","KACHASI v1.x","CM/TR/LIV/250004","MEDIUM","INTEREST ACCRUING ON TWO DIFFERENT INTEREST RATES",456.162733888894,"Breached SLA"
"Coronation Merchant Bank","KACHASI v1.x","CM/TR/LIV/250003","MEDIUM","IMPORT LC EXPIRY",45.9678963889601,"Within SLA"
"Coronation Merchant Bank","KACHASI v1.x","CM/TR/LIV/250002","HIGH","INTEREST ACCRUING ON DIFFERENT RATES",173.205461666628,"Breached SLA"
"Coronation Merchant Bank","KACHASI v1.x","CM/TR/LIV/250001","HIGH","MATURED LOAN STILL SHOWING ACCRUING AS STATUS",48.9748552777455,"Within SLA"
"Coronation Merchant Bank","KACHASI v1.x","CM/26/11/0032","HIGH","MULTIPLE DEBITS ON NXP CHARGE",215.25131166674,"Breached SLA"
"Coronation Merchant Bank","KACHASI v1.x","CM/24/11/0031","HIGH","UNABLE TO COLLECT CHARGE ON FORM M",4.37015666667139,"Within SLA"
"Coronation Merchant Bank","KACHASI v1.x","CM/24/11/0030","HIGH","UNABLE TO ISSUE LC",21.1130205554073,"Within SLA"
"Coronation Merchant Bank","KACHASI v1.x","CM/31/10/0029","CRITICAL","UNABLE TO LOGIN TO KACHASI",1.51161777775269,"Within SLA"
"Coronation Merchant Bank","KACHASI v1.x","CM/28/10/0028","HIGH","INTEREST STILL ACCRUING ON LIQUIDATED LOAN",190.737363055581,"Breached SLA"
"Coronation Merchant Bank","KACHASI v1.x","CM/08/10/0027","HIGH","Report - Expired Letters of Credits",136.012061111222,"Breached SLA"
"Coronation Merchant Bank","KACHASI v1.x","CM/30/09/0026","HIGH","OUTGOING MESSAGES",1.78691916674143,"Within SLA"
"Coronation Merchant Bank","KACHASI v1.x","CM/26/09/0025","CRITICAL","INTEREST STOPPED ACCRUING",148.436646111135,"Breached SLA"
"Coronation Merchant Bank","KACHASI v1.x","CM/25/09/0024","HIGH","UNABLE TO LODGE DOCUMENT",282.958421111223,"Breached SLA"
"Coronation Merchant Bank","KACHASI v1.x","CM/16/09/0023","HIGH","DUTY P;AYMENT ERROR",46.2336277778959,"Within SLA"
"Coronation Merchant Bank","KACHASI v1.x","CM/11/09/0022","MEDIUM","SWIFT DETAILS",361.466594444413,"Breached SLA"
"Coronation Merchant Bank","KACHASI v1.x","CM/09/09/0021","MEDIUM","INTEREST STOPPED ACCRUING ON KACHASI",43.5334736110526,"Within SLA"
"Coronation Merchant Bank","KACHASI v1.x","CM/26/08/0020","HIGH","INCORRECT LOAN STATUS",17.9191205556854,"Within SLA"
"Coronation Merchant Bank","KACHASI v1.x","CM/26/08/0019","HIGH","UNABLE TO EXTEND LOAN",176.58441444434,"Breached SLA"
"Coronation Merchant Bank","KACHASI v1.x","CM/26/08/0018","HIGH","MULTIPLE INTEREST ACCRUAL",24.9595586110954,"Within SLA"
"Coronation Merchant Bank","KACHASI v1.x","CM/12/08/0017","HIGH","UNABLE TO START UP NCS-REST",0.758095000055619,"Within SLA"
"Coronation Merchant Bank","KACHASI v1.x","CM/07/08/0016","HIGH","UNABLE TO ACCESS FORM A MODULE",26.5095538889291,"Within SLA"
"Coronation Merchant Bank","KACHASI v1.x","CM/05/08/0015","MEDIUM","ISSUE ON LC",17.4355680556619,"Within SLA"
"Coronation Merchant Bank","KACHASI v1.x","CM/04/08/0014","MEDIUM","INTEREST STOPS ACCRUING ON KACHASI",23.2672455555294,"Within SLA"
"Coronation Merchant Bank","KACHASI v1.x","CM/29/07/0013","HIGH","UNABLE TO LODGE DOCUMENT",56.345322222216,"Within SLA"
"Coronation Merchant Bank","KACHASI v1.x","CM/23/07/0012","HIGH","INTEREST ACCRUNING WRONGLY",191.087155277899,"Breached SLA"
"Coronation Merchant Bank","KACHASI v1.x","CM/22/07/0011","CRITICAL","UNABLE TO DEBIT CUSTOMER ACCOUNT",1.05235833325423,"Within SLA"
"Coronation Merchant Bank","KACHASI v1.x","CM/22/07/0010","HIGH","LC PROCESSING",1.65376916667446,"Within SLA"
"Coronation Merchant Bank","KACHASI v1.x","CM/16/07/0009","MEDIUM","INTEREST STILL ACCRUING ON THE OLD INTEREST RATE",218.500110277673,"Breached SLA"
"Coronation Merchant Bank","KACHASI v1.x","CM/09/07/0008","MEDIUM","UNABLE TO FETCH ASSESSMENT DETAILS FROM NCS-REST",18.5104474999825,"Within SLA"
"Coronation Merchant Bank","KACHASI v1.x","CM/07/07/0007","MEDIUM","LOAN EXTENSION ISSUES",549.816955277638,"Breached SLA"
"Coronation Merchant Bank","KACHASI v1.x","CM/25/06/0006","MEDIUM","INCOMPLETE VALUES ON FORM M CREATION",197.91586333327,"Breached SLA"
"Coronation Merchant Bank","KACHASI v1.x","CM/24/06/0005","HIGH","Urgent: Continuous Transaction Posting to Finacle Core Application",164.965313055553,"Breached SLA"
"Coronation Merchant Bank","KACHASI v1.x","CM/24/06/0004","MEDIUM","UNABLE TREAT DUTY ON KACHASI",23.6758144445485,"Within SLA"
"Coronation Merchant Bank","KACHASI v1.x","CM/23/06/0003","MEDIUM","UNABLE TO SUBMIT SUCCESSFULLY",261.512227222323,"Breached SLA"
"Coronation Merchant Bank","KACHASI v1.x","CM/16/06/0002","HIGH","UPDATE BODOGWU INTEGRATION",2262.53533722233,"Breached SLA"
"Coronation Merchant Bank","KACHASI v1.x","CM/04/06/0001","MEDIUM","UNABLE TO LODGE DOCUMENT ON KACHASI",365.067184444517,"Breached SLA"
"Coronation Merchant Bank","KACHASI v1.x","CM/TR/LIV/250024","HIGH","DELAYED FORM M DEBIT",827.416452222154,"Breached SLA"
"Coronation Merchant Bank","KACHASI v1.x","CM/TR/LIV/250023","CRITICAL","MANUAL CREATION OF FORM  M",49.8107358333073,"Breached SLA"
"Coronation Merchant Bank","KACHASI v1.x","CM/TR/LIV/250022","HIGH","UNABLE TO IMPORT NXP",3.12934361107182,"Within SLA"
"Coronation Merchant Bank","KACHASI v1.x","CM/TR/LIV/250021","MEDIUM","UNABLE TO GENERATE RECEIPT ON  KACHASI",6.65670027775923,"Within SLA"
"Coronation Merchant Bank","KACHASI v1.x","CM/TR/LIV/250019","MEDIUM","DUTY NOT IMPACTING THE RESPECTIVE GLs",125.782073333336,"Breached SLA"
"Coronation Merchant Bank","KACHASI v1.x","CM/TR/LIV/250018","HIGH","UNABLE TO GENERATE RECEIPT",4.30084805551451,"Within SLA"
"Coronation Merchant Bank","KACHASI v1.x","CM/TR/LIV/250017","HIGH","SWIFT MESSAGES NOT DROPPING",5.28848222218221,"Within SLA"
"Coronation Merchant Bank","KACHASI v1.x","CM/TR/LIV/250016","MEDIUM","CEDAR SWIFT DATE UPDATE",21.0051033332711,"Within SLA"
"Coronation Merchant Bank","KACHASI v1.x","CM/TR/LIV/250015","MEDIUM","UNABLE TO PRINT RECEIPT",2.54418333334615,"Within SLA"
"Coronation Merchant Bank","KACHASI v1.x","CM/TR/LIV/250014","MEDIUM","UNABLE TO AMEND AMOUNT",101.154903611052,"Within SLA"
"Coronation Merchant Bank","KACHASI v1.x","CM/TR/LIV/250012","MEDIUM","IMPORT DUTY",6.31601000006776,"Within SLA"
"Coronation Merchant Bank","KACHASI v1.x","CM/TR/LIV/250011","MEDIUM","ISSUE ON REFINANCING",20.0641422222834,"Within SLA"
"Coronation Merchant Bank","KACHASI v1.x","CM/TR/LIV/250010","MEDIUM","USER ADMIN LIST",0.196596111170948,"Within SLA"
"Coronation Merchant Bank","KACHASI v1.x","CM/TR/LIV/250009","MEDIUM","INCONSISTENT DATA",68.5266938888817,"Within SLA"
"Coronation Merchant Bank","KACHASI v1.x","CM/TR/LIV/250008","MEDIUM","DUTY PAYMENT INSTRUCTION LETTER",5.6601944444119,"Within SLA"
"Coronation Merchant Bank","KACHASI v1.x","CM/TR/LIV/250007","MEDIUM","FAILURE IN LIQUIDATION",21.6037858332857,"Within SLA"
"Coronation Merchant Bank","KACHASI v1.x","CM/TR/LIV/250004","MEDIUM","INTEREST ACCRUING ON TWO DIFFERENT INTEREST RATES",456.162733888894,"Breached SLA"
"Coronation Merchant Bank","KACHASI v1.x","CM/TR/LIV/250003","MEDIUM","IMPORT LC EXPIRY",45.9678963889601,"Within SLA"
"Coronation Merchant Bank","KACHASI v1.x","CM/TR/LIV/250002","HIGH","INTEREST ACCRUING ON DIFFERENT RATES",173.205461666628,"Breached SLA"
"Coronation Merchant Bank","KACHASI v1.x","CM/TR/LIV/250001","HIGH","MATURED LOAN STILL SHOWING ACCRUING AS STATUS",48.9748552777455,"Within SLA"
"Coronation Merchant Bank","KACHASI v1.x","CM/26/11/0032","HIGH","MULTIPLE DEBITS ON NXP CHARGE",215.25131166674,"Breached SLA"
"Coronation Merchant Bank","KACHASI v1.x","CM/24/11/0031","HIGH","UNABLE TO COLLECT CHARGE ON FORM M",4.37015666667139,"Within SLA"
"Coronation Merchant Bank","KACHASI v1.x","CM/24/11/0030","HIGH","UNABLE TO ISSUE LC",21.1130205554073,"Within SLA"
"Coronation Merchant Bank","KACHASI v1.x","CM/31/10/0029","CRITICAL","UNABLE TO LOGIN TO KACHASI",1.51161777775269,"Within SLA"
"Coronation Merchant Bank","KACHASI v1.x","CM/28/10/0028","HIGH","INTEREST STILL ACCRUING ON LIQUIDATED LOAN",190.737363055581,"Breached SLA"
"Coronation Merchant Bank","KACHASI v1.x","CM/08/10/0027","HIGH","Report - Expired Letters of Credits",136.012061111222,"Breached SLA"
"Coronation Merchant Bank","KACHASI v1.x","CM/30/09/0026","HIGH","OUTGOING MESSAGES",1.78691916674143,"Within SLA"
"Coronation Merchant Bank","KACHASI v1.x","CM/26/09/0025","CRITICAL","INTEREST STOPPED ACCRUING",148.436646111135,"Breached SLA"
"Coronation Merchant Bank","KACHASI v1.x","CM/25/09/0024","HIGH","UNABLE TO LODGE DOCUMENT",282.958421111223,"Breached SLA"
"Coronation Merchant Bank","KACHASI v1.x","CM/16/09/0023","HIGH","DUTY P;AYMENT ERROR",46.2336277778959,"Within SLA"
"Coronation Merchant Bank","KACHASI v1.x","CM/11/09/0022","MEDIUM","SWIFT DETAILS",361.466594444413,"Breached SLA"
"Coronation Merchant Bank","KACHASI v1.x","CM/09/09/0021","MEDIUM","INTEREST STOPPED ACCRUING ON KACHASI",43.5334736110526,"Within SLA"
"Coronation Merchant Bank","KACHASI v1.x","CM/26/08/0020","HIGH","INCORRECT LOAN STATUS",17.9191205556854,"Within SLA"
"Coronation Merchant Bank","KACHASI v1.x","CM/26/08/0019","HIGH","UNABLE TO EXTEND LOAN",176.58441444434,"Breached SLA"
"Coronation Merchant Bank","KACHASI v1.x","CM/26/08/0018","HIGH","MULTIPLE INTEREST ACCRUAL",24.9595586110954,"Within SLA"
"Coronation Merchant Bank","KACHASI v1.x","CM/12/08/0017","HIGH","UNABLE TO START UP NCS-REST",0.758095000055619,"Within SLA"
"Coronation Merchant Bank","KACHASI v1.x","CM/07/08/0016","HIGH","UNABLE TO ACCESS FORM A MODULE",26.5095538889291,"Within SLA"
"Coronation Merchant Bank","KACHASI v1.x","CM/05/08/0015","MEDIUM","ISSUE ON LC",17.4355680556619,"Within SLA"
"Coronation Merchant Bank","KACHASI v1.x","CM/04/08/0014","MEDIUM","INTEREST STOPS ACCRUING ON KACHASI",23.2672455555294,"Within SLA"
"Coronation Merchant Bank","KACHASI v1.x","CM/29/07/0013","HIGH","UNABLE TO LODGE DOCUMENT",56.345322222216,"Within SLA"
"Coronation Merchant Bank","KACHASI v1.x","CM/23/07/0012","HIGH","INTEREST ACCRUNING WRONGLY",191.087155277899,"Breached SLA"
"Coronation Merchant Bank","KACHASI v1.x","CM/22/07/0011","CRITICAL","UNABLE TO DEBIT CUSTOMER ACCOUNT",1.05235833325423,"Within SLA"
"Coronation Merchant Bank","KACHASI v1.x","CM/22/07/0010","HIGH","LC PROCESSING",1.65376916667446,"Within SLA"
"Coronation Merchant Bank","KACHASI v1.x","CM/16/07/0009","MEDIUM","INTEREST STILL ACCRUING ON THE OLD INTEREST RATE",218.500110277673,"Breached SLA"
"Coronation Merchant Bank","KACHASI v1.x","CM/09/07/0008","MEDIUM","UNABLE TO FETCH ASSESSMENT DETAILS FROM NCS-REST",18.5104474999825,"Within SLA"
"Coronation Merchant Bank","KACHASI v1.x","CM/07/07/0007","MEDIUM","LOAN EXTENSION ISSUES",549.816955277638,"Breached SLA"
"Coronation Merchant Bank","KACHASI v1.x","CM/25/06/0006","MEDIUM","INCOMPLETE VALUES ON FORM M CREATION",197.91586333327,"Breached SLA"
"Coronation Merchant Bank","KACHASI v1.x","CM/24/06/0005","HIGH","Urgent: Continuous Transaction Posting to Finacle Core Application",164.965313055553,"Breached SLA"
"Coronation Merchant Bank","KACHASI v1.x","CM/24/06/0004","MEDIUM","UNABLE TREAT DUTY ON KACHASI",23.6758144445485,"Within SLA"
"Coronation Merchant Bank","KACHASI v1.x","CM/23/06/0003","MEDIUM","UNABLE TO SUBMIT SUCCESSFULLY",261.512227222323,"Breached SLA"
"Coronation Merchant Bank","KACHASI v1.x","CM/16/06/0002","HIGH","UPDATE BODOGWU INTEGRATION",2262.53533722233,"Breached SLA"
"Coronation Merchant Bank","KACHASI v1.x","CM/04/06/0001","MEDIUM","UNABLE TO LODGE DOCUMENT ON KACHASI",365.067184444517,"Breached SLA"
"Coronation Merchant Bank","KACHASI v1.x","CM/TR/LIV/250024","HIGH","DELAYED FORM M DEBIT",827.416452222154,"Breached SLA"
"Coronation Merchant Bank","KACHASI v1.x","CM/TR/LIV/250023","CRITICAL","MANUAL CREATION OF FORM  M",49.8107358333073,"Breached SLA"
"Coronation Merchant Bank","KACHASI v1.x","CM/TR/LIV/250022","HIGH","UNABLE TO IMPORT NXP",3.12934361107182,"Within SLA"
"Coronation Merchant Bank","KACHASI v1.x","CM/TR/LIV/250021","MEDIUM","UNABLE TO GENERATE RECEIPT ON  KACHASI",6.65670027775923,"Within SLA"
"Coronation Merchant Bank","KACHASI v1.x","CM/TR/LIV/250019","MEDIUM","DUTY NOT IMPACTING THE RESPECTIVE GLs",125.782073333336,"Breached SLA"
"Coronation Merchant Bank","KACHASI v1.x","CM/TR/LIV/250018","HIGH","UNABLE TO GENERATE RECEIPT",4.30084805551451,"Within SLA"
"Coronation Merchant Bank","KACHASI v1.x","CM/TR/LIV/250017","HIGH","SWIFT MESSAGES NOT DROPPING",5.28848222218221,"Within SLA"
"Coronation Merchant Bank","KACHASI v1.x","CM/TR/LIV/250016","MEDIUM","CEDAR SWIFT DATE UPDATE",21.0051033332711,"Within SLA"
"Coronation Merchant Bank","KACHASI v1.x","CM/TR/LIV/250015","MEDIUM","UNABLE TO PRINT RECEIPT",2.54418333334615,"Within SLA"
"Coronation Merchant Bank","KACHASI v1.x","CM/TR/LIV/250014","MEDIUM","UNABLE TO AMEND AMOUNT",101.154903611052,"Within SLA"
"Coronation Merchant Bank","KACHASI v1.x","CM/TR/LIV/250012","MEDIUM","IMPORT DUTY",6.31601000006776,"Within SLA"
"Coronation Merchant Bank","KACHASI v1.x","CM/TR/LIV/250011","MEDIUM","ISSUE ON REFINANCING",20.0641422222834,"Within SLA"
"Coronation Merchant Bank","KACHASI v1.x","CM/TR/LIV/250010","MEDIUM","USER ADMIN LIST",0.196596111170948,"Within SLA"
"Coronation Merchant Bank","KACHASI v1.x","CM/TR/LIV/250009","MEDIUM","INCONSISTENT DATA",68.5266938888817,"Within SLA"
"Coronation Merchant Bank","KACHASI v1.x","CM/TR/LIV/250008","MEDIUM","DUTY PAYMENT INSTRUCTION LETTER",5.6601944444119,"Within SLA"
"Coronation Merchant Bank","KACHASI v1.x","CM/TR/LIV/250007","MEDIUM","FAILURE IN LIQUIDATION",21.6037858332857,"Within SLA"
"Coronation Merchant Bank","KACHASI v1.x","CM/TR/LIV/250004","MEDIUM","INTEREST ACCRUING ON TWO DIFFERENT INTEREST RATES",456.162733888894,"Breached SLA"
"Coronation Merchant Bank","KACHASI v1.x","CM/TR/LIV/250003","MEDIUM","IMPORT LC EXPIRY",45.9678963889601,"Within SLA"
"Coronation Merchant Bank","KACHASI v1.x","CM/TR/LIV/250002","HIGH","INTEREST ACCRUING ON DIFFERENT RATES",173.205461666628,"Breached SLA"
"Coronation Merchant Bank","KACHASI v1.x","CM/TR/LIV/250001","HIGH","MATURED LOAN STILL SHOWING ACCRUING AS STATUS",48.9748552777455,"Within SLA"
"Signature Bank","KACHASI v2.x","SB/10/12/0024","MEDIUM","UNABLE TO APPROVE FOR FORM M EXTENSION",0.279708333313465,"Within SLA"
"Signature Bank","KACHASI v2.x","SB/20/11/0026","CRITICAL","AMENDMENT OF SUMMARY VALUE - UL25.000001",16.8542019443703,"Within SLA"
"Signature Bank","KACHASI v2.x","SB/20/11/0023","CRITICAL","ADDITION ON BOB UK ON BC PAY",3.09419416665332,"Within SLA"
"Signature Bank","KACHASI v2.x","SB/04/11/0022","HIGH","UNABLE to GENERATE REFERENCE for Bills for collection",28.9285463888082,"Within SLA"
"Signature Bank","KACHASI v2.x","SB/24/10/0021","CRITICAL","EXPORT DOM CANNOT BE DEBITTED FOR LC ENHANCEMENT",2.65646194451256,"Within SLA"
"Signature Bank","KACHASI v2.x","SB/06/10/0020","MEDIUM","UNABLE TO TAKE CHARGES - 2000043394",23.4303611110663,"Within SLA"
"Signature Bank","KACHASI v2.x","SB/17/09/0020","CRITICAL","FORM M MANUAL REF NOT LINKED TO RELATED REFERENCE",362.023257777735,"Breached SLA"
"Signature Bank","KACHASI v2.x","SB/02/09/0019","CRITICAL","ACCOUNT DETAILS WRONG",389.106867500057,"Breached SLA"
"Signature Bank","KACHASI v2.x","SB/02/09/0018","CRITICAL","GENERAL LEDGER",2.91402972227661,"Within SLA"
"Signature Bank","KACHASI v2.x","SB/02/09/0017","CRITICAL","BC NARATION ERROR",2.75492027762812,"Within SLA"
"Signature Bank","KACHASI v2.x","SB/28/08/0016","CRITICAL","CHANGE ACCOUNT 500003005 TO 600003026",120.046136666613,"Breached SLA"
"Signature Bank","KACHASI v2.x","SB/26/08/0013","CRITICAL","POSTING ERROR FOR TFA AND CORR BANK DETAILS",2021.10832888889,"Breached SLA"
"Signature Bank","KACHASI v2.x","SB/13/08/0015","CRITICAL","FORM M NOT ON KACHASI",19.2076894443599,"Within SLA"
"Signature Bank","KACHASI v2.x","SB/28/07/0011","CRITICAL","UNCONFIRMED LC",24.714892500022,"Breached SLA"
"Signature Bank","KACHASI v2.x","SB/28/07/0010","CRITICAL","POSTING ENTRIES NOT SHOWING FOR UNCONFIRMED",25.2858091667877,"Breached SLA"
"Signature Bank","KACHASI v2.x","SB/16/07/0014","CRITICAL","MANUAL POSTING VALUE ERROR",0.640980833326466,"Within SLA"
"Signature Bank","KACHASI v2.x","SB/09/07/0013","CRITICAL","FORM M NOT ON KACHASI",2.90396277769469,"Within SLA"
"Signature Bank","KACHASI v2.x","SB/08/07/0012","CRITICAL","FORM M NOT ON KACHASI",1.94788333325414,"Within SLA"
"Signature Bank","KACHASI v2.x","SB/30/06/0011","CRITICAL","FORM M NOT ON KACHASI",0.441978055634536,"Within SLA"
"Signature Bank","KACHASI v2.x","SB/26/06/0010","CRITICAL","UPDATE ON LC REGISTER REPORT",361.117761944421,"Breached SLA"
"Signature Bank","KACHASI v2.x","SB/24/06/0009","CRITICAL","POST NEG INTEREST NO ACCRUING",2069.20335333335,"Breached SLA"
"Signature Bank","KACHASI v2.x","SB/24/06/0008","CRITICAL","UPADTE OF REGISTER TILL DATE",74.8790011111996,"Breached SLA"
"Signature Bank","KACHASI v2.x","SB/23/06/0007","CRITICAL","KACHASI ERROR ON AMEND",21.3673480554717,"Within SLA"
"Signature Bank","KACHASI v2.x","SB/23/06/0006","CRITICAL","KACHASI ERROR ON PAY",1705.08121194458,"Breached SLA"
"Signature Bank","KACHASI v2.x","SB/18/06/0005","CRITICAL","CONTIGENT ENTRY ON ISSUANCE AND UPGRADE",331.743944999878,"Breached SLA"
"Signature Bank","KACHASI v2.x","SB/18/06/0004","CRITICAL","ACCOUNT DETAILS REMOVAL",20.7880130555131,"Within SLA"
"Signature Bank","KACHASI v2.x","SB/13/06/0003","CRITICAL","FORM M NOT ON KACHASI - MF20250051776",1.23371527780546,"Within SLA"
"Signature Bank","KACHASI v2.x","SB/10/06/0002","CRITICAL","FORM M NOT ON KACHASI",2.27399027778301,"Within SLA"
"Signature Bank","KACHASI v2.x","SB/05/06/0001","CRITICAL","FORM M NOT ON KACHASI",2.31888222217094,"Within SLA"
"Signature Bank","KACHASI v2.x","SB/KA/LIV/250031","CRITICAL","CONNECTION OF KACHASI WITH B'ODOGWU",502.100464999967,"Breached SLA"
"Signature Bank","KACHASI v2.x","SB/KA/LIV/250030","CRITICAL","KACHASI CANNOT DRAW NOSTRO TO DEBIT",25.1699258334702,"Breached SLA"
"Signature Bank","KACHASI v2.x","SB/KA/LIV/250029","CRITICAL","FORM M NOT ON KACHASI - MF20250032974",1.96660083340248,"Within SLA"
"Signature Bank","KACHASI v2.x","SB/KA/LIV/250028","CRITICAL","POSTING MISSING FOR DECREASE OF LC",29.6528963888995,"Breached SLA"
"Signature Bank","KACHASI v2.x","SB/KA/LIV/250027","CRITICAL","FORM M NOT ON KACHASI",0.599830000021029,"Within SLA"
"Signature Bank","KACHASI v2.x","SB/KA/LIV/250025","CRITICAL","FORM M NOT ON KACHASI",1.01230027765268,"Within SLA"
"Signature Bank","KACHASI v2.x","SB/KA/LIV/250024","CRITICAL","REPORT NOT UPDATED",22.0832566665486,"Within SLA"
"Signature Bank","KACHASI v2.x","SB/KA/LIV/250023","CRITICAL","TRADE AUTHORIZER CANNOT VIEW PRE AND POST NEG SUBMITTED",4.04266361100599,"Within SLA"
"Signature Bank","KACHASI v2.x","SB/KA/LIV/250022","CRITICAL","FORM M NOT ON KACHASI - MF20250021397",0.575721666624304,"Within SLA"
"Signature Bank","KACHASI v2.x","SB/KA/LIV/250021","CRITICAL","FORM M NOT ON KACHASI",0.706405833363533,"Within SLA"
"Signature Bank","KACHASI v2.x","SB/KA/LIV/250020","CRITICAL","PRE-NEG NOT ASSISGNED TO TRADE AUTHORIZER",0.798613055550959,"Within SLA"
"Signature Bank","KACHASI v2.x","SB/KA/LIV/250019","CRITICAL","BC NARRATION AND PRE-NEG NOT ON AUTHRIZER QUEUE",1.83328138897195,"Within SLA"
"Signature Bank","KACHASI v2.x","SB/KA/LIV/250018","CRITICAL","POST NEG POSTING NOT ON KACHASI -  CL24.000001",1.38167750003049,"Within SLA"
"Signature Bank","KACHASI v2.x","SB/KA/LIV/250017","CRITICAL","IRREGULAR VALUE FOR L24.000093/AMD-007",22.3298375001177,"Within SLA"
"Signature Bank","KACHASI v2.x","SB/KA/LIV/250016","CRITICAL","SUSPECTED DUPLICATED TRANSACTION ON KACHASI",24.1450741665903,"Breached SLA"
"Signature Bank","KACHASI v2.x","SB/KA/LIV/250015","CRITICAL","FORM M NOT ON KACHASI - MF20250010980",1.8087547221221,"Within SLA"
"Signature Bank","KACHASI v2.x","SB/KA/LIV/250014","CRITICAL","FORM M NOT ON KACHASI - MF20250008022",67.9193205556367,"Breached SLA"
"Signature Bank","KACHASI v2.x","SB/KA/LIV/250013","CRITICAL","FORM M NOT ON KACHASI - MF20250007549",67.951691388851,"Breached SLA"
"Signature Bank","KACHASI v2.x","SB/KA/LIV/250012","CRITICAL","FORM M NOT ON KACHASI - MF20250003728",68.0639586111065,"Breached SLA"
"Signature Bank","KACHASI v2.x","SB/KA/LIV/250011","CRITICAL","UNABLE TO PULL ACCOUNT ON BRANCH 000",2.87937055563089,"Within SLA"
"Signature Bank","KACHASI v2.x","SB/KA/LIV/250010","CRITICAL","ADDITION OF CORRESPONDENCE BANK - RAND MERCHANT BANK",101.716817222186,"Breached SLA"
"Signature Bank","KACHASI v2.x","SB/KA/LIV/250009","CRITICAL","INABILITY TO PULL CUSTOMER ACCOUNT ON KACHASI",3.11039888905361,"Within SLA"
"Signature Bank","KACHASI v2.x","SB/KA/LIV/250008","CRITICAL","FORM M NOT ON KACHASI - MF20250003106",1.22318222222384,"Within SLA"
"Signature Bank","KACHASI v2.x","SB/KA/LIV/250007","CRITICAL","FORM M NOT ON KACHASI - MF20240053662",1.28389888897073,"Within SLA"
"Signature Bank","KACHASI v2.x","SB/KA/LIV/250006","CRITICAL","FORM M NOT ON KACHASI - MF20240062005",2.38186083332403,"Within SLA"
"Signature Bank","KACHASI v2.x","SB/KA/LIV/250005","CRITICAL","FORM M NOT ON KACHASI - MF20240048688",2.43401666666614,"Within SLA"
"Signature Bank","KACHASI v2.x","SB/KA/LIV/250004","CRITICAL","FORM M NOT ON KACHASI - MF20240061762",2.48055888887029,"Within SLA"
"Signature Bank","KACHASI v2.x","SB/KA/LIV/250003","CRITICAL","CANNOT DEBIT DOM FOR BC PAYMENT",1.7420886112377,"Within SLA"
"Signature Bank","KACHASI v2.x","SB/KA/LIV/250002","CRITICAL","ALL PRODUCT REPORT UPDATE",3.09571083326591,"Within SLA"
"Signature Bank","KACHASI v2.x","SB/KA/LIV/250001","CRITICAL","MF20240079246",1.22324416675838,"Within SLA"
"First  City Monument Bank","KACHASI v1.x","FC/12/12/0076","CRITICAL","Create Idris Adisa ON ISura",0.919549722166266,"Within SLA"
"First  City Monument Bank","KACHASI v1.x","FC/12/12/0075","HIGH","Pre-Charges Not taken",816.242169722216,"Breached SLA"
"First  City Monument Bank","KACHASI v1.x","FC/12/11/0074","HIGH","PENDING CUSTOM DUTY APPROVAL IFO 1023890781 ( 25423)",27.0630422221147,"Within SLA"
"First  City Monument Bank","KACHASI v1.x","FC/11/11/0073","CRITICAL","FAILED TRANSMISSION ON CUSTOM DUTY PAYMENT",46.1350302777719,"Breached SLA"
"First  City Monument Bank","KACHASI v1.x","FC/10/11/0071","HIGH","REQUEST FOR PRE-NEGOTIATION BREAKDWON",27.1674658333068,"Within SLA"
"First  City Monument Bank","KACHASI v1.x","FC/06/11/0070","CRITICAL","CUSTOM DUTY PAYMENT YET TO SETTLED",21.4195383331971,"Within SLA"
"First  City Monument Bank","KACHASI v1.x","FC/03/11/0069","CRITICAL","KACHASI SWIFT MANAGER ERROR",15.5845111111994,"Within SLA"
"First  City Monument Bank","KACHASI v1.x","FC/03/11/0068","HIGH","UNABLE TO GENERATE RECEIPT ON TRADEX",30.3312477779109,"Within SLA"
"First  City Monument Bank","KACHASI v1.x","FC/30/10/0067","HIGH","Pending Custom Duty Payment",16.9225080554606,"Within SLA"
"First  City Monument Bank","KACHASI v1.x","FC/22/10/0065","HIGH","EXCESS FX PURCHASE IFO PIVOT INTEGRATED ENERGY SERVICES LIMITED  LC WITH MAY ADD CLAUSE",24.179055277782,"Within SLA"
"First  City Monument Bank","KACHASI v1.x","FC/14/10/0064","CRITICAL","CUSTOM TRANSACTIONS YET TO BE TRANSIMITED 09-10-2025",27.3766611110768,"Breached SLA"
"First  City Monument Bank","KACHASI v1.x","FC/13/10/0063","CRITICAL","Finacle SSL Update",2.94053583336063,"Within SLA"
"First  City Monument Bank","KACHASI v1.x","FC/10/10/0062","HIGH","ROBUST INTERNATIONAL COMMODITIES LTD NXP XG202500214148606",68.9632677777554,"Within SLA"
"First  City Monument Bank","KACHASI v1.x","FC/09/10/0061","CRITICAL","LC Transaction Not Showing On Swift Outgoing Messages",6.9545630554785,"Within SLA"
"First  City Monument Bank","KACHASI v1.x","FC/08/10/0060","CRITICAL","TRANSMISSION OF FAILED CUSTOM DUTY PAYMENT",46.1104936109623,"Breached SLA"
"First  City Monument Bank","KACHASI v1.x","FC/03/10/0023","CRITICAL","Unable to access the report",0.807398333447054,"Within SLA"
"First  City Monument Bank","KACHASI v1.x","FC/02/10/0059","CRITICAL","Workflow Errors",7.63467000005767,"Within SLA"
"First  City Monument Bank","KACHASI v1.x","FC/02/10/0058","HIGH","UNSETTLED CUSTOM DUTY",23.6643569443258,"Within SLA"
"First  City Monument Bank","KACHASI v1.x","FC/30/09/0057","CRITICAL","SERVICE DEGRATION ON KACHASI",3.30818527779775,"Within SLA"
"First  City Monument Bank","KACHASI v1.x","FC/30/09/0056","CRITICAL","Unable to launch Tradex URL",5.27577555557946,"Within SLA"
"First  City Monument Bank","KACHASI v1.x","FC/29/09/0021","HIGH","FAILED REQUESTS ON KACHASI FOR FORMS M CANCELLATION",212.178965555504,"Breached SLA"
"First  City Monument Bank","KACHASI v1.x","FC/29/09/0055","HIGH","REPORT OF RECONCILIATION - OUTSTANDING TRADE OBLIGATION ON TAURUS OILA AND GAS LIMITED",70.4525322222034,"Within SLA"
"First  City Monument Bank","KACHASI v1.x","FC/26/09/0054","HIGH","PENDING CUSTOM DUTY APPROVAL IFO CHARDON GLOBAL SERVICES NIG",106.377771944564,"Breached SLA"
"First  City Monument Bank","KACHASI v1.x","FC/24/09/0053","HIGH","SETTLEMENT ISSUE ON COLLECTION ACCOUNT",175.925950000004,"Breached SLA"
"First  City Monument Bank","KACHASI v1.x","FC/24/09/0052","CRITICAL","CUSTOM DUTY PAYMENT:TAXES NOT TRANSMITTED",41.6313263888005,"Breached SLA"
"First  City Monument Bank","KACHASI v1.x","FC/10/09/0051","HIGH","KACHASI POSTING ERROR FCMB25LC00172",192.42551999999,"Breached SLA"
"First  City Monument Bank","KACHASI v1.x","FC/09/09/0019","HIGH","FX FUNDS TRANSFER- TRADE",3.26730694435537,"Within SLA"
"First  City Monument Bank","KACHASI v1.x","FC/09/09/0050","HIGH","REQUEST TO PURCHASE FX",20.0057597222622,"Within SLA"
"First  City Monument Bank","KACHASI v1.x","FC/03/09/0049","CRITICAL","RE: FCMB NXP - NESS Payment  01-09-2025",109.262032500061,"Breached SLA"
"First  City Monument Bank","KACHASI v1.x","FC/03/09/0048","CRITICAL","TRANSMISSION OF FAILED CUSTOM DUTY PAYMENT",209.858126666746,"Breached SLA"
"First  City Monument Bank","KACHASI v1.x","FC/03/09/0047","HIGH","DOUBLE DEBIT OF CUSTOMERS FOR CUSTOM DUTY PAYMENT",116.323728333344,"Breached SLA"
"First  City Monument Bank","KACHASI v1.x","FC/01/09/0046","HIGH","RE: DRAFT LC IRO MASTERSTROKES PACKAGES -- MF20250073374",19.835481944494,"Within SLA"
"First  City Monument Bank","KACHASI v1.x","FC/27/08/0045","HIGH","CANCELLED ASSESSMENTS",23.7785147221293,"Within SLA"
"First  City Monument Bank","KACHASI v1.x","FC/26/08/0044","HIGH","NXP Transaction not validating on the Portal",50.1819611111423,"Within SLA"
"First  City Monument Bank","KACHASI v1.x","FC/22/08/0043","CRITICAL","BACKEND CLOSURE OF THE LODGEMENT",168.636838333332,"Breached SLA"
"First  City Monument Bank","KACHASI v1.x","FC/22/08/0042","HIGH","KACHASI ERROR ON LODGMENT",4.29336638882523,"Within SLA"
"First  City Monument Bank","KACHASI v1.x","FC/21/08/0041","CRITICAL","KACHASI SWIFT MANAGER ERROR",23.1656255556154,"Within SLA"
"First  City Monument Bank","KACHASI v1.x","FC/20/08/0012","HIGH","Form A Number Not Populated",46.1522213889984,"Within SLA"
"First  City Monument Bank","KACHASI v1.x","FC/20/08/0040","HIGH","Iintervention Account Error",26.5852658333606,"Within SLA"
"First  City Monument Bank","KACHASI v1.x","FC/15/08/0039","HIGH","Custom Duty Receipts Not Printing",5.13206388900289,"Within SLA"
"First  City Monument Bank","KACHASI v1.x","FC/12/08/0038","CRITICAL","CHALLENEG WITH FX BID",389.75715194433,"Breached SLA"
"First  City Monument Bank","KACHASI v1.x","FC/11/08/0037","HIGH","Preneg Issue",4.3528783331858,"Within SLA"
"First  City Monument Bank","KACHASI v1.x","FC/06/08/0036","HIGH","FAILED CUSTOM DUTY PAYMENT",48.7945769444341,"Within SLA"
"First  City Monument Bank","KACHASI v1.x","FC/05/08/0035","CRITICAL","REQUEST FOR PRE-NEGOTIATION CHARGE BREAKDOWN MATCHING DEBIT PASSED TO CUSTOMER‚ÄôS NAIRA ACCOUNT",51.0493272221647,"Breached SLA"
"First  City Monument Bank","KACHASI v1.x","FC/01/08/0034","HIGH","FORM A VALIDATION",4.08397083333693,"Within SLA"
"First  City Monument Bank","KACHASI v1.x","FC/31/07/0033","HIGH","CUSTOM DUTY PAYMENT AUTHORIZATION FAILING",3.82183555554366,"Within SLA"
"First  City Monument Bank","KACHASI v1.x","FC/31/07/0032","HIGH","UNABLE TO FETCH FORM A NUMBER",26.6279769443208,"Within SLA"
"First  City Monument Bank","KACHASI v1.x","FC/28/07/0031","HIGH","UNABLE TO PROCESS BODOGWU CUSTOM DUTY""",78.6950405555544,"Breached SLA"
"First  City Monument Bank","KACHASI v1.x","FC/22/07/0030","HIGH","REQUEST FOR FX PURCHASES",5.7871022222098,"Within SLA"
"First  City Monument Bank","KACHASI v1.x","FC/21/07/0029","HIGH","INVALID SDG ERROR ON CUSTOM DUTY PAYMENT",30.3772386111086,"Within SLA"
"First  City Monument Bank","KACHASI v1.x","FC/17/07/0028","HIGH","INVALID SDG ERROR ON CUSTOM DUTY PAYMENT",22.018705833354,"Within SLA"
"First  City Monument Bank","KACHASI v1.x","FC/17/07/0009","HIGH","NESS Fee",145.835056111158,"Breached SLA"
"First  City Monument Bank","KACHASI v1.x","FC/16/07/0027","HIGH","FX Bid Request Issue",142.207920555607,"Breached SLA"
"First  City Monument Bank","KACHASI v1.x","FC/11/07/0026","HIGH","User unable to approve custom duty",0.455137777898926,"Within SLA"
"First  City Monument Bank","KACHASI v1.x","FC/11/07/0025","HIGH","Unable to create intervention account",243.29809138889,"Breached SLA"
"First  City Monument Bank","KACHASI v1.x","FC/09/07/0024","HIGH","ERROR ON TRADEX- PERFECT PACKAGING LTD-0728572011",52.9679644443677,"Within SLA"
"First  City Monument Bank","TENTACLES","FC/08/07/0023","CRITICAL","ISSUE WITH TSA/ TAXES",353.517105833336,"Breached SLA"
"First  City Monument Bank","KACHASI v1.x","FC/07/07/0022","HIGH","PRENEG CHALLENGE",210.692806666601,"Breached SLA"
"First  City Monument Bank","KACHASI v1.x","FC/04/07/0021","HIGH","Challenge on Pre neg",0.778645833372138,"Within SLA"
"First  City Monument Bank","TENTACLES","FC/01/07/0006","CRITICAL","DUPLICATE REMITTANCES FOR CUSTOM",73.0817133334349,"Breached SLA"
"First  City Monument Bank","KACHASI v1.x","FC/01/07/0020","HIGH","PRE-NEGOTIATION CHARGE BREAKDOWN",987.014975277765,"Breached SLA"
"First  City Monument Bank","KACHASI v1.x","FC/30/06/0019","CRITICAL","TSA ENCRYPTED REQ AND RESPONSE",1.1958586112014,"Within SLA"
"First  City Monument Bank","KACHASI v1.x","FC/26/06/0018","HIGH","Transaction DIDNt flow to swift",138.277369999909,"Breached SLA"
"First  City Monument Bank","TENTACLES","FC/25/06/0017","CRITICAL","Corebanking Service Is Not Coming Up",22.578882499889,"Within SLA"
"First  City Monument Bank","KACHASI v1.x","FC/24/06/0016","CRITICAL","OPEN SSL VULNERABILITY",4.48690472217277,"Within SLA"
"First  City Monument Bank","TENTACLES","FC/20/06/0015","CRITICAL","ISSUE WITH TRANSMITTING TRANSACTION",118.093363611144,"Breached SLA"
"First  City Monument Bank","KACHASI v1.x","FC/19/06/0014","HIGH","FORMS M CANCELLATION- CROWN FLOUR LIMITED",198.402688333299,"Breached SLA"
"First  City Monument Bank","TENTACLES","FC/16/06/0013","CRITICAL","ISSUE IS TOSSER ON TENTACLES",6.24881249992177,"Within SLA"
"First  City Monument Bank","TENTACLES","FC/16/06/0012","CRITICAL","AUTTOMATION OF NCS REST TO ALLOW TRANSACTION SIMULTANEOUSLY",893.168639166572,"Breached SLA"
"First  City Monument Bank","TENTACLES","FC/16/06/0011","CRITICAL","Bodogwu not getting new duty",9.02893194439821,"Within SLA"
"First  City Monument Bank","KACHASI v1.x","FC/16/06/0010","CRITICAL","PRENEG REPORT",6.31289916671813,"Within SLA"
"First  City Monument Bank","KACHASI v1.x","FC/16/06/0009","CRITICAL","DISCREPANCY IN BREAKDOWN FROM TRADEX AND NAIRA ACCOUNT DEBIT ABUJA STEEL MILLS LIMITED",52.9788905555033,"Breached SLA"
"First  City Monument Bank","KACHASI v1.x","FC/11/06/0008","CRITICAL","UNABLE TO APPROVE FORM A",46.2030125000747,"Breached SLA"
"First  City Monument Bank","TENTACLES","FC/11/06/0007","HIGH","ERROR HANDLING",50.8329230553936,"Within SLA"
"First  City Monument Bank","TENTACLES","FC/10/06/0005","HIGH","COREBANKING CHALLENGE ON TENTACLES",1.42335083341459,"Within SLA"
"First  City Monument Bank","KACHASI v1.x","FC/10/06/0004","HIGH","SECURITY REGISTER - Q1 2025 INTERNAL VAPT",193.398204444442,"Breached SLA"
"First  City Monument Bank","TENTACLES","FC/10/06/0003","CRITICAL","FAILED TO IMPORT CUSTOME DUTY FOR A65",5.72278194443788,"Within SLA"
"First  City Monument Bank","KACHASI v1.x","FC/05/06/0002","LOW","UNABLE TO TREAT CUSTOM DUTY",0.100096388894599,"Within SLA"
"First  City Monument Bank","KACHASI v1.x","FC/05/06/0001","LOW","UNABLE TO CASH BACK UNCONFIRMED LC",329.948928333353,"Breached SLA"
"First  City Monument Bank","TENTACLES","FC/05/06/0002","CRITICAL","INCLUSION OF OTHER PORTS ON NCS REST",3.98202444455819,"Within SLA"
"First  City Monument Bank","KACHASI v1.x","FC/05/06/0001","HIGH","FAILED FORM M REQUESTS ON KACHASI",7.69665166659979,"Within SLA"
"First  City Monument Bank","KACHASI v1.x","FC/TR/LIV/250029","HIGH","Unable to process form NXP",501.213551944471,"Breached SLA"
"First  City Monument Bank","TENTACLES","FC/TE/LIV/250001","HIGH","TENTACLES DOWNTIME",500.110310277727,"Breached SLA"
"First  City Monument Bank","KACHASI v1.x","FC/TR/LIV/250028","CRITICAL","Issues with LC",45.2585669444525,"Breached SLA"
"First  City Monument Bank","KACHASI v1.x","FC/TR/LIV/250027","HIGH","EMAIL ADDRESS REQUEST",1777.89389194432,"Breached SLA"
"First  City Monument Bank","KACHASI v1.x","FC/TR/LIV/250026","CRITICAL","CHALLENGE WITH LC FLOWS",5.86325222218875,"Within SLA"
"First  City Monument Bank","KACHASI v1.x","FC/TR/LIV/250025","HIGH","SWIFT ERROR ON KACHASI",2.43987861124333,"Within SLA"
"First  City Monument Bank","KACHASI v1.x","FC/TR/LIV/250024","HIGH","URGENT FIXES ON TRADE X (Fund Type Drop Menu)",1394.83576250001,"Breached SLA"
"First  City Monument Bank","KACHASI v1.x","FC/TR/LIV/250023","HIGH","UNABLE TO PRINT CUSTOM DUTY (b'ODOGWU)",2.86427194444695,"Within SLA"
"First  City Monument Bank","KACHASI v1.x","FC/TR/LIV/250022","HIGH","DISCREPANCY IN BREAKDOWN FROM TRADEX AND NAIRA ACCOUNT DEBIT",143.429532499867,"Breached SLA"
"First  City Monument Bank","KACHASI v1.x","FC/TR/LIV/250021","HIGH","NO REPORT FOR 04-04-2025 on TRADEX",39.2713094443898,"Within SLA"
"First  City Monument Bank","KACHASI v1.x","FC/TR/LIV/250020","HIGH","TLS 1.2 Implementation",2068.53452388884,"Breached SLA"
"First  City Monument Bank","KACHASI v1.x","FC/TR/LIV/250019","CRITICAL","UNABLE TO PAY FOR  eExcisePayment",1968.48800444452,"Breached SLA"
"First  City Monument Bank","KACHASI v1.x","FC/TR/LIV/250018","HIGH","NOTIFICATIONS NOT GOING OUT OF TRADEX",2739.03964888898,"Breached SLA"
"First  City Monument Bank","KACHASI v1.x","FC/TR/LIV/250016","LOW","FX Bids Batch Not Populating",147.985418333381,"Within SLA"
"First  City Monument Bank","KACHASI v1.x","FC/TR/LIV/250015","CRITICAL","ISSUE WITH LC AMENDMENT",1008.34571027773,"Breached SLA"
"First  City Monument Bank","KACHASI v1.x","FC/TR/LIV/250014","CRITICAL","TSA PAYMENT FAILURE",99.8318258334766,"Breached SLA"
"First  City Monument Bank","KACHASI v1.x","FC/TR/LIV/250013","LOW","DISCREPANCY IN BREAKDOWN FROM TRADEX AND NAIRA ACCOUNT",186.254793888889,"Within SLA"
"First  City Monument Bank","KACHASI v1.x","FC/TR/LIV/250012","MEDIUM","VIRAMSUN NIG LTD =====ACCOUNT NO. 3580283017",74.236337777751,"Within SLA"
"First  City Monument Bank","KACHASI v1.x","FC/TR/LIV/250011","HIGH","DISCREPANCY IN BREAKDOWN FROM TRADEX & NAIRA ACCOUNT DEBIT",3.94406861113384,"Within SLA"
"First  City Monument Bank","KACHASI v1.x","FC/TR/LIV/250010","CRITICAL","UNABLE TO COMPLETE PTA CREATION ON TRADEX",22.9054916667519,"Within SLA"
"First  City Monument Bank","KACHASI v1.x","FC/TR/LIV/250009","HIGH","ENQUIRY ON FX TRANSFER  AF20251427480",51.0612658333266,"Within SLA"
"First  City Monument Bank","KACHASI v1.x","FC/TR/LIV/250008","HIGH","PURCHASE OF FX ON FORM M NO. MF20250004233",93.1118361111148,"Breached SLA"
"First  City Monument Bank","KACHASI v1.x","FC/TR/LIV/250007","CRITICAL","Transaction Not Flowing on TSA",867.164298888878,"Breached SLA"
"First  City Monument Bank","KACHASI v1.x","FC/TR/LIV/250006","HIGH","ISSUES WITH ECD LODGEMENT",120.535228888853,"Breached SLA"
"First  City Monument Bank","KACHASI v1.x","FC/TR/LIV/250005","HIGH","TSA Issue",4.5660402776557,"Within SLA"
"First  City Monument Bank","KACHASI v1.x","FC/TR/LIV/250004","HIGH","FAILED FORM M REQUESTS ON KACHASI",29.1840977778775,"Within SLA"
"First  City Monument Bank","KACHASI v1.x","FC/TR/LIV/250003","MEDIUM","ERRORS ON KACHASI FOR PTA/BTA PROCESSING",288.102313055657,"Breached SLA"
"First  City Monument Bank","KACHASI v1.x","FC/TR/LIV/250002","MEDIUM","MISSING SWIFT MESSAGE - FCMB25LC00002",50.0251958331792,"Within SLA"
"First  City Monument Bank","KACHASI v1.x","FC/TR/LIV/250001","HIGH","Architecture Review for TradeX",458.001423055655,"Breached SLA"
"Wema Bank","TENTACLES","WB/15/12/0058","HIGH","Email Notification",72.325262499915,"Breached SLA"
"Wema Bank","KACHASI v2.x","WB/10/12/0057","HIGH","Unable to submit Draft",27.595461666584,"Within SLA"
"Wema Bank","KACHASI v2.x","WB/03/12/0056","MEDIUM","CASH BACK SETUP FOR ZENITH BANK",50.4513102777419,"Within SLA"
"Wema Bank","KACHASI v2.x","WB/03/12/0055","MEDIUM","REQUEST FOR SUPPORT - NOFICATIONS NOT WORKING FOR MILESTONES SET",3049.55033611116,"Breached SLA"
"Wema Bank","KACHASI v2.x","WB/03/12/0054","MEDIUM","REQUEST FOR SUPPORT - FORM M NOT PUPULATING FOR LC",25.7030988889164,"Within SLA"
"Wema Bank","KACHASI v2.x","WB/02/12/0053","HIGH","SCREATION OF ZENITH BANK EURO CLEANLINE UTILIZATION",22.9847469444503,"Within SLA"
"Wema Bank","KACHASI v2.x","WB/28/11/0052","MEDIUM","SUPPORT REQUEST-LC ERROR",70.4091080555809,"Within SLA"
"Wema Bank","KACHASI v2.x","WB/27/11/0051","MEDIUM","request for support- add account for new swift code",98.4908075000276,"Within SLA"
"Wema Bank","KACHASI v2.x","WB/26/11/0050","HIGH","ALAT FOR BUSINESS TRANSACTIONS NOT FLOWING INTO KACHASI",120.720911111101,"Breached SLA"
"Wema Bank","KACHASI v2.x","WB/25/11/0049","HIGH","REQUEST FOR SUPPORT - UNABLE TO CHARGE O FORM M",5.11624555557501,"Within SLA"
"Wema Bank","KACHASI v2.x","WB/24/11/0048","HIGH","Active mq failed to start up",47.6742777776672,"Within SLA"
"Wema Bank","TENTACLES","WB/20/11/0047","HIGH","REQUEST FOR SUPPORT - UNABLE TO PULL IN FORM Ms",123.479789166595,"Breached SLA"
"Wema Bank","KACHASI v2.x","WB/20/11/0046","MEDIUM","REQUEST FOR SUPPORT - CREATION OF ZENITH BANK UK USD CLEANLINE UTILIZATION",123.497359722212,"Breached SLA"
"Wema Bank","KACHASI v2.x","WB/14/11/0045","HIGH","creation of Account",268.754303055641,"Breached SLA"
"Wema Bank","KACHASI v2.x","WB/13/11/0044","MEDIUM","CUSTOMER ACCOUNT STATUS CLOSED",122.451445277897,"Breached SLA"
"Wema Bank","KACHASI v2.x","WB/13/11/0043","HIGH","REQUEST FOR SUP[PRT - LC PROCESSING CHALLNEGE",2.51918638881762,"Within SLA"
"Wema Bank","KACHASI v2.x","WB/13/11/0042","MEDIUM","LC PROCESSING ISSUE",0.750938055629376,"Within SLA"
"Wema Bank","TENTACLES","WB/09/11/0041","MEDIUM","REQUEST FPR SUPPORT - PULL IN FORM Ms PRE- BODOGWU INTERGRATION",377.879531110986,"Breached SLA"
"Wema Bank","KACHASI v2.x","WB/31/10/0040","HIGH","UNABLE TO PULL / REJECT NCX",100.893436388928,"Breached SLA"
"Wema Bank","KACHASI v2.x","WB/31/10/0039","MEDIUM","UNABLE TO PROCESS FORM MS",101.796410555486,"Within SLA"
"Wema Bank","KACHASI v2.x","WB/29/10/0038","HIGH","REQUEST FOR SUPPORT - LOBS FILE SHRINK",41.6801350000896,"Within SLA"
"Wema Bank","KACHASI v2.x","WB/24/10/0037","MEDIUM","UNABLE TO REJECT NCX AND NXP",2.10945583332796,"Within SLA"
"Wema Bank","KACHASI v2.x","WB/23/10/0036","MEDIUM","REQUEST FRO SUPPORT - CHARGES NOT TAKE ON FORM M",1.4573280554032,"Within SLA"
"Wema Bank","KACHASI v2.x","WB/14/10/0035","MEDIUM","REQUEST FOR SUPPORT - POSTING FOR JP MORGAN",3000.29217361123,"Breached SLA"
"Wema Bank","KACHASI v2.x","WB/07/10/0034","HIGH","Report for Transactions flowing from Alat for business",497.807131388923,"Breached SLA"
"Wema Bank","KACHASI v2.x","WB/30/09/0022","HIGH","Trade Help Desk role on Kachasi",45.2098233332508,"Within SLA"
"Wema Bank","KACHASI v2.x","WB/30/09/0033","HIGH","OTP Page is not coming up",0.400023055553902,"Within SLA"
"Wema Bank","KACHASI v2.x","WB/15/09/0032","HIGH","Multiple debits on Swift outgoing and multipl debits for incoming swift",1601.87765222217,"Breached SLA"
"Wema Bank","KACHASI v2.x","WB/12/09/0031","MEDIUM","INABILITY TO REJECT NXP",2.90534361120081,"Within SLA"
"Wema Bank","KACHASI v2.x","WB/08/09/0030","HIGH","SWIFT INFLOW NOT GENERATING ICP NUMBER 8224500246JO",70.993101944332,"Within SLA"
"Wema Bank","KACHASI v2.x","WB/08/09/0029","MEDIUM","ERROR APPROVING NXP",4.61953638884006,"Within SLA"
"Wema Bank","KACHASI v2.x","WB/28/08/0028","MEDIUM","BSUNESS SUPPORT REQUIRED- RELATED FORM M",2.10813583340496,"Within SLA"
"Wema Bank","KACHASI v2.x","WB/27/08/0027","HIGH","Bills Of Collection",22.9319366666023,"Within SLA"
"Wema Bank","KACHASI v2.x","WB/15/08/0026","HIGH","OCP TRANSACTIONS NOT REFLECTING ON KACHASI",143.600772222213,"Breached SLA"
"Wema Bank","KACHASI v2.x","WB/13/08/0025","HIGH","MX CONVERSION",2394.60982611106,"Breached SLA"
"Wema Bank","KACHASI v2.x","WB/13/08/0024","MEDIUM","CHANGE OF NARRATION FOR AMENDMENTS INVOLVING LC",26.7767538889311,"Within SLA"
"Wema Bank","KACHASI v2.x","WB/01/08/0022","HIGH","Post Neg Counterparty Account",1.18956749991048,"Within SLA"
"Wema Bank","TENTACLES","WB/30/07/0021","HIGH","REQUEST FOR SUPPORT - NXPs NOT FETCHING",146.810607500025,"Breached SLA"
"Wema Bank","KACHASI v2.x","WB/29/07/0020","MEDIUM","REQUEST FOR SUPPORT - PROCESSING DEPLOYED 202COV",70.1698183332919,"Within SLA"
"Wema Bank","KACHASI v2.x","WB/29/07/0019","HIGH","Currency not reflecting to initiate a swift message",4.86147250008071,"Within SLA"
"Wema Bank","TENTACLES","WB/18/07/0017","MEDIUM","UNABLE TO FETCH NXP ON KACHASI - XF2025156824 XF2025156830 XF2025156836",51.1370533332811,"Within SLA"
"Wema Bank","KACHASI v2.x","WB/18/07/0015","HIGH","Unable to attach documents on Kachasi UAT",146.594524722314,"Breached SLA"
"Wema Bank","KACHASI v2.x","WB/17/07/0014","MEDIUM","REJECTED TRANSACTION STILL ON KACHASI",0.188244722143281,"Within SLA"
"Wema Bank","KACHASI v2.x","WB/17/07/0013","MEDIUM","UNABLE TO FETCH NXP ON KACHASI - XF2025156733",0.32221777777886,"Within SLA"
"Wema Bank","KACHASI v2.x","WB/14/07/0012","HIGH","NXP ref now reflecting on Kachasi(XG202500035143183)",165.365730277786,"Breached SLA"
"Wema Bank","KACHASI v2.x","WB/14/07/0011","MEDIUM","REQUEST FOR SUPPORT - POST NEG ISSUE",6.42879194451962,"Within SLA"
"Wema Bank","KACHASI v2.x","WB/10/07/0010","MEDIUM","Unable to debit customer on Kachasi",28.2381719444529,"Within SLA"
"Wema Bank","KACHASI v2.x","WB/07/07/0009","MEDIUM","REQUEST FOR SUPPORT - MODIFICATION OF COMMISSION AND VAT ENTERIES FROM BRANCH TRANSIT TO BRANCH INCOME",47.2575983331772,"Within SLA"
"Wema Bank","KACHASI v2.x","WB/07/07/0008","MEDIUM","REQUEST FOR DEPLOYMENT",95.2417388887843,"Within SLA"
"Wema Bank","KACHASI v2.x","WB/03/07/0007","MEDIUM","TEST WEB PLATFORM NOT UP",2.01978416671045,"Within SLA"
"Wema Bank","KACHASI v2.x","WB/26/06/0006","MEDIUM","ERROR APPROVING SWIFT INFLOW",118.495431111194,"Within SLA"
"Wema Bank","KACHASI v2.x","WB/19/06/0005","HIGH","TRANASCTIONS ON QUEUE NOT POPULATING POSTING ENTRIES",24.0530347221647,"Within SLA"
"Wema Bank","KACHASI v2.x","WB/16/06/0004","HIGH","ONBOARDING OF NEW CORRESPONDENT BANK ON KACHASI",50.2970616667299,"Within SLA"
"Wema Bank","KACHASI v2.x","WB/13/06/0003","MEDIUM","MISSING ITEMS ON WORKFLOW",1.30845416674856,"Within SLA"
"Wema Bank","KACHASI v2.x","WB/10/06/0005","HIGH","LC CHARGE UPDATE",5.51421750005102,"Within SLA"
"Wema Bank","KACHASI v2.x","WB/05/06/0002","MEDIUM","FIXED TO BE MADE ON NXP",4051.53068083338,"Breached SLA"
"Wema Bank","KACHASI v2.x","WB/05/06/0001","HIGH","INFLOW REPORTS NOT UPTO DATE",1.74563527770806,"Within SLA"
"Wema Bank","KACHASI v2.x","WB/KA/LIV/250053","HIGH","Unable to submit LC Transaction (DRAFT01262)",1.35658611101098,"Within SLA"
"Wema Bank","KACHASI v2.x","WB/KA/LIV/250052","HIGH","NXP APPROVED BUT SHOWING INACTIVE ON INSTRUMENT",45.2797563888598,"Within SLA"
"Wema Bank","KACHASI v2.x","WB/KA/LIV/250051","CRITICAL","FORM M NOT ON KACHASI AT THE POINT OF LOGING DRAFT FOR LC",22.9325641666073,"Within SLA"
"Wema Bank","KACHASI v2.x","WB/KA/LIV/250050","MEDIUM","LC Expiry Notifications",333.413777499867,"Breached SLA"
"Wema Bank","KACHASI v2.x","WB/KA/LIV/250049","MEDIUM","FORM M WITH UNCLEAR STATUS",6.29956583323656,"Within SLA"
"Wema Bank","KACHASI v2.x","WB/KA/LIV/250048","HIGH","ACTIVATION OF SWIFT MX MESSAGES ON KACHASI",337.680867222254,"Breached SLA"
"Wema Bank","KACHASI v2.x","WB/KA/LIV/250047","HIGH","NXP CHARGE NOT DEBITED FOR XG202500035138291",64.8054491665098,"Within SLA"
"Wema Bank","KACHASI v2.x","WB/KA/LIV/250046","MEDIUM","customer credit limit",5.11634555569617,"Within SLA"
"Wema Bank","KACHASI v2.x","WB/KA/LIV/250044","MEDIUM","Transaction not reflecting on reviewer's queue",21.0282313889475,"Within SLA"
"Wema Bank","KACHASI v2.x","WB/KA/LIV/250043","MEDIUM","NO CHARGES TAKEN FOR FORM Ms",53.9569786112406,"Within SLA"
"Wema Bank","KACHASI v2.x","WB/KA/LIV/250042","CRITICAL","UNABLE TO PULL FORM-M INTO KACHASI MF20250031740",6.31716916663572,"Within SLA"
"Wema Bank","KACHASI v2.x","WB/KA/LIV/250041","MEDIUM","INVALID CHARACTER POSITION",2.81203194439877,"Within SLA"
"Wema Bank","KACHASI v2.x","WB/KA/LIV/250040","CRITICAL","FORM MS NOT DEBITED ON KACHASI AND IT IS ACTIVE",3.40810944442637,"Within SLA"
"Wema Bank","KACHASI v2.x","WB/KA/LIV/250039","CRITICAL","FORM M SHOWNG INACTIVE ON INSTRUMENT ON KACHASI",20.7361599999131,"Within SLA"
"Wema Bank","KACHASI v2.x","WB/KA/LIV/250038","CRITICAL","NXP REJECTED ON KACHASI",5.93549833347788,"Within SLA"
"Wema Bank","KACHASI v2.x","WB/KA/LIV/250037","CRITICAL","NXP WHEN REJECTED ON KACHASI WILL ONLY IMPACT ON TRMS",5.97518472222146,"Within SLA"
"Wema Bank","KACHASI v2.x","WB/KA/LIV/250036","CRITICAL","ADD CURRENCY AED  TO KACHASI TO ENABLE US PULL MF20250028800",1.79321583348792,"Within SLA"
"Wema Bank","KACHASI v2.x","WB/KA/LIV/250034","CRITICAL","UNABLE TO REJECT NXP TRANSACTION",120.11269666662,"Breached SLA"
"Wema Bank","KACHASI v2.x","WB/KA/LIV/250033","MEDIUM","LC Establishments Draft Number Not Changing to LC Ref at F47",219.105493333249,"Breached SLA"
"Wema Bank","KACHASI v2.x","WB/KA/LIV/250031","CRITICAL","UPDATED FORM M REGISTER ON KACHASI",97.9682169443113,"Breached SLA"
"Wema Bank","KACHASI v2.x","WB/KA/LIV/250030","CRITICAL","ENDORSEMENT AND RELEASE OF SHIPPING DOCUMENTS IFO......",22.5236366667668,"Within SLA"
"Wema Bank","KACHASI v2.x","WB/KA/LIV/250029","HIGH","UNABLE TO PULL FORM-M INTO KACHASI",23.8292941666441,"Within SLA"
"Wema Bank","KACHASI v2.x","WB/KA/LIV/250028","HIGH","VISIBLE TRANSFER OPTION NOT WORKING - OUTWARD FX",1.70765472220955,"Within SLA"
"Wema Bank","KACHASI v2.x","WB/KA/LIV/250027","HIGH","Mapping of columns to account numbers for Kachasi report",3.69068888900802,"Within SLA"
"Wema Bank","KACHASI v2.x","WB/KA/LIV/250026","HIGH","Email Notification on Due BC, Expired BL, Expired Form M",2379.97930611111,"Breached SLA"
"Wema Bank","KACHASI v2.x","WB/KA/LIV/250025","CRITICAL","Implementation of New USD Offshore Charges on Kachasi",53.4607883332064,"Breached SLA"
"Wema Bank","KACHASI v2.x","WB/KA/LIV/250024","HIGH","Unable to approve nxp",0.373175277665723,"Within SLA"
"Wema Bank","TENTACLES","WB/TE/LIV/250001","HIGH","Tentacles Downtime",0.616262499941513,"Within SLA"
"Wema Bank","KACHASI v2.x","WB/KA/LIV/250023","CRITICAL","AUTOMATION OF NXP REPORTING TEMPLATE AND CERTIFICATION",2707.20945138886,"Breached SLA"
"Wema Bank","KACHASI v2.x","WB/KA/LIV/250022","HIGH","CNY ERROR ON KACHASI",1.08449666661909,"Within SLA"
"Wema Bank","KACHASI v2.x","WB/KA/LIV/250021","HIGH","Forms M not reflecting after been pulled in Manually.",1.11153333331458,"Within SLA"
"Wema Bank","KACHASI v2.x","WB/KA/LIV/250020","HIGH","Unable to initiate LC transaction",1.52688250009669,"Within SLA"
"Wema Bank","KACHASI v2.x","WB/KA/LIV/250018","HIGH","INTEREST PAYMENT NOT SHOWING ON SUMMARY PAGE",3.7537780557177,"Within SLA"
"Wema Bank","KACHASI v2.x","WB/KA/LIV/250017","CRITICAL","CERTIFICATION OF NXP ON KACHASI",142.505886388826,"Breached SLA"
"Wema Bank","KACHASI v2.x","WB/KA/LIV/250016","CRITICAL","RE: BLANK FORM-M ON KACHASI WORKFLOW FOR MF20250006044",22.8140583332861,"Within SLA"
"Wema Bank","KACHASI v2.x","WB/KA/LIV/250015","CRITICAL","UNABLE TO PULL FORM-M INTO KACHASI",22.6031236110139,"Within SLA"
"Wema Bank","KACHASI v2.x","WB/KA/LIV/250013","HIGH","Transaction not reflecting",16.5624825000996,"Within SLA"
"Wema Bank","KACHASI v2.x","WB/KA/LIV/250011","CRITICAL","BLANK FORM-M ON KACHASI WORKFLOW FOR MF20250006044",96.753395277774,"Breached SLA"
"Wema Bank","KACHASI v2.x","WB/KA/LIV/250008","HIGH","Unable to fetch NXPs",2.19392444455298,"Within SLA"
"Wema Bank","TENTACLES","WB/15/12/0058","HIGH","Email Notification",72.325262499915,"Breached SLA"
"Wema Bank","KACHASI v2.x","WB/10/12/0057","HIGH","Unable to submit Draft",27.595461666584,"Within SLA"
"Wema Bank","KACHASI v2.x","WB/03/12/0056","MEDIUM","CASH BACK SETUP FOR ZENITH BANK",50.4513102777419,"Within SLA"
"Wema Bank","KACHASI v2.x","WB/03/12/0055","MEDIUM","REQUEST FOR SUPPORT - NOFICATIONS NOT WORKING FOR MILESTONES SET",3049.55033611116,"Breached SLA"
"Wema Bank","KACHASI v2.x","WB/03/12/0054","MEDIUM","REQUEST FOR SUPPORT - FORM M NOT PUPULATING FOR LC",25.7030988889164,"Within SLA"
"Wema Bank","KACHASI v2.x","WB/02/12/0053","HIGH","SCREATION OF ZENITH BANK EURO CLEANLINE UTILIZATION",22.9847469444503,"Within SLA"
"Wema Bank","KACHASI v2.x","WB/28/11/0052","MEDIUM","SUPPORT REQUEST-LC ERROR",70.4091080555809,"Within SLA"
"Wema Bank","KACHASI v2.x","WB/27/11/0051","MEDIUM","request for support- add account for new swift code",98.4908075000276,"Within SLA"
"Wema Bank","KACHASI v2.x","WB/26/11/0050","HIGH","ALAT FOR BUSINESS TRANSACTIONS NOT FLOWING INTO KACHASI",120.720911111101,"Breached SLA"
"Wema Bank","KACHASI v2.x","WB/25/11/0049","HIGH","REQUEST FOR SUPPORT - UNABLE TO CHARGE O FORM M",5.11624555557501,"Within SLA"
"Wema Bank","KACHASI v2.x","WB/24/11/0048","HIGH","Active mq failed to start up",47.6742777776672,"Within SLA"
"Wema Bank","TENTACLES","WB/20/11/0047","HIGH","REQUEST FOR SUPPORT - UNABLE TO PULL IN FORM Ms",123.479789166595,"Breached SLA"
"Wema Bank","KACHASI v2.x","WB/20/11/0046","MEDIUM","REQUEST FOR SUPPORT - CREATION OF ZENITH BANK UK USD CLEANLINE UTILIZATION",123.497359722212,"Breached SLA"
"Wema Bank","KACHASI v2.x","WB/14/11/0045","HIGH","creation of Account",268.754303055641,"Breached SLA"
"Wema Bank","KACHASI v2.x","WB/13/11/0044","MEDIUM","CUSTOMER ACCOUNT STATUS CLOSED",122.451445277897,"Breached SLA"
"Wema Bank","KACHASI v2.x","WB/13/11/0043","HIGH","REQUEST FOR SUP[PRT - LC PROCESSING CHALLNEGE",2.51918638881762,"Within SLA"
"Wema Bank","KACHASI v2.x","WB/13/11/0042","MEDIUM","LC PROCESSING ISSUE",0.750938055629376,"Within SLA"
"Wema Bank","TENTACLES","WB/09/11/0041","MEDIUM","REQUEST FPR SUPPORT - PULL IN FORM Ms PRE- BODOGWU INTERGRATION",377.879531110986,"Breached SLA"
"Wema Bank","KACHASI v2.x","WB/31/10/0040","HIGH","UNABLE TO PULL / REJECT NCX",100.893436388928,"Breached SLA"
"Wema Bank","KACHASI v2.x","WB/31/10/0039","MEDIUM","UNABLE TO PROCESS FORM MS",101.796410555486,"Within SLA"
"Wema Bank","KACHASI v2.x","WB/29/10/0038","HIGH","REQUEST FOR SUPPORT - LOBS FILE SHRINK",41.6801350000896,"Within SLA"
"Wema Bank","KACHASI v2.x","WB/24/10/0037","MEDIUM","UNABLE TO REJECT NCX AND NXP",2.10945583332796,"Within SLA"
"Wema Bank","KACHASI v2.x","WB/23/10/0036","MEDIUM","REQUEST FRO SUPPORT - CHARGES NOT TAKE ON FORM M",1.4573280554032,"Within SLA"
"Wema Bank","KACHASI v2.x","WB/14/10/0035","MEDIUM","REQUEST FOR SUPPORT - POSTING FOR JP MORGAN",3000.29217361123,"Breached SLA"
"Wema Bank","KACHASI v2.x","WB/07/10/0034","HIGH","Report for Transactions flowing from Alat for business",497.807131388923,"Breached SLA"
"Wema Bank","KACHASI v2.x","WB/30/09/0022","HIGH","Trade Help Desk role on Kachasi",45.2098233332508,"Within SLA"
"Wema Bank","KACHASI v2.x","WB/30/09/0033","HIGH","OTP Page is not coming up",0.400023055553902,"Within SLA"
"Wema Bank","KACHASI v2.x","WB/15/09/0032","HIGH","Multiple debits on Swift outgoing and multipl debits for incoming swift",1601.87765222217,"Breached SLA"
"Wema Bank","KACHASI v2.x","WB/12/09/0031","MEDIUM","INABILITY TO REJECT NXP",2.90534361120081,"Within SLA"
"Wema Bank","KACHASI v2.x","WB/08/09/0030","HIGH","SWIFT INFLOW NOT GENERATING ICP NUMBER 8224500246JO",70.993101944332,"Within SLA"
"Wema Bank","KACHASI v2.x","WB/08/09/0029","MEDIUM","ERROR APPROVING NXP",4.61953638884006,"Within SLA"
"Wema Bank","KACHASI v2.x","WB/28/08/0028","MEDIUM","BSUNESS SUPPORT REQUIRED- RELATED FORM M",2.10813583340496,"Within SLA"
"Wema Bank","KACHASI v2.x","WB/27/08/0027","HIGH","Bills Of Collection",22.9319366666023,"Within SLA"
"Wema Bank","KACHASI v2.x","WB/15/08/0026","HIGH","OCP TRANSACTIONS NOT REFLECTING ON KACHASI",143.600772222213,"Breached SLA"
"Wema Bank","KACHASI v2.x","WB/13/08/0025","HIGH","MX CONVERSION",2394.60982611106,"Breached SLA"
"Wema Bank","KACHASI v2.x","WB/13/08/0024","MEDIUM","CHANGE OF NARRATION FOR AMENDMENTS INVOLVING LC",26.7767538889311,"Within SLA"
"Wema Bank","KACHASI v2.x","WB/01/08/0022","HIGH","Post Neg Counterparty Account",1.18956749991048,"Within SLA"
"Wema Bank","TENTACLES","WB/30/07/0021","HIGH","REQUEST FOR SUPPORT - NXPs NOT FETCHING",146.810607500025,"Breached SLA"
"Wema Bank","KACHASI v2.x","WB/29/07/0020","MEDIUM","REQUEST FOR SUPPORT - PROCESSING DEPLOYED 202COV",70.1698183332919,"Within SLA"
"Wema Bank","KACHASI v2.x","WB/29/07/0019","HIGH","Currency not reflecting to initiate a swift message",4.86147250008071,"Within SLA"
"Wema Bank","TENTACLES","WB/18/07/0017","MEDIUM","UNABLE TO FETCH NXP ON KACHASI - XF2025156824 XF2025156830 XF2025156836",51.1370533332811,"Within SLA"
"Wema Bank","KACHASI v2.x","WB/18/07/0015","HIGH","Unable to attach documents on Kachasi UAT",146.594524722314,"Breached SLA"
"Wema Bank","KACHASI v2.x","WB/17/07/0014","MEDIUM","REJECTED TRANSACTION STILL ON KACHASI",0.188244722143281,"Within SLA"
"Wema Bank","KACHASI v2.x","WB/17/07/0013","MEDIUM","UNABLE TO FETCH NXP ON KACHASI - XF2025156733",0.32221777777886,"Within SLA"
"Wema Bank","KACHASI v2.x","WB/14/07/0012","HIGH","NXP ref now reflecting on Kachasi(XG202500035143183)",165.365730277786,"Breached SLA"
"Wema Bank","KACHASI v2.x","WB/14/07/0011","MEDIUM","REQUEST FOR SUPPORT - POST NEG ISSUE",6.42879194451962,"Within SLA"
"Wema Bank","KACHASI v2.x","WB/10/07/0010","MEDIUM","Unable to debit customer on Kachasi",28.2381719444529,"Within SLA"
"Wema Bank","KACHASI v2.x","WB/07/07/0009","MEDIUM","REQUEST FOR SUPPORT - MODIFICATION OF COMMISSION AND VAT ENTERIES FROM BRANCH TRANSIT TO BRANCH INCOME",47.2575983331772,"Within SLA"
"Wema Bank","KACHASI v2.x","WB/07/07/0008","MEDIUM","REQUEST FOR DEPLOYMENT",95.2417388887843,"Within SLA"
"Wema Bank","KACHASI v2.x","WB/03/07/0007","MEDIUM","TEST WEB PLATFORM NOT UP",2.01978416671045,"Within SLA"
"Wema Bank","KACHASI v2.x","WB/26/06/0006","MEDIUM","ERROR APPROVING SWIFT INFLOW",118.495431111194,"Within SLA"
"Wema Bank","KACHASI v2.x","WB/19/06/0005","HIGH","TRANASCTIONS ON QUEUE NOT POPULATING POSTING ENTRIES",24.0530347221647,"Within SLA"
"Wema Bank","KACHASI v2.x","WB/16/06/0004","HIGH","ONBOARDING OF NEW CORRESPONDENT BANK ON KACHASI",50.2970616667299,"Within SLA"
"Wema Bank","KACHASI v2.x","WB/13/06/0003","MEDIUM","MISSING ITEMS ON WORKFLOW",1.30845416674856,"Within SLA"
"Wema Bank","KACHASI v2.x","WB/10/06/0005","HIGH","LC CHARGE UPDATE",5.51421750005102,"Within SLA"
"Wema Bank","KACHASI v2.x","WB/05/06/0002","MEDIUM","FIXED TO BE MADE ON NXP",4051.53068083338,"Breached SLA"
"Wema Bank","KACHASI v2.x","WB/05/06/0001","HIGH","INFLOW REPORTS NOT UPTO DATE",1.74563527770806,"Within SLA"
"Wema Bank","KACHASI v2.x","WB/KA/LIV/250053","HIGH","Unable to submit LC Transaction (DRAFT01262)",1.35658611101098,"Within SLA"
"Wema Bank","KACHASI v2.x","WB/KA/LIV/250052","HIGH","NXP APPROVED BUT SHOWING INACTIVE ON INSTRUMENT",45.2797563888598,"Within SLA"
"Wema Bank","KACHASI v2.x","WB/KA/LIV/250051","CRITICAL","FORM M NOT ON KACHASI AT THE POINT OF LOGING DRAFT FOR LC",22.9325641666073,"Within SLA"
"Wema Bank","KACHASI v2.x","WB/KA/LIV/250050","MEDIUM","LC Expiry Notifications",333.413777499867,"Breached SLA"
"Wema Bank","KACHASI v2.x","WB/KA/LIV/250049","MEDIUM","FORM M WITH UNCLEAR STATUS",6.29956583323656,"Within SLA"
"Wema Bank","KACHASI v2.x","WB/KA/LIV/250048","HIGH","ACTIVATION OF SWIFT MX MESSAGES ON KACHASI",337.680867222254,"Breached SLA"
"Wema Bank","KACHASI v2.x","WB/KA/LIV/250047","HIGH","NXP CHARGE NOT DEBITED FOR XG202500035138291",64.8054491665098,"Within SLA"
"Wema Bank","KACHASI v2.x","WB/KA/LIV/250046","MEDIUM","customer credit limit",5.11634555569617,"Within SLA"
"Wema Bank","KACHASI v2.x","WB/KA/LIV/250044","MEDIUM","Transaction not reflecting on reviewer's queue",21.0282313889475,"Within SLA"
"Wema Bank","KACHASI v2.x","WB/KA/LIV/250043","MEDIUM","NO CHARGES TAKEN FOR FORM Ms",53.9569786112406,"Within SLA"
"Wema Bank","KACHASI v2.x","WB/KA/LIV/250042","CRITICAL","UNABLE TO PULL FORM-M INTO KACHASI MF20250031740",6.31716916663572,"Within SLA"
"Wema Bank","KACHASI v2.x","WB/KA/LIV/250041","MEDIUM","INVALID CHARACTER POSITION",2.81203194439877,"Within SLA"
"Wema Bank","KACHASI v2.x","WB/KA/LIV/250040","CRITICAL","FORM MS NOT DEBITED ON KACHASI AND IT IS ACTIVE",3.40810944442637,"Within SLA"
"Wema Bank","KACHASI v2.x","WB/KA/LIV/250039","CRITICAL","FORM M SHOWNG INACTIVE ON INSTRUMENT ON KACHASI",20.7361599999131,"Within SLA"
"Wema Bank","KACHASI v2.x","WB/KA/LIV/250038","CRITICAL","NXP REJECTED ON KACHASI",5.93549833347788,"Within SLA"
"Wema Bank","KACHASI v2.x","WB/KA/LIV/250037","CRITICAL","NXP WHEN REJECTED ON KACHASI WILL ONLY IMPACT ON TRMS",5.97518472222146,"Within SLA"
"Wema Bank","KACHASI v2.x","WB/KA/LIV/250036","CRITICAL","ADD CURRENCY AED  TO KACHASI TO ENABLE US PULL MF20250028800",1.79321583348792,"Within SLA"
"Wema Bank","KACHASI v2.x","WB/KA/LIV/250034","CRITICAL","UNABLE TO REJECT NXP TRANSACTION",120.11269666662,"Breached SLA"
"Wema Bank","KACHASI v2.x","WB/KA/LIV/250033","MEDIUM","LC Establishments Draft Number Not Changing to LC Ref at F47",219.105493333249,"Breached SLA"
"Wema Bank","KACHASI v2.x","WB/KA/LIV/250031","CRITICAL","UPDATED FORM M REGISTER ON KACHASI",97.9682169443113,"Breached SLA"
"Wema Bank","KACHASI v2.x","WB/KA/LIV/250030","CRITICAL","ENDORSEMENT AND RELEASE OF SHIPPING DOCUMENTS IFO......",22.5236366667668,"Within SLA"
"Wema Bank","KACHASI v2.x","WB/KA/LIV/250029","HIGH","UNABLE TO PULL FORM-M INTO KACHASI",23.8292941666441,"Within SLA"
"Wema Bank","KACHASI v2.x","WB/KA/LIV/250028","HIGH","VISIBLE TRANSFER OPTION NOT WORKING - OUTWARD FX",1.70765472220955,"Within SLA"
"Wema Bank","KACHASI v2.x","WB/KA/LIV/250027","HIGH","Mapping of columns to account numbers for Kachasi report",3.69068888900802,"Within SLA"
"Wema Bank","KACHASI v2.x","WB/KA/LIV/250026","HIGH","Email Notification on Due BC, Expired BL, Expired Form M",2379.97930611111,"Breached SLA"
"Wema Bank","KACHASI v2.x","WB/KA/LIV/250025","CRITICAL","Implementation of New USD Offshore Charges on Kachasi",53.4607883332064,"Breached SLA"
"Wema Bank","KACHASI v2.x","WB/KA/LIV/250024","HIGH","Unable to approve nxp",0.373175277665723,"Within SLA"
"Wema Bank","TENTACLES","WB/TE/LIV/250001","HIGH","Tentacles Downtime",0.616262499941513,"Within SLA"
"Wema Bank","KACHASI v2.x","WB/KA/LIV/250023","CRITICAL","AUTOMATION OF NXP REPORTING TEMPLATE AND CERTIFICATION",2707.20945138886,"Breached SLA"
"Wema Bank","KACHASI v2.x","WB/KA/LIV/250022","HIGH","CNY ERROR ON KACHASI",1.08449666661909,"Within SLA"
"Wema Bank","KACHASI v2.x","WB/KA/LIV/250021","HIGH","Forms M not reflecting after been pulled in Manually.",1.11153333331458,"Within SLA"
"Wema Bank","KACHASI v2.x","WB/KA/LIV/250020","HIGH","Unable to initiate LC transaction",1.52688250009669,"Within SLA"
"Wema Bank","KACHASI v2.x","WB/KA/LIV/250018","HIGH","INTEREST PAYMENT NOT SHOWING ON SUMMARY PAGE",3.7537780557177,"Within SLA"
"Wema Bank","KACHASI v2.x","WB/KA/LIV/250017","CRITICAL","CERTIFICATION OF NXP ON KACHASI",142.505886388826,"Breached SLA"
"Wema Bank","KACHASI v2.x","WB/KA/LIV/250016","CRITICAL","RE: BLANK FORM-M ON KACHASI WORKFLOW FOR MF20250006044",22.8140583332861,"Within SLA"
"Wema Bank","KACHASI v2.x","WB/KA/LIV/250015","CRITICAL","UNABLE TO PULL FORM-M INTO KACHASI",22.6031236110139,"Within SLA"
"Wema Bank","KACHASI v2.x","WB/KA/LIV/250013","HIGH","Transaction not reflecting",16.5624825000996,"Within SLA"
"Wema Bank","KACHASI v2.x","WB/KA/LIV/250011","CRITICAL","BLANK FORM-M ON KACHASI WORKFLOW FOR MF20250006044",96.753395277774,"Breached SLA"
"Wema Bank","KACHASI v2.x","WB/KA/LIV/250008","HIGH","Unable to fetch NXPs",2.19392444455298,"Within SLA"
"First  City Monument Bank","KACHASI v1.x","FC/12/12/0076","CRITICAL","Create Idris Adisa ON ISura",0.919549722166266,"Within SLA"
"First  City Monument Bank","KACHASI v1.x","FC/12/12/0075","HIGH","Pre-Charges Not taken",816.242169722216,"Breached SLA"
"First  City Monument Bank","KACHASI v1.x","FC/12/11/0074","HIGH","PENDING CUSTOM DUTY APPROVAL IFO 1023890781 ( 25423)",27.0630422221147,"Within SLA"
"First  City Monument Bank","KACHASI v1.x","FC/11/11/0073","CRITICAL","FAILED TRANSMISSION ON CUSTOM DUTY PAYMENT",46.1350302777719,"Breached SLA"
"First  City Monument Bank","KACHASI v1.x","FC/10/11/0071","HIGH","REQUEST FOR PRE-NEGOTIATION BREAKDWON",27.1674658333068,"Within SLA"
"First  City Monument Bank","KACHASI v1.x","FC/06/11/0070","CRITICAL","CUSTOM DUTY PAYMENT YET TO SETTLED",21.4195383331971,"Within SLA"
"First  City Monument Bank","KACHASI v1.x","FC/03/11/0069","CRITICAL","KACHASI SWIFT MANAGER ERROR",15.5845111111994,"Within SLA"
"First  City Monument Bank","KACHASI v1.x","FC/03/11/0068","HIGH","UNABLE TO GENERATE RECEIPT ON TRADEX",30.3312477779109,"Within SLA"
"First  City Monument Bank","KACHASI v1.x","FC/30/10/0067","HIGH","Pending Custom Duty Payment",16.9225080554606,"Within SLA"
"First  City Monument Bank","KACHASI v1.x","FC/22/10/0065","HIGH","EXCESS FX PURCHASE IFO PIVOT INTEGRATED ENERGY SERVICES LIMITED  LC WITH MAY ADD CLAUSE",24.179055277782,"Within SLA"
"First  City Monument Bank","KACHASI v1.x","FC/14/10/0064","CRITICAL","CUSTOM TRANSACTIONS YET TO BE TRANSIMITED 09-10-2025",27.3766611110768,"Breached SLA"
"First  City Monument Bank","KACHASI v1.x","FC/13/10/0063","CRITICAL","Finacle SSL Update",2.94053583336063,"Within SLA"
"First  City Monument Bank","KACHASI v1.x","FC/10/10/0062","HIGH","ROBUST INTERNATIONAL COMMODITIES LTD NXP XG202500214148606",68.9632677777554,"Within SLA"
"First  City Monument Bank","KACHASI v1.x","FC/09/10/0061","CRITICAL","LC Transaction Not Showing On Swift Outgoing Messages",6.9545630554785,"Within SLA"
"First  City Monument Bank","KACHASI v1.x","FC/08/10/0060","CRITICAL","TRANSMISSION OF FAILED CUSTOM DUTY PAYMENT",46.1104936109623,"Breached SLA"
"First  City Monument Bank","KACHASI v1.x","FC/03/10/0023","CRITICAL","Unable to access the report",0.807398333447054,"Within SLA"
"First  City Monument Bank","KACHASI v1.x","FC/02/10/0059","CRITICAL","Workflow Errors",7.63467000005767,"Within SLA"
"First  City Monument Bank","KACHASI v1.x","FC/02/10/0058","HIGH","UNSETTLED CUSTOM DUTY",23.6643569443258,"Within SLA"
"First  City Monument Bank","KACHASI v1.x","FC/30/09/0057","CRITICAL","SERVICE DEGRATION ON KACHASI",3.30818527779775,"Within SLA"
"First  City Monument Bank","KACHASI v1.x","FC/30/09/0056","CRITICAL","Unable to launch Tradex URL",5.27577555557946,"Within SLA"
"First  City Monument Bank","KACHASI v1.x","FC/29/09/0021","HIGH","FAILED REQUESTS ON KACHASI FOR FORMS M CANCELLATION",212.178965555504,"Breached SLA"
"First  City Monument Bank","KACHASI v1.x","FC/29/09/0055","HIGH","REPORT OF RECONCILIATION - OUTSTANDING TRADE OBLIGATION ON TAURUS OILA AND GAS LIMITED",70.4525322222034,"Within SLA"
"First  City Monument Bank","KACHASI v1.x","FC/26/09/0054","HIGH","PENDING CUSTOM DUTY APPROVAL IFO CHARDON GLOBAL SERVICES NIG",106.377771944564,"Breached SLA"
"First  City Monument Bank","KACHASI v1.x","FC/24/09/0053","HIGH","SETTLEMENT ISSUE ON COLLECTION ACCOUNT",175.925950000004,"Breached SLA"
"First  City Monument Bank","KACHASI v1.x","FC/24/09/0052","CRITICAL","CUSTOM DUTY PAYMENT:TAXES NOT TRANSMITTED",41.6313263888005,"Breached SLA"
"First  City Monument Bank","KACHASI v1.x","FC/10/09/0051","HIGH","KACHASI POSTING ERROR FCMB25LC00172",192.42551999999,"Breached SLA"
"First  City Monument Bank","KACHASI v1.x","FC/09/09/0019","HIGH","FX FUNDS TRANSFER- TRADE",3.26730694435537,"Within SLA"
"First  City Monument Bank","KACHASI v1.x","FC/09/09/0050","HIGH","REQUEST TO PURCHASE FX",20.0057597222622,"Within SLA"
"First  City Monument Bank","KACHASI v1.x","FC/03/09/0049","CRITICAL","RE: FCMB NXP - NESS Payment  01-09-2025",109.262032500061,"Breached SLA"
"First  City Monument Bank","KACHASI v1.x","FC/03/09/0048","CRITICAL","TRANSMISSION OF FAILED CUSTOM DUTY PAYMENT",209.858126666746,"Breached SLA"
"First  City Monument Bank","KACHASI v1.x","FC/03/09/0047","HIGH","DOUBLE DEBIT OF CUSTOMERS FOR CUSTOM DUTY PAYMENT",116.323728333344,"Breached SLA"
"First  City Monument Bank","KACHASI v1.x","FC/01/09/0046","HIGH","RE: DRAFT LC IRO MASTERSTROKES PACKAGES -- MF20250073374",19.835481944494,"Within SLA"
"First  City Monument Bank","KACHASI v1.x","FC/27/08/0045","HIGH","CANCELLED ASSESSMENTS",23.7785147221293,"Within SLA"
"First  City Monument Bank","KACHASI v1.x","FC/26/08/0044","HIGH","NXP Transaction not validating on the Portal",50.1819611111423,"Within SLA"
"First  City Monument Bank","KACHASI v1.x","FC/22/08/0043","CRITICAL","BACKEND CLOSURE OF THE LODGEMENT",168.636838333332,"Breached SLA"
"First  City Monument Bank","KACHASI v1.x","FC/22/08/0042","HIGH","KACHASI ERROR ON LODGMENT",4.29336638882523,"Within SLA"
"First  City Monument Bank","KACHASI v1.x","FC/21/08/0041","CRITICAL","KACHASI SWIFT MANAGER ERROR",23.1656255556154,"Within SLA"
"First  City Monument Bank","KACHASI v1.x","FC/20/08/0012","HIGH","Form A Number Not Populated",46.1522213889984,"Within SLA"
"First  City Monument Bank","KACHASI v1.x","FC/20/08/0040","HIGH","Iintervention Account Error",26.5852658333606,"Within SLA"
"First  City Monument Bank","KACHASI v1.x","FC/15/08/0039","HIGH","Custom Duty Receipts Not Printing",5.13206388900289,"Within SLA"
"First  City Monument Bank","KACHASI v1.x","FC/12/08/0038","CRITICAL","CHALLENEG WITH FX BID",389.75715194433,"Breached SLA"
"First  City Monument Bank","KACHASI v1.x","FC/11/08/0037","HIGH","Preneg Issue",4.3528783331858,"Within SLA"
"First  City Monument Bank","KACHASI v1.x","FC/06/08/0036","HIGH","FAILED CUSTOM DUTY PAYMENT",48.7945769444341,"Within SLA"
"First  City Monument Bank","KACHASI v1.x","FC/05/08/0035","CRITICAL","REQUEST FOR PRE-NEGOTIATION CHARGE BREAKDOWN MATCHING DEBIT PASSED TO CUSTOMER‚ÄôS NAIRA ACCOUNT",51.0493272221647,"Breached SLA"
"First  City Monument Bank","KACHASI v1.x","FC/01/08/0034","HIGH","FORM A VALIDATION",4.08397083333693,"Within SLA"
"First  City Monument Bank","KACHASI v1.x","FC/31/07/0033","HIGH","CUSTOM DUTY PAYMENT AUTHORIZATION FAILING",3.82183555554366,"Within SLA"
"First  City Monument Bank","KACHASI v1.x","FC/31/07/0032","HIGH","UNABLE TO FETCH FORM A NUMBER",26.6279769443208,"Within SLA"
"First  City Monument Bank","KACHASI v1.x","FC/28/07/0031","HIGH","UNABLE TO PROCESS BODOGWU CUSTOM DUTY""",78.6950405555544,"Breached SLA"
"First  City Monument Bank","KACHASI v1.x","FC/22/07/0030","HIGH","REQUEST FOR FX PURCHASES",5.7871022222098,"Within SLA"
"First  City Monument Bank","KACHASI v1.x","FC/21/07/0029","HIGH","INVALID SDG ERROR ON CUSTOM DUTY PAYMENT",30.3772386111086,"Within SLA"
"First  City Monument Bank","KACHASI v1.x","FC/17/07/0028","HIGH","INVALID SDG ERROR ON CUSTOM DUTY PAYMENT",22.018705833354,"Within SLA"
"First  City Monument Bank","KACHASI v1.x","FC/17/07/0009","HIGH","NESS Fee",145.835056111158,"Breached SLA"
"First  City Monument Bank","KACHASI v1.x","FC/16/07/0027","HIGH","FX Bid Request Issue",142.207920555607,"Breached SLA"
"First  City Monument Bank","KACHASI v1.x","FC/11/07/0026","HIGH","User unable to approve custom duty",0.455137777898926,"Within SLA"
"First  City Monument Bank","KACHASI v1.x","FC/11/07/0025","HIGH","Unable to create intervention account",243.29809138889,"Breached SLA"
"First  City Monument Bank","KACHASI v1.x","FC/09/07/0024","HIGH","ERROR ON TRADEX- PERFECT PACKAGING LTD-0728572011",52.9679644443677,"Within SLA"
"First  City Monument Bank","TENTACLES","FC/08/07/0023","CRITICAL","ISSUE WITH TSA/ TAXES",353.517105833336,"Breached SLA"
"First  City Monument Bank","KACHASI v1.x","FC/07/07/0022","HIGH","PRENEG CHALLENGE",210.692806666601,"Breached SLA"
"First  City Monument Bank","KACHASI v1.x","FC/04/07/0021","HIGH","Challenge on Pre neg",0.778645833372138,"Within SLA"
"First  City Monument Bank","TENTACLES","FC/01/07/0006","CRITICAL","DUPLICATE REMITTANCES FOR CUSTOM",73.0817133334349,"Breached SLA"
"First  City Monument Bank","KACHASI v1.x","FC/01/07/0020","HIGH","PRE-NEGOTIATION CHARGE BREAKDOWN",987.014975277765,"Breached SLA"
"First  City Monument Bank","KACHASI v1.x","FC/30/06/0019","CRITICAL","TSA ENCRYPTED REQ AND RESPONSE",1.1958586112014,"Within SLA"
"First  City Monument Bank","KACHASI v1.x","FC/26/06/0018","HIGH","Transaction DIDNt flow to swift",138.277369999909,"Breached SLA"
"First  City Monument Bank","TENTACLES","FC/25/06/0017","CRITICAL","Corebanking Service Is Not Coming Up",22.578882499889,"Within SLA"
"First  City Monument Bank","KACHASI v1.x","FC/24/06/0016","CRITICAL","OPEN SSL VULNERABILITY",4.48690472217277,"Within SLA"
"First  City Monument Bank","TENTACLES","FC/20/06/0015","CRITICAL","ISSUE WITH TRANSMITTING TRANSACTION",118.093363611144,"Breached SLA"
"First  City Monument Bank","KACHASI v1.x","FC/19/06/0014","HIGH","FORMS M CANCELLATION- CROWN FLOUR LIMITED",198.402688333299,"Breached SLA"
"First  City Monument Bank","TENTACLES","FC/16/06/0013","CRITICAL","ISSUE IS TOSSER ON TENTACLES",6.24881249992177,"Within SLA"
"First  City Monument Bank","TENTACLES","FC/16/06/0012","CRITICAL","AUTTOMATION OF NCS REST TO ALLOW TRANSACTION SIMULTANEOUSLY",893.168639166572,"Breached SLA"
"First  City Monument Bank","TENTACLES","FC/16/06/0011","CRITICAL","Bodogwu not getting new duty",9.02893194439821,"Within SLA"
"First  City Monument Bank","KACHASI v1.x","FC/16/06/0010","CRITICAL","PRENEG REPORT",6.31289916671813,"Within SLA"
"First  City Monument Bank","KACHASI v1.x","FC/16/06/0009","CRITICAL","DISCREPANCY IN BREAKDOWN FROM TRADEX AND NAIRA ACCOUNT DEBIT ABUJA STEEL MILLS LIMITED",52.9788905555033,"Breached SLA"
"First  City Monument Bank","KACHASI v1.x","FC/11/06/0008","CRITICAL","UNABLE TO APPROVE FORM A",46.2030125000747,"Breached SLA"
"First  City Monument Bank","TENTACLES","FC/11/06/0007","HIGH","ERROR HANDLING",50.8329230553936,"Within SLA"
"First  City Monument Bank","TENTACLES","FC/10/06/0005","HIGH","COREBANKING CHALLENGE ON TENTACLES",1.42335083341459,"Within SLA"
"First  City Monument Bank","KACHASI v1.x","FC/10/06/0004","HIGH","SECURITY REGISTER - Q1 2025 INTERNAL VAPT",193.398204444442,"Breached SLA"
"First  City Monument Bank","TENTACLES","FC/10/06/0003","CRITICAL","FAILED TO IMPORT CUSTOME DUTY FOR A65",5.72278194443788,"Within SLA"
"First  City Monument Bank","KACHASI v1.x","FC/05/06/0002","LOW","UNABLE TO TREAT CUSTOM DUTY",0.100096388894599,"Within SLA"
"First  City Monument Bank","KACHASI v1.x","FC/05/06/0001","LOW","UNABLE TO CASH BACK UNCONFIRMED LC",329.948928333353,"Breached SLA"
"First  City Monument Bank","TENTACLES","FC/05/06/0002","CRITICAL","INCLUSION OF OTHER PORTS ON NCS REST",3.98202444455819,"Within SLA"
"First  City Monument Bank","KACHASI v1.x","FC/05/06/0001","HIGH","FAILED FORM M REQUESTS ON KACHASI",7.69665166659979,"Within SLA"
"First  City Monument Bank","KACHASI v1.x","FC/TR/LIV/250029","HIGH","Unable to process form NXP",501.213551944471,"Breached SLA"
"First  City Monument Bank","TENTACLES","FC/TE/LIV/250001","HIGH","TENTACLES DOWNTIME",500.110310277727,"Breached SLA"
"First  City Monument Bank","KACHASI v1.x","FC/TR/LIV/250028","CRITICAL","Issues with LC",45.2585669444525,"Breached SLA"
"First  City Monument Bank","KACHASI v1.x","FC/TR/LIV/250027","HIGH","EMAIL ADDRESS REQUEST",1777.89389194432,"Breached SLA"
"First  City Monument Bank","KACHASI v1.x","FC/TR/LIV/250026","CRITICAL","CHALLENGE WITH LC FLOWS",5.86325222218875,"Within SLA"
"First  City Monument Bank","KACHASI v1.x","FC/TR/LIV/250025","HIGH","SWIFT ERROR ON KACHASI",2.43987861124333,"Within SLA"
"First  City Monument Bank","KACHASI v1.x","FC/TR/LIV/250024","HIGH","URGENT FIXES ON TRADE X (Fund Type Drop Menu)",1394.83576250001,"Breached SLA"
"First  City Monument Bank","KACHASI v1.x","FC/TR/LIV/250023","HIGH","UNABLE TO PRINT CUSTOM DUTY (b'ODOGWU)",2.86427194444695,"Within SLA"
"First  City Monument Bank","KACHASI v1.x","FC/TR/LIV/250022","HIGH","DISCREPANCY IN BREAKDOWN FROM TRADEX AND NAIRA ACCOUNT DEBIT",143.429532499867,"Breached SLA"
"First  City Monument Bank","KACHASI v1.x","FC/TR/LIV/250021","HIGH","NO REPORT FOR 04-04-2025 on TRADEX",39.2713094443898,"Within SLA"
"First  City Monument Bank","KACHASI v1.x","FC/TR/LIV/250020","HIGH","TLS 1.2 Implementation",2068.53452388884,"Breached SLA"
"First  City Monument Bank","KACHASI v1.x","FC/TR/LIV/250019","CRITICAL","UNABLE TO PAY FOR  eExcisePayment",1968.48800444452,"Breached SLA"
"First  City Monument Bank","KACHASI v1.x","FC/TR/LIV/250018","HIGH","NOTIFICATIONS NOT GOING OUT OF TRADEX",2739.03964888898,"Breached SLA"
"First  City Monument Bank","KACHASI v1.x","FC/TR/LIV/250016","LOW","FX Bids Batch Not Populating",147.985418333381,"Within SLA"
"First  City Monument Bank","KACHASI v1.x","FC/TR/LIV/250015","CRITICAL","ISSUE WITH LC AMENDMENT",1008.34571027773,"Breached SLA"
"First  City Monument Bank","KACHASI v1.x","FC/TR/LIV/250014","CRITICAL","TSA PAYMENT FAILURE",99.8318258334766,"Breached SLA"
"First  City Monument Bank","KACHASI v1.x","FC/TR/LIV/250013","LOW","DISCREPANCY IN BREAKDOWN FROM TRADEX AND NAIRA ACCOUNT",186.254793888889,"Within SLA"
"First  City Monument Bank","KACHASI v1.x","FC/TR/LIV/250012","MEDIUM","VIRAMSUN NIG LTD =====ACCOUNT NO. 3580283017",74.236337777751,"Within SLA"
"First  City Monument Bank","KACHASI v1.x","FC/TR/LIV/250011","HIGH","DISCREPANCY IN BREAKDOWN FROM TRADEX & NAIRA ACCOUNT DEBIT",3.94406861113384,"Within SLA"
"First  City Monument Bank","KACHASI v1.x","FC/TR/LIV/250010","CRITICAL","UNABLE TO COMPLETE PTA CREATION ON TRADEX",22.9054916667519,"Within SLA"
"First  City Monument Bank","KACHASI v1.x","FC/TR/LIV/250009","HIGH","ENQUIRY ON FX TRANSFER  AF20251427480",51.0612658333266,"Within SLA"
"First  City Monument Bank","KACHASI v1.x","FC/TR/LIV/250008","HIGH","PURCHASE OF FX ON FORM M NO. MF20250004233",93.1118361111148,"Breached SLA"
"First  City Monument Bank","KACHASI v1.x","FC/TR/LIV/250007","CRITICAL","Transaction Not Flowing on TSA",867.164298888878,"Breached SLA"
"First  City Monument Bank","KACHASI v1.x","FC/TR/LIV/250006","HIGH","ISSUES WITH ECD LODGEMENT",120.535228888853,"Breached SLA"
"First  City Monument Bank","KACHASI v1.x","FC/TR/LIV/250005","HIGH","TSA Issue",4.5660402776557,"Within SLA"
"First  City Monument Bank","KACHASI v1.x","FC/TR/LIV/250004","HIGH","FAILED FORM M REQUESTS ON KACHASI",29.1840977778775,"Within SLA"
"First  City Monument Bank","KACHASI v1.x","FC/TR/LIV/250003","MEDIUM","ERRORS ON KACHASI FOR PTA/BTA PROCESSING",288.102313055657,"Breached SLA"
"First  City Monument Bank","KACHASI v1.x","FC/TR/LIV/250002","MEDIUM","MISSING SWIFT MESSAGE - FCMB25LC00002",50.0251958331792,"Within SLA"
"First  City Monument Bank","KACHASI v1.x","FC/TR/LIV/250001","HIGH","Architecture Review for TradeX",458.001423055655,"Breached SLA"
"Fidelity Bank","KACHASI v2.x","FI/31/12/0072","CRITICAL","Kachasi EOD on 30th moved date to 2026",120.573915833258,"Breached SLA"
"Fidelity Bank","KACHASI v2.x","FI/29/12/0071","HIGH","Duplicated amounts observed during the booking of the Bills Loan",537.879424166749,"Breached SLA"
"Fidelity Bank","KACHASI v2.x","FI/22/12/0070","HIGH","LOAN BOOKING ERROR AND REQUEST FOR ASSISTANCE",26.9495986110996,"Within SLA"
"Fidelity Bank","KACHASI v2.x","FI/18/12/0069","HIGH","KACHASI ERROR ON REPAYMENT",125.527950555494,"Breached SLA"
"Fidelity Bank","KACHASI v2.x","FI/17/12/0068","HIGH","UNABLE TO CREATE CUSTOMER GROUP TO DRAW FROM LIMIT SET UP",25.5123591666925,"Within SLA"
"Fidelity Bank","KACHASI v2.x","FI/12/12/0067","HIGH","DUPLICATE KACHASI LOAN REFERENCES FOR JAMARA OPERATIONS LTD",137.374591111089,"Breached SLA"
"Fidelity Bank","KACHASI v2.x","FI/08/12/0066","HIGH","MT752 WITHOUT CHARGE ENTRIES",25.7658544443548,"Within SLA"
"Fidelity Bank","KACHASI v2.x","FI/01/12/0065","CRITICAL","Optimus application down",261.712685555569,"Breached SLA"
"Fidelity Bank","KACHASI v2.x","FI/25/11/0063","HIGH","ERROR ECOUNTERED ON PAYMENT PROCESSING FB25ILU00109 - JAMARA - $98,700",21.6521427778644,"Within SLA"
"Fidelity Bank","KACHASI v2.x","FI/18/11/0062","HIGH","DUPLICATED INTEREST CHARGES ON FB25ILL00032 - FB25POST00071",1252.53715194447,"Breached SLA"
"Fidelity Bank","KACHASI v2.x","FI/18/11/0061","HIGH","UNABLE TO AUTHORIZE AMENDMENT ON FB25ILU00183 ON KACHSI",6.09241361101158,"Within SLA"
"Fidelity Bank","KACHASI v2.x","FI/12/11/0060","HIGH","Unable to Approve FORM M MF20250111750 MF20250117451",2069.37972583319,"Breached SLA"
"Fidelity Bank","KACHASI v2.x","FI/07/11/0059","HIGH","Double Posting",2687.11450444447,"Breached SLA"
"Fidelity Bank","KACHASI v2.x","FI/06/11/0058","MEDIUM","Error submitting Loan Liquidation",2211.91625999997,"Breached SLA"
"Fidelity Bank","KACHASI v2.x","FI/03/11/0057","CRITICAL","Duplicated Swift Message for FB251020OTP0198",354.964628333459,"Breached SLA"
"Fidelity Bank","KACHASI v2.x","FI/30/10/0056","HIGH","Unable to Generate Receipt for Excise and Import Duty",163.120693055622,"Breached SLA"
"Fidelity Bank","KACHASI v2.x","FI/24/10/0055","MEDIUM","Optimus Email Notification Email",3127.5025886111,"Breached SLA"
"Fidelity Bank","KACHASI v2.x","FI/24/10/0054","HIGH","REJECTION ALERT STOPPED",2528.07337500004,"Breached SLA"
"Fidelity Bank","KACHASI v2.x","FI/16/10/0053","MEDIUM","BID REQUEST FAILED POSTINGS NOT SENT OUT",3.86870666668983,"Within SLA"
"Fidelity Bank","KACHASI v2.x","FI/10/10/0052","HIGH","WRONG ACCOUNT QUOTED LC OPENED REPORT-FB25ILUW00041",75.4612202777644,"Breached SLA"
"Fidelity Bank","KACHASI v2.x","FI/09/10/0051","HIGH","Interest Distribution Report for Q3 2025",10.297176388849,"Within SLA"
"Fidelity Bank","KACHASI v2.x","FI/05/10/0024","CRITICAL","FORM M NOT MIGRATED ON KACHASI ON BODOGWU",62.2667055554339,"Breached SLA"
"Fidelity Bank","KACHASI v2.x","FI/03/10/0050","HIGH","FORM M NOT MIGRATED ON KACHASI ON BODOGWU",165.166150277713,"Breached SLA"
"Fidelity Bank","KACHASI v2.x","FI/03/10/0049","HIGH","MAPPING OF STANDARD CHARTERED BANK EURO AND GBP LEDGER ACCOUNTS TO KACHASI",312.421643055626,"Breached SLA"
"Fidelity Bank","KACHASI v2.x","FI/26/09/0048","HIGH","Transaction status not Update on Optimus OPILC10092500003, OPILC28072500002",3789.32513222226,"Breached SLA"
"Fidelity Bank","KACHASI v2.x","FI/22/09/0047","HIGH","SHIPPING DOCUMENT REGISTER AND MOVEMENT",716.552575833339,"Breached SLA"
"Fidelity Bank","KACHASI v2.x","FI/22/09/0046","HIGH","DEBITED ACCOUNT AFTER REJECTION FB250919OTP0162",578.451986388769,"Breached SLA"
"Fidelity Bank","KACHASI v2.x","FI/18/09/0045","HIGH","KACHASI UNABLE TO RECEIVE MT761 SWIFT MESSAGES",2.72727833327372,"Within SLA"
"Fidelity Bank","KACHASI v2.x","FI/18/09/0044","HIGH","DOM TRANSFERS REFLECTING AS BANK INDUCED TRANSACTIONS",3698.89757083333,"Breached SLA"
"Fidelity Bank","KACHASI v2.x","FI/11/09/0043","HIGH","AUTOMATED SWIFT MESSAGES ON PAYMENTS/REPLENISHMENTS MT799",167.034604166576,"Breached SLA"
"Fidelity Bank","KACHASI v2.x","FI/11/09/0042","HIGH","DUPLICATION OF INTEREST CHARGES. FB25ILU00019",150.335462499876,"Breached SLA"
"Fidelity Bank","KACHASI v2.x","FI/09/09/0041","HIGH","WRONG AMOUNT CHARGES  DERIVED FOR 0.2 CONCESSION MAINTAINED",71.010151110997,"Within SLA"
"Fidelity Bank","KACHASI v2.x","FI/28/08/0040","HIGH","Premature EOM Interest run on kachasi",3889.52759638889,"Breached SLA"
"Fidelity Bank","KACHASI v2.x","FI/27/08/0039","HIGH","Missing columns on DOM TRANSFER report",140.316738055553,"Breached SLA"
"Fidelity Bank","KACHASI v2.x","FI/26/08/0015","MEDIUM","Singlewindow Bodogwu Integration",401.632871388865,"Breached SLA"
"Fidelity Bank","KACHASI v2.x","FI/26/08/0014","MEDIUM","NCS /NCS REST INTEGRATION",25.0215991666191,"Within SLA"
"Fidelity Bank","KACHASI v2.x","FI/22/08/0038","CRITICAL","NCS /NCS REST INTEGRATION",128.886142500036,"Breached SLA"
"Fidelity Bank","KACHASI v2.x","FI/21/08/0037","CRITICAL","MODIFICATION OF SHIPPING DOCUMENT RECIEVED NOTIFICATION FOR NOT VALID FOR FOREX",2.8617236110149,"Within SLA"
"Fidelity Bank","KACHASI v2.x","FI/14/08/0036","HIGH","SUCCESSFUL TRANSACTIONS NOT SHOWING ON KACHASI REPORT SHEETS- INWARD REMITTANCE",27.8736355556175,"Within SLA"
"Fidelity Bank","KACHASI v2.x","FI/12/08/0034","CRITICAL","EMPTY REPORTS FOR BILLS OF COLLECTION REGISTER",47.5970497222734,"Breached SLA"
"Fidelity Bank","KACHASI v2.x","FI/11/08/0033","CRITICAL","Supplier Set Shipping Documents - Date Error",20.2464783332543,"Within SLA"
"Fidelity Bank","KACHASI v2.x","FI/08/08/0032","CRITICAL","KACHASI ERROR",426.085439166636,"Breached SLA"
"Fidelity Bank","KACHASI v2.x","FI/06/08/0031","CRITICAL","PENDING COLLATION ITEM",143.256218055496,"Breached SLA"
"Fidelity Bank","KACHASI v2.x","FI/04/08/0030","CRITICAL","PENDING CBN DEBIT ON CUSTOMS TRANSACTIONS",4.63104638876393,"Within SLA"
"Fidelity Bank","KACHASI v2.x","FI/31/07/0029","HIGH","Inflows above threshold going STP FB250723ITT0084 FB250723ITT0120  FB250725ITT0074",172.90312000009,"Breached SLA"
"Fidelity Bank","KACHASI v2.x","FI/30/07/0028","CRITICAL","FORM A NUMBER NOT SHOWING ON CHARGES NARRATION",318.753266944375,"Breached SLA"
"Fidelity Bank","KACHASI v2.x","FI/22/07/0027","HIGH","Unable to approve or reject inflow FB250718ITT0113",53.2593827776727,"Within SLA"
"Fidelity Bank","KACHASI v2.x","FI/22/07/0026","HIGH","Unable to perform Interest distribution",54.8427983333822,"Within SLA"
"Fidelity Bank","KACHASI v2.x","FI/17/07/0025","CRITICAL","ISSUES WITH STP TRANSACTIONS ON AUTHORIZERS QUEUE ON KACHASI",4900.78777555539,"Breached SLA"
"Fidelity Bank","KACHASI v2.x","FI/14/07/0008","HIGH","UNABLE TO VIEW BIDREQUEST IRO SYNERMED",1.07971416658256,"Within SLA"
"Fidelity Bank","KACHASI v2.x","FI/14/07/0007","MEDIUM","REPORT FOR PAPSS OUTBOUND TRANSFER",216.239462777856,"Breached SLA"
"Fidelity Bank","KACHASI v2.x","FI/07/07/0024","HIGH","FORM M OPENED ON B'ODOGWU NOT ON KACHASI",507.491259166505,"Breached SLA"
"Fidelity Bank","KACHASI v2.x","FI/30/06/0022","CRITICAL","Frequent DB lock on kachasi",4102.21443722217,"Breached SLA"
"Fidelity Bank","KACHASI v2.x","FI/30/06/0021","HIGH","Papss outward transaction charges issues",198.908169999893,"Breached SLA"
"Fidelity Bank","KACHASI v2.x","FI/27/06/0020","CRITICAL","POST POST ERROR",3.70548916660482,"Within SLA"
"Fidelity Bank","KACHASI v2.x","FI/27/06/0019","HIGH","Telex not attached to email notifications",151.092958333378,"Breached SLA"
"Fidelity Bank","KACHASI v2.x","FI/26/06/0018","CRITICAL","GUARANTEE NOT PASSING CONTINGENCY ENTRIES",3.94732555554947,"Within SLA"
"Fidelity Bank","KACHASI v2.x","FI/26/06/0017","HIGH","Pending Duty Remittance",98.3690941666136,"Breached SLA"
"Fidelity Bank","KACHASI v2.x","FI/24/06/0016","CRITICAL","UNABLE TO ACCESS OUTWARD GUARANTEE MENU ON KACHASI",20.7239616667503,"Within SLA"
"Fidelity Bank","KACHASI v2.x","FI/24/06/0015","CRITICAL","MT799 NOT GENERATING ON POST NEG LIQUIDATION",72.0868719445425,"Breached SLA"
"Fidelity Bank","KACHASI v2.x","FI/23/06/0014","HIGH","THIRD CURRENCY TRANSACTIONS DROPPING DIFFERENT AMOUNT ON LEDGER",2082.0902452778,"Breached SLA"
"Fidelity Bank","KACHASI v2.x","FI/17/06/0011","HIGH","Unable to approve PTA registration at the branch authorizer",5.0365630555898,"Within SLA"
"Fidelity Bank","KACHASI v2.x","FI/17/06/0010","CRITICAL","ALERT FOR POST NEG LOAN MATURITY NOT GOING",1249.08101138903,"Breached SLA"
"Fidelity Bank","KACHASI v2.x","FI/17/06/0009","CRITICAL","ALERTS FOR MATURITY SBLC/GUARANTEE NOT GOING",1249.15384750004,"Breached SLA"
"Fidelity Bank","KACHASI v2.x","FI/17/06/0008","CRITICAL","ALERTS FOR DEFERRED PAYMENT NOT GOING",1249.19909638882,"Breached SLA"
"Fidelity Bank","KACHASI v2.x","FI/17/06/0007","CRITICAL","ALERTS FOR BILL OF LADING EXPIRY AND BILL OF EXCHANGE MATURITY NOT GOING",1249.2648511111,"Breached SLA"
"Fidelity Bank","KACHASI v2.x","FI/17/06/0006","CRITICAL","FORM M EXPIRY DATE",1249.28051555558,"Breached SLA"
"Fidelity Bank","KACHASI v2.x","FI/16/06/0005","HIGH","INABILITY TO VIEW USD DEBIT",2.89768888894469,"Within SLA"
"Fidelity Bank","KACHASI v2.x","FI/11/06/0004","CRITICAL","ERROR PROCESSING FB REFERENCE FOR CUSTOMS DUTY  FB25061110835",3.7628416667576,"Within SLA"
"Fidelity Bank","KACHASI v2.x","FI/11/06/0003","CRITICAL","POST POST ROLLOVER PASSING WRONG ENTRIES",153.870869722276,"Breached SLA"
"Fidelity Bank","KACHASI v2.x","FI/10/06/0002","HIGH","Unable to access FB25IBC00266",29.5379449999309,"Within SLA"
"Fidelity Bank","KACHASI v2.x","FI/05/06/0003","MEDIUM","The bank received a visit from the CBN audit team last week regarding our TRMS integration, and a number of compliance-related issues were identified with the current setup.",6741.97364916676,"Breached SLA"
"Fidelity Bank","KACHASI v2.x","FI/05/06/0001","HIGH","Addition of port for customs",1.77067416667705,"Within SLA"
"Fidelity Bank","KACHASI v2.x","FI/KA/LIV/250050","CRITICAL","INCLUSION OF FIELDS TO ECD REGISTER",453.277458333469,"Breached SLA"
"Fidelity Bank","KACHASI v2.x","FI/KA/LIV/250049","CRITICAL","INCOMPLETE REPORTS",3076.00890472223,"Breached SLA"
"Fidelity Bank","KACHASI v2.x","FI/KA/LIV/250048","HIGH","APPROVAL FOR $1,951,500 LC- DUFIL PRIMA FOODS LTD",216.285660000052,"Breached SLA"
"Fidelity Bank","KACHASI v2.x","FI/KA/LIV/250047","CRITICAL","PENDING CBN DEBIT ON CUSTOMS TRANSACTIONS",353.189453611267,"Breached SLA"
"Fidelity Bank","KACHASI v2.x","FI/KA/LIV/250046","CRITICAL","LC LIMIT SETUP ERROR",0.569599444395863,"Within SLA"
"Fidelity Bank","KACHASI v2.x","FI/KA/LIV/250044","HIGH","inflows from stanchart not processed by kachasi STP",1275.9668272222,"Breached SLA"
"Fidelity Bank","KACHASI v2.x","FI/KA/LIV/250043","HIGH","REPORTS OF SHIPPING DOCUMENT REGISTER AND RELEASE",1041.84433500009,"Breached SLA"
"Fidelity Bank","KACHASI v2.x","FI/KA/LIV/250042","CRITICAL","Increase of form M value",97.1505316666444,"Breached SLA"
"Fidelity Bank","KACHASI v2.x","FI/KA/LIV/250041","HIGH","FB2504156924 this item is yet to be collated since 15th",4.98459583340446,"Within SLA"
"Fidelity Bank","KACHASI v2.x","FI/KA/LIV/250040","HIGH","Lc ref is FB24ILL00023 - DANGOTE SUGAR REFINERY.",1.99279250000836,"Within SLA"
"Fidelity Bank","KACHASI v2.x","FI/KA/LIV/250039","HIGH","INABILITY TO FUND FORM M",4.84613388899015,"Within SLA"
"Fidelity Bank","KACHASI v2.x","FI/KA/LIV/250038","HIGH","ERROR WHILE CRETAING ALOAN ACCOINT ON KACHASI",16.9505086111603,"Within SLA"
"Fidelity Bank","KACHASI v2.x","FI/KA/LIV/250037","HIGH","INABILITY TO REJECT AN INWARD REMITTANCE",26.4478894444183,"Within SLA"
"Fidelity Bank","KACHASI v2.x","FI/KA/LIV/250036","HIGH","DOUBLE POST-NEG MONTHLY CHARGES - (FB24ILL00008)",7248.93552222219,"Breached SLA"
"Fidelity Bank","KACHASI v2.x","FI/KA/LIV/250035","HIGH","INABILITY TO PULL FORM M",1.39710666658357,"Within SLA"
"Fidelity Bank","KACHASI v2.x","FI/KA/LIV/250034","HIGH","TRANSACTIONS PROCESSED ON KACHASI NOT GOING TO SWIFT",123.859254166775,"Breached SLA"
"Fidelity Bank","KACHASI v2.x","FI/KA/LIV/250033","HIGH","FORM M PROCESSING ON B'ODOGWU",20.8629277777509,"Within SLA"
"Fidelity Bank","KACHASI v2.x","FI/KA/LIV/250032","HIGH","Duplicated credit limit for customer AYM SHAFA",2402.54998416669,"Breached SLA"
"Fidelity Bank","KACHASI v2.x","FI/KA/LIV/250031","HIGH","FX Collation Error",17.4126586110215,"Within SLA"
"Fidelity Bank","KACHASI v2.x","FI/KA/LIV/250030","HIGH","MT 103 inflows not generating FB references",7.89541749993805,"Within SLA"
"Fidelity Bank","KACHASI v2.x","FI/KA/LIV/250029","CRITICAL","DUPLICATED TRANSACTION ON SWIFT FB250312OTP0069",2120.08745944442,"Breached SLA"
"Fidelity Bank","KACHASI v2.x","FI/KA/LIV/250028","HIGH","DOM Transfer transmitted and still on workflow",8424.12522333342,"Breached SLA"
"Fidelity Bank","KACHASI v2.x","FI/KA/LIV/250027","HIGH","ISSUES WITH PASSING ENTRIES FOR LOAN LIQUIDATION ON KACHASI",24.0699813888059,"Within SLA"
"Fidelity Bank","KACHASI v2.x","FI/KA/LIV/250026","HIGH","ISSUES WITH RECOVERY CHARGES ON KACHASI - Nepal Oil & gas",24.0677300000098,"Within SLA"
"Fidelity Bank","KACHASI v2.x","FI/KA/LIV/250025","HIGH","ISSUE WITH INTEREST ON POST-NEG LOAN FB24POST00136",1.70128611114342,"Within SLA"
"Fidelity Bank","KACHASI v2.x","FI/KA/LIV/250024","HIGH","Credit limit duplicated for a customer",241.684373055585,"Breached SLA"
"Fidelity Bank","KACHASI v2.x","FI/KA/LIV/250023","HIGH","FX FUNDING NOT REFLECTING ON CUSTOMER'S ACCOUNT CROWN FLOUR/",7.77512027771445,"Within SLA"
"Fidelity Bank","KACHASI v2.x","FI/KA/LIV/250022","HIGH","Unable to Submit Inflows on Kachasi",49.0291577777825,"Within SLA"
"Fidelity Bank","KACHASI v2.x","FI/KA/LIV/250021","HIGH","ISSUE WITH LOAN BOOKING ON KACHASI -  A.Y.M SHAFA - ODDO BHF",26.6474888887606,"Within SLA"
"Fidelity Bank","KACHASI v2.x","FI/KA/LIV/250020","HIGH","POST POST TRANSACTION WITHOUT DAILY ACCRUALS AND MONTHLY Dbt",25.9196074999636,"Within SLA"
"Fidelity Bank","KACHASI v2.x","FI/KA/LIV/250019","HIGH","ECD Submsion MF20240070557|HLCUTA12407BIHJ5|FB24ILU00151P-02",2.52536388882436,"Within SLA"
"Fidelity Bank","KACHASI v2.x","FI/KA/LIV/250018","HIGH","ITEMS YET T BE COLLATED",25.5723755554645,"Within SLA"
"Fidelity Bank","KACHASI v2.x","FI/KA/LIV/250017","HIGH","Rate issue on kachasi payload to finacle",5047.25806944439,"Breached SLA"
"Fidelity Bank","KACHASI v2.x","FI/KA/LIV/250016","HIGH","UNABLE TO VIEW FORM M AT POINT OF BID REQUEST",1.22349166654749,"Within SLA"
"Fidelity Bank","KACHASI v2.x","FI/KA/LIV/250015","HIGH","Unable to bid for third currency transactions",1.73478611104656,"Within SLA"
"Fidelity Bank","KACHASI v2.x","FI/KA/LIV/250014","HIGH","Pending duty Items not remitted",7.86149500007741,"Within SLA"
"Fidelity Bank","KACHASI v2.x","FI/KA/LIV/250013","CRITICAL","UTILIZATION REPORT REVIEW",4203.01199694449,"Breached SLA"
"Fidelity Bank","KACHASI v2.x","FI/KA/LIV/250012","HIGH","KACHASI 3RD CURRENCY LOAN REPORTING AS USD",48.1072636111057,"Within SLA"
"Fidelity Bank","KACHASI v2.x","FI/KA/LIV/250011","CRITICAL","Addition of FORM M column on DOM TRANSFER report",330.153046388878,"Breached SLA"
"Fidelity Bank","KACHASI v2.x","FI/KA/LIV/250010","CRITICAL","Multiple credits for inflow FB250129ITT0023",955.352653055568,"Breached SLA"
"Fidelity Bank","KACHASI v2.x","FI/KA/LIV/250008","HIGH","UNABLE TO SUBMIT AMMENDMENT-FB25ILLW000014-NEPAL ENERGIES LT",22.7931841666577,"Within SLA"
"Fidelity Bank","KACHASI v2.x","FI/KA/LIV/250007","CRITICAL","WRONG NARRATION FOR LOAN LIQUIDATION",18.3995049999794,"Within SLA"
"Fidelity Bank","KACHASI v2.x","FI/KA/LIV/250006","CRITICAL","WRONG STATUS REPORT ON INTEREST COLLECTION REPORT",312.814388055587,"Breached SLA"
"Fidelity Bank","KACHASI v2.x","FI/KA/LIV/250005","CRITICAL","INCOMPLETE REPORT FOR NXP OPENED AND REPATRIATION",2833.29910638893,"Breached SLA"
"Fidelity Bank","KACHASI v2.x","FI/KA/LIV/250004","CRITICAL","PARTIAL DISBURSEMENT ON FORM A NOT WORKING IN KACHASI",5888.25111055555,"Breached SLA"
"Fidelity Bank","KACHASI v2.x","FI/KA/LIV/250003","HIGH","DUPLICATED TRANSACTION ON SWIFT (FB250108OTP0156)",3649.01424611115,"Breached SLA"
"Fidelity Bank","KACHASI v2.x","FI/KA/LIV/250002","CRITICAL","DOUBLE CREDIT TO CUSTOMERS ACCOUNTS BY KACHASI",1485.32358833333,"Breached SLA"
"Fidelity Bank","KACHASI v2.x","FI/KA/LIV/250001","CRITICAL","AUTHORISED TIME FOR DOM TRAN FRM BRANCHES DO NOT SHOW& FRONT",1201.56731666654,"Breached SLA"
"Fidelity Bank","KACHASI v2.x","FI/31/12/0072","CRITICAL","Kachasi EOD on 30th moved date to 2026",120.573915833258,"Breached SLA"
"Fidelity Bank","KACHASI v2.x","FI/29/12/0071","HIGH","Duplicated amounts observed during the booking of the Bills Loan",537.879424166749,"Breached SLA"
"Fidelity Bank","KACHASI v2.x","FI/22/12/0070","HIGH","LOAN BOOKING ERROR AND REQUEST FOR ASSISTANCE",26.9495986110996,"Within SLA"
"Fidelity Bank","KACHASI v2.x","FI/18/12/0069","HIGH","KACHASI ERROR ON REPAYMENT",125.527950555494,"Breached SLA"
"Fidelity Bank","KACHASI v2.x","FI/17/12/0068","HIGH","UNABLE TO CREATE CUSTOMER GROUP TO DRAW FROM LIMIT SET UP",25.5123591666925,"Within SLA"
"Fidelity Bank","KACHASI v2.x","FI/12/12/0067","HIGH","DUPLICATE KACHASI LOAN REFERENCES FOR JAMARA OPERATIONS LTD",137.374591111089,"Breached SLA"
"Fidelity Bank","KACHASI v2.x","FI/08/12/0066","HIGH","MT752 WITHOUT CHARGE ENTRIES",25.7658544443548,"Within SLA"
"Fidelity Bank","KACHASI v2.x","FI/01/12/0065","CRITICAL","Optimus application down",261.712685555569,"Breached SLA"
"Fidelity Bank","KACHASI v2.x","FI/25/11/0063","HIGH","ERROR ECOUNTERED ON PAYMENT PROCESSING FB25ILU00109 - JAMARA - $98,700",21.6521427778644,"Within SLA"
"Fidelity Bank","KACHASI v2.x","FI/18/11/0062","HIGH","DUPLICATED INTEREST CHARGES ON FB25ILL00032 - FB25POST00071",1252.53715194447,"Breached SLA"
"Fidelity Bank","KACHASI v2.x","FI/18/11/0061","HIGH","UNABLE TO AUTHORIZE AMENDMENT ON FB25ILU00183 ON KACHSI",6.09241361101158,"Within SLA"
"Fidelity Bank","KACHASI v2.x","FI/12/11/0060","HIGH","Unable to Approve FORM M MF20250111750 MF20250117451",2069.37972583319,"Breached SLA"
"Fidelity Bank","KACHASI v2.x","FI/07/11/0059","HIGH","Double Posting",2687.11450444447,"Breached SLA"
"Fidelity Bank","KACHASI v2.x","FI/06/11/0058","MEDIUM","Error submitting Loan Liquidation",2211.91625999997,"Breached SLA"
"Fidelity Bank","KACHASI v2.x","FI/03/11/0057","CRITICAL","Duplicated Swift Message for FB251020OTP0198",354.964628333459,"Breached SLA"
"Fidelity Bank","KACHASI v2.x","FI/30/10/0056","HIGH","Unable to Generate Receipt for Excise and Import Duty",163.120693055622,"Breached SLA"
"Fidelity Bank","KACHASI v2.x","FI/24/10/0055","MEDIUM","Optimus Email Notification Email",3127.5025886111,"Breached SLA"
"Fidelity Bank","KACHASI v2.x","FI/24/10/0054","HIGH","REJECTION ALERT STOPPED",2528.07337500004,"Breached SLA"
"Fidelity Bank","KACHASI v2.x","FI/16/10/0053","MEDIUM","BID REQUEST FAILED POSTINGS NOT SENT OUT",3.86870666668983,"Within SLA"
"Fidelity Bank","KACHASI v2.x","FI/10/10/0052","HIGH","WRONG ACCOUNT QUOTED LC OPENED REPORT-FB25ILUW00041",75.4612202777644,"Breached SLA"
"Fidelity Bank","KACHASI v2.x","FI/09/10/0051","HIGH","Interest Distribution Report for Q3 2025",10.297176388849,"Within SLA"
"Fidelity Bank","KACHASI v2.x","FI/05/10/0024","CRITICAL","FORM M NOT MIGRATED ON KACHASI ON BODOGWU",62.2667055554339,"Breached SLA"
"Fidelity Bank","KACHASI v2.x","FI/03/10/0050","HIGH","FORM M NOT MIGRATED ON KACHASI ON BODOGWU",165.166150277713,"Breached SLA"
"Fidelity Bank","KACHASI v2.x","FI/03/10/0049","HIGH","MAPPING OF STANDARD CHARTERED BANK EURO AND GBP LEDGER ACCOUNTS TO KACHASI",312.421643055626,"Breached SLA"
"Fidelity Bank","KACHASI v2.x","FI/26/09/0048","HIGH","Transaction status not Update on Optimus OPILC10092500003, OPILC28072500002",3789.32513222226,"Breached SLA"
"Fidelity Bank","KACHASI v2.x","FI/22/09/0047","HIGH","SHIPPING DOCUMENT REGISTER AND MOVEMENT",716.552575833339,"Breached SLA"
"Fidelity Bank","KACHASI v2.x","FI/22/09/0046","HIGH","DEBITED ACCOUNT AFTER REJECTION FB250919OTP0162",578.451986388769,"Breached SLA"
"Fidelity Bank","KACHASI v2.x","FI/18/09/0045","HIGH","KACHASI UNABLE TO RECEIVE MT761 SWIFT MESSAGES",2.72727833327372,"Within SLA"
"Fidelity Bank","KACHASI v2.x","FI/18/09/0044","HIGH","DOM TRANSFERS REFLECTING AS BANK INDUCED TRANSACTIONS",3698.89757083333,"Breached SLA"
"Fidelity Bank","KACHASI v2.x","FI/11/09/0043","HIGH","AUTOMATED SWIFT MESSAGES ON PAYMENTS/REPLENISHMENTS MT799",167.034604166576,"Breached SLA"
"Fidelity Bank","KACHASI v2.x","FI/11/09/0042","HIGH","DUPLICATION OF INTEREST CHARGES. FB25ILU00019",150.335462499876,"Breached SLA"
"Fidelity Bank","KACHASI v2.x","FI/09/09/0041","HIGH","WRONG AMOUNT CHARGES  DERIVED FOR 0.2 CONCESSION MAINTAINED",71.010151110997,"Within SLA"
"Fidelity Bank","KACHASI v2.x","FI/28/08/0040","HIGH","Premature EOM Interest run on kachasi",3889.52759638889,"Breached SLA"
"Fidelity Bank","KACHASI v2.x","FI/27/08/0039","HIGH","Missing columns on DOM TRANSFER report",140.316738055553,"Breached SLA"
"Fidelity Bank","KACHASI v2.x","FI/26/08/0015","MEDIUM","Singlewindow Bodogwu Integration",401.632871388865,"Breached SLA"
"Fidelity Bank","KACHASI v2.x","FI/26/08/0014","MEDIUM","NCS /NCS REST INTEGRATION",25.0215991666191,"Within SLA"
"Fidelity Bank","KACHASI v2.x","FI/22/08/0038","CRITICAL","NCS /NCS REST INTEGRATION",128.886142500036,"Breached SLA"
"Fidelity Bank","KACHASI v2.x","FI/21/08/0037","CRITICAL","MODIFICATION OF SHIPPING DOCUMENT RECIEVED NOTIFICATION FOR NOT VALID FOR FOREX",2.8617236110149,"Within SLA"
"Fidelity Bank","KACHASI v2.x","FI/14/08/0036","HIGH","SUCCESSFUL TRANSACTIONS NOT SHOWING ON KACHASI REPORT SHEETS- INWARD REMITTANCE",27.8736355556175,"Within SLA"
"Fidelity Bank","KACHASI v2.x","FI/12/08/0034","CRITICAL","EMPTY REPORTS FOR BILLS OF COLLECTION REGISTER",47.5970497222734,"Breached SLA"
"Fidelity Bank","KACHASI v2.x","FI/11/08/0033","CRITICAL","Supplier Set Shipping Documents - Date Error",20.2464783332543,"Within SLA"
"Fidelity Bank","KACHASI v2.x","FI/08/08/0032","CRITICAL","KACHASI ERROR",426.085439166636,"Breached SLA"
"Fidelity Bank","KACHASI v2.x","FI/06/08/0031","CRITICAL","PENDING COLLATION ITEM",143.256218055496,"Breached SLA"
"Fidelity Bank","KACHASI v2.x","FI/04/08/0030","CRITICAL","PENDING CBN DEBIT ON CUSTOMS TRANSACTIONS",4.63104638876393,"Within SLA"
"Fidelity Bank","KACHASI v2.x","FI/31/07/0029","HIGH","Inflows above threshold going STP FB250723ITT0084 FB250723ITT0120  FB250725ITT0074",172.90312000009,"Breached SLA"
"Fidelity Bank","KACHASI v2.x","FI/30/07/0028","CRITICAL","FORM A NUMBER NOT SHOWING ON CHARGES NARRATION",318.753266944375,"Breached SLA"
"Fidelity Bank","KACHASI v2.x","FI/22/07/0027","HIGH","Unable to approve or reject inflow FB250718ITT0113",53.2593827776727,"Within SLA"
"Fidelity Bank","KACHASI v2.x","FI/22/07/0026","HIGH","Unable to perform Interest distribution",54.8427983333822,"Within SLA"
"Fidelity Bank","KACHASI v2.x","FI/17/07/0025","CRITICAL","ISSUES WITH STP TRANSACTIONS ON AUTHORIZERS QUEUE ON KACHASI",4900.78777555539,"Breached SLA"
"Fidelity Bank","KACHASI v2.x","FI/14/07/0008","HIGH","UNABLE TO VIEW BIDREQUEST IRO SYNERMED",1.07971416658256,"Within SLA"
"Fidelity Bank","KACHASI v2.x","FI/14/07/0007","MEDIUM","REPORT FOR PAPSS OUTBOUND TRANSFER",216.239462777856,"Breached SLA"
"Fidelity Bank","KACHASI v2.x","FI/07/07/0024","HIGH","FORM M OPENED ON B'ODOGWU NOT ON KACHASI",507.491259166505,"Breached SLA"
"Fidelity Bank","KACHASI v2.x","FI/30/06/0022","CRITICAL","Frequent DB lock on kachasi",4102.21443722217,"Breached SLA"
"Fidelity Bank","KACHASI v2.x","FI/30/06/0021","HIGH","Papss outward transaction charges issues",198.908169999893,"Breached SLA"
"Fidelity Bank","KACHASI v2.x","FI/27/06/0020","CRITICAL","POST POST ERROR",3.70548916660482,"Within SLA"
"Fidelity Bank","KACHASI v2.x","FI/27/06/0019","HIGH","Telex not attached to email notifications",151.092958333378,"Breached SLA"
"Fidelity Bank","KACHASI v2.x","FI/26/06/0018","CRITICAL","GUARANTEE NOT PASSING CONTINGENCY ENTRIES",3.94732555554947,"Within SLA"
"Fidelity Bank","KACHASI v2.x","FI/26/06/0017","HIGH","Pending Duty Remittance",98.3690941666136,"Breached SLA"
"Fidelity Bank","KACHASI v2.x","FI/24/06/0016","CRITICAL","UNABLE TO ACCESS OUTWARD GUARANTEE MENU ON KACHASI",20.7239616667503,"Within SLA"
"Fidelity Bank","KACHASI v2.x","FI/24/06/0015","CRITICAL","MT799 NOT GENERATING ON POST NEG LIQUIDATION",72.0868719445425,"Breached SLA"
"Fidelity Bank","KACHASI v2.x","FI/23/06/0014","HIGH","THIRD CURRENCY TRANSACTIONS DROPPING DIFFERENT AMOUNT ON LEDGER",2082.0902452778,"Breached SLA"
"Fidelity Bank","KACHASI v2.x","FI/17/06/0011","HIGH","Unable to approve PTA registration at the branch authorizer",5.0365630555898,"Within SLA"
"Fidelity Bank","KACHASI v2.x","FI/17/06/0010","CRITICAL","ALERT FOR POST NEG LOAN MATURITY NOT GOING",1249.08101138903,"Breached SLA"
"Fidelity Bank","KACHASI v2.x","FI/17/06/0009","CRITICAL","ALERTS FOR MATURITY SBLC/GUARANTEE NOT GOING",1249.15384750004,"Breached SLA"
"Fidelity Bank","KACHASI v2.x","FI/17/06/0008","CRITICAL","ALERTS FOR DEFERRED PAYMENT NOT GOING",1249.19909638882,"Breached SLA"
"Fidelity Bank","KACHASI v2.x","FI/17/06/0007","CRITICAL","ALERTS FOR BILL OF LADING EXPIRY AND BILL OF EXCHANGE MATURITY NOT GOING",1249.2648511111,"Breached SLA"
"Fidelity Bank","KACHASI v2.x","FI/17/06/0006","CRITICAL","FORM M EXPIRY DATE",1249.28051555558,"Breached SLA"
"Fidelity Bank","KACHASI v2.x","FI/16/06/0005","HIGH","INABILITY TO VIEW USD DEBIT",2.89768888894469,"Within SLA"
"Fidelity Bank","KACHASI v2.x","FI/11/06/0004","CRITICAL","ERROR PROCESSING FB REFERENCE FOR CUSTOMS DUTY  FB25061110835",3.7628416667576,"Within SLA"
"Fidelity Bank","KACHASI v2.x","FI/11/06/0003","CRITICAL","POST POST ROLLOVER PASSING WRONG ENTRIES",153.870869722276,"Breached SLA"
"Fidelity Bank","KACHASI v2.x","FI/10/06/0002","HIGH","Unable to access FB25IBC00266",29.5379449999309,"Within SLA"
"Fidelity Bank","KACHASI v2.x","FI/05/06/0003","MEDIUM","The bank received a visit from the CBN audit team last week regarding our TRMS integration, and a number of compliance-related issues were identified with the current setup.",6741.97364916676,"Breached SLA"
"Fidelity Bank","KACHASI v2.x","FI/05/06/0001","HIGH","Addition of port for customs",1.77067416667705,"Within SLA"
"Fidelity Bank","KACHASI v2.x","FI/KA/LIV/250050","CRITICAL","INCLUSION OF FIELDS TO ECD REGISTER",453.277458333469,"Breached SLA"
"Fidelity Bank","KACHASI v2.x","FI/KA/LIV/250049","CRITICAL","INCOMPLETE REPORTS",3076.00890472223,"Breached SLA"
"Fidelity Bank","KACHASI v2.x","FI/KA/LIV/250048","HIGH","APPROVAL FOR $1,951,500 LC- DUFIL PRIMA FOODS LTD",216.285660000052,"Breached SLA"
"Fidelity Bank","KACHASI v2.x","FI/KA/LIV/250047","CRITICAL","PENDING CBN DEBIT ON CUSTOMS TRANSACTIONS",353.189453611267,"Breached SLA"
"Fidelity Bank","KACHASI v2.x","FI/KA/LIV/250046","CRITICAL","LC LIMIT SETUP ERROR",0.569599444395863,"Within SLA"
"Fidelity Bank","KACHASI v2.x","FI/KA/LIV/250044","HIGH","inflows from stanchart not processed by kachasi STP",1275.9668272222,"Breached SLA"
"Fidelity Bank","KACHASI v2.x","FI/KA/LIV/250043","HIGH","REPORTS OF SHIPPING DOCUMENT REGISTER AND RELEASE",1041.84433500009,"Breached SLA"
"Fidelity Bank","KACHASI v2.x","FI/KA/LIV/250042","CRITICAL","Increase of form M value",97.1505316666444,"Breached SLA"
"Fidelity Bank","KACHASI v2.x","FI/KA/LIV/250041","HIGH","FB2504156924 this item is yet to be collated since 15th",4.98459583340446,"Within SLA"
"Fidelity Bank","KACHASI v2.x","FI/KA/LIV/250040","HIGH","Lc ref is FB24ILL00023 - DANGOTE SUGAR REFINERY.",1.99279250000836,"Within SLA"
"Fidelity Bank","KACHASI v2.x","FI/KA/LIV/250039","HIGH","INABILITY TO FUND FORM M",4.84613388899015,"Within SLA"
"Fidelity Bank","KACHASI v2.x","FI/KA/LIV/250038","HIGH","ERROR WHILE CRETAING ALOAN ACCOINT ON KACHASI",16.9505086111603,"Within SLA"
"Fidelity Bank","KACHASI v2.x","FI/KA/LIV/250037","HIGH","INABILITY TO REJECT AN INWARD REMITTANCE",26.4478894444183,"Within SLA"
"Fidelity Bank","KACHASI v2.x","FI/KA/LIV/250036","HIGH","DOUBLE POST-NEG MONTHLY CHARGES - (FB24ILL00008)",7248.93552222219,"Breached SLA"
"Fidelity Bank","KACHASI v2.x","FI/KA/LIV/250035","HIGH","INABILITY TO PULL FORM M",1.39710666658357,"Within SLA"
"Fidelity Bank","KACHASI v2.x","FI/KA/LIV/250034","HIGH","TRANSACTIONS PROCESSED ON KACHASI NOT GOING TO SWIFT",123.859254166775,"Breached SLA"
"Fidelity Bank","KACHASI v2.x","FI/KA/LIV/250033","HIGH","FORM M PROCESSING ON B'ODOGWU",20.8629277777509,"Within SLA"
"Fidelity Bank","KACHASI v2.x","FI/KA/LIV/250032","HIGH","Duplicated credit limit for customer AYM SHAFA",2402.54998416669,"Breached SLA"
"Fidelity Bank","KACHASI v2.x","FI/KA/LIV/250031","HIGH","FX Collation Error",17.4126586110215,"Within SLA"
"Fidelity Bank","KACHASI v2.x","FI/KA/LIV/250030","HIGH","MT 103 inflows not generating FB references",7.89541749993805,"Within SLA"
"Fidelity Bank","KACHASI v2.x","FI/KA/LIV/250029","CRITICAL","DUPLICATED TRANSACTION ON SWIFT FB250312OTP0069",2120.08745944442,"Breached SLA"
"Fidelity Bank","KACHASI v2.x","FI/KA/LIV/250028","HIGH","DOM Transfer transmitted and still on workflow",8424.12522333342,"Breached SLA"
"Fidelity Bank","KACHASI v2.x","FI/KA/LIV/250027","HIGH","ISSUES WITH PASSING ENTRIES FOR LOAN LIQUIDATION ON KACHASI",24.0699813888059,"Within SLA"
"Fidelity Bank","KACHASI v2.x","FI/KA/LIV/250026","HIGH","ISSUES WITH RECOVERY CHARGES ON KACHASI - Nepal Oil & gas",24.0677300000098,"Within SLA"
"Fidelity Bank","KACHASI v2.x","FI/KA/LIV/250025","HIGH","ISSUE WITH INTEREST ON POST-NEG LOAN FB24POST00136",1.70128611114342,"Within SLA"
"Fidelity Bank","KACHASI v2.x","FI/KA/LIV/250024","HIGH","Credit limit duplicated for a customer",241.684373055585,"Breached SLA"
"Fidelity Bank","KACHASI v2.x","FI/KA/LIV/250023","HIGH","FX FUNDING NOT REFLECTING ON CUSTOMER'S ACCOUNT CROWN FLOUR/",7.77512027771445,"Within SLA"
"Fidelity Bank","KACHASI v2.x","FI/KA/LIV/250022","HIGH","Unable to Submit Inflows on Kachasi",49.0291577777825,"Within SLA"
"Fidelity Bank","KACHASI v2.x","FI/KA/LIV/250021","HIGH","ISSUE WITH LOAN BOOKING ON KACHASI -  A.Y.M SHAFA - ODDO BHF",26.6474888887606,"Within SLA"
"Fidelity Bank","KACHASI v2.x","FI/KA/LIV/250020","HIGH","POST POST TRANSACTION WITHOUT DAILY ACCRUALS AND MONTHLY Dbt",25.9196074999636,"Within SLA"
"Fidelity Bank","KACHASI v2.x","FI/KA/LIV/250019","HIGH","ECD Submsion MF20240070557|HLCUTA12407BIHJ5|FB24ILU00151P-02",2.52536388882436,"Within SLA"
"Fidelity Bank","KACHASI v2.x","FI/KA/LIV/250018","HIGH","ITEMS YET T BE COLLATED",25.5723755554645,"Within SLA"
"Fidelity Bank","KACHASI v2.x","FI/KA/LIV/250017","HIGH","Rate issue on kachasi payload to finacle",5047.25806944439,"Breached SLA"
"Fidelity Bank","KACHASI v2.x","FI/KA/LIV/250016","HIGH","UNABLE TO VIEW FORM M AT POINT OF BID REQUEST",1.22349166654749,"Within SLA"
"Fidelity Bank","KACHASI v2.x","FI/KA/LIV/250015","HIGH","Unable to bid for third currency transactions",1.73478611104656,"Within SLA"
"Fidelity Bank","KACHASI v2.x","FI/KA/LIV/250014","HIGH","Pending duty Items not remitted",7.86149500007741,"Within SLA"
"Fidelity Bank","KACHASI v2.x","FI/KA/LIV/250013","CRITICAL","UTILIZATION REPORT REVIEW",4203.01199694449,"Breached SLA"
"Fidelity Bank","KACHASI v2.x","FI/KA/LIV/250012","HIGH","KACHASI 3RD CURRENCY LOAN REPORTING AS USD",48.1072636111057,"Within SLA"
"Fidelity Bank","KACHASI v2.x","FI/KA/LIV/250011","CRITICAL","Addition of FORM M column on DOM TRANSFER report",330.153046388878,"Breached SLA"
"Fidelity Bank","KACHASI v2.x","FI/KA/LIV/250010","CRITICAL","Multiple credits for inflow FB250129ITT0023",955.352653055568,"Breached SLA"
"Fidelity Bank","KACHASI v2.x","FI/KA/LIV/250008","HIGH","UNABLE TO SUBMIT AMMENDMENT-FB25ILLW000014-NEPAL ENERGIES LT",22.7931841666577,"Within SLA"
"Fidelity Bank","KACHASI v2.x","FI/KA/LIV/250007","CRITICAL","WRONG NARRATION FOR LOAN LIQUIDATION",18.3995049999794,"Within SLA"
"Fidelity Bank","KACHASI v2.x","FI/KA/LIV/250006","CRITICAL","WRONG STATUS REPORT ON INTEREST COLLECTION REPORT",312.814388055587,"Breached SLA"
"Fidelity Bank","KACHASI v2.x","FI/KA/LIV/250005","CRITICAL","INCOMPLETE REPORT FOR NXP OPENED AND REPATRIATION",2833.29910638893,"Breached SLA"
"Fidelity Bank","KACHASI v2.x","FI/KA/LIV/250004","CRITICAL","PARTIAL DISBURSEMENT ON FORM A NOT WORKING IN KACHASI",5888.25111055555,"Breached SLA"
"Fidelity Bank","KACHASI v2.x","FI/KA/LIV/250003","HIGH","DUPLICATED TRANSACTION ON SWIFT (FB250108OTP0156)",3649.01424611115,"Breached SLA"
"Fidelity Bank","KACHASI v2.x","FI/KA/LIV/250002","CRITICAL","DOUBLE CREDIT TO CUSTOMERS ACCOUNTS BY KACHASI",1485.32358833333,"Breached SLA"
"Fidelity Bank","KACHASI v2.x","FI/KA/LIV/250001","CRITICAL","AUTHORISED TIME FOR DOM TRAN FRM BRANCHES DO NOT SHOW& FRONT",1201.56731666654,"Breached SLA"
"Wema Bank","TENTACLES","WB/15/12/0058","HIGH","Email Notification",72.325262499915,"Breached SLA"
"Wema Bank","KACHASI v2.x","WB/10/12/0057","HIGH","Unable to submit Draft",27.595461666584,"Within SLA"
"Wema Bank","KACHASI v2.x","WB/03/12/0056","MEDIUM","CASH BACK SETUP FOR ZENITH BANK",50.4513102777419,"Within SLA"
"Wema Bank","KACHASI v2.x","WB/03/12/0055","MEDIUM","REQUEST FOR SUPPORT - NOFICATIONS NOT WORKING FOR MILESTONES SET",3049.55033611116,"Breached SLA"
"Wema Bank","KACHASI v2.x","WB/03/12/0054","MEDIUM","REQUEST FOR SUPPORT - FORM M NOT PUPULATING FOR LC",25.7030988889164,"Within SLA"
"Wema Bank","KACHASI v2.x","WB/02/12/0053","HIGH","SCREATION OF ZENITH BANK EURO CLEANLINE UTILIZATION",22.9847469444503,"Within SLA"
"Wema Bank","KACHASI v2.x","WB/28/11/0052","MEDIUM","SUPPORT REQUEST-LC ERROR",70.4091080555809,"Within SLA"
"Wema Bank","KACHASI v2.x","WB/27/11/0051","MEDIUM","request for support- add account for new swift code",98.4908075000276,"Within SLA"
"Wema Bank","KACHASI v2.x","WB/26/11/0050","HIGH","ALAT FOR BUSINESS TRANSACTIONS NOT FLOWING INTO KACHASI",120.720911111101,"Breached SLA"
"Wema Bank","KACHASI v2.x","WB/25/11/0049","HIGH","REQUEST FOR SUPPORT - UNABLE TO CHARGE O FORM M",5.11624555557501,"Within SLA"
"Wema Bank","KACHASI v2.x","WB/24/11/0048","HIGH","Active mq failed to start up",47.6742777776672,"Within SLA"
"Wema Bank","TENTACLES","WB/20/11/0047","HIGH","REQUEST FOR SUPPORT - UNABLE TO PULL IN FORM Ms",123.479789166595,"Breached SLA"
"Wema Bank","KACHASI v2.x","WB/20/11/0046","MEDIUM","REQUEST FOR SUPPORT - CREATION OF ZENITH BANK UK USD CLEANLINE UTILIZATION",123.497359722212,"Breached SLA"
"Wema Bank","KACHASI v2.x","WB/14/11/0045","HIGH","creation of Account",268.754303055641,"Breached SLA"
"Wema Bank","KACHASI v2.x","WB/13/11/0044","MEDIUM","CUSTOMER ACCOUNT STATUS CLOSED",122.451445277897,"Breached SLA"
"Wema Bank","KACHASI v2.x","WB/13/11/0043","HIGH","REQUEST FOR SUP[PRT - LC PROCESSING CHALLNEGE",2.51918638881762,"Within SLA"
"Wema Bank","KACHASI v2.x","WB/13/11/0042","MEDIUM","LC PROCESSING ISSUE",0.750938055629376,"Within SLA"
"Wema Bank","TENTACLES","WB/09/11/0041","MEDIUM","REQUEST FPR SUPPORT - PULL IN FORM Ms PRE- BODOGWU INTERGRATION",377.879531110986,"Breached SLA"
"Wema Bank","KACHASI v2.x","WB/31/10/0040","HIGH","UNABLE TO PULL / REJECT NCX",100.893436388928,"Breached SLA"
"Wema Bank","KACHASI v2.x","WB/31/10/0039","MEDIUM","UNABLE TO PROCESS FORM MS",101.796410555486,"Within SLA"
"Wema Bank","KACHASI v2.x","WB/29/10/0038","HIGH","REQUEST FOR SUPPORT - LOBS FILE SHRINK",41.6801350000896,"Within SLA"
"Wema Bank","KACHASI v2.x","WB/24/10/0037","MEDIUM","UNABLE TO REJECT NCX AND NXP",2.10945583332796,"Within SLA"
"Wema Bank","KACHASI v2.x","WB/23/10/0036","MEDIUM","REQUEST FRO SUPPORT - CHARGES NOT TAKE ON FORM M",1.4573280554032,"Within SLA"
"Wema Bank","KACHASI v2.x","WB/14/10/0035","MEDIUM","REQUEST FOR SUPPORT - POSTING FOR JP MORGAN",3000.29217361123,"Breached SLA"
"Wema Bank","KACHASI v2.x","WB/07/10/0034","HIGH","Report for Transactions flowing from Alat for business",497.807131388923,"Breached SLA"
"Wema Bank","KACHASI v2.x","WB/30/09/0022","HIGH","Trade Help Desk role on Kachasi",45.2098233332508,"Within SLA"
"Wema Bank","KACHASI v2.x","WB/30/09/0033","HIGH","OTP Page is not coming up",0.400023055553902,"Within SLA"
"Wema Bank","KACHASI v2.x","WB/15/09/0032","HIGH","Multiple debits on Swift outgoing and multipl debits for incoming swift",1601.87765222217,"Breached SLA"
"Wema Bank","KACHASI v2.x","WB/12/09/0031","MEDIUM","INABILITY TO REJECT NXP",2.90534361120081,"Within SLA"
"Wema Bank","KACHASI v2.x","WB/08/09/0030","HIGH","SWIFT INFLOW NOT GENERATING ICP NUMBER 8224500246JO",70.993101944332,"Within SLA"
"Wema Bank","KACHASI v2.x","WB/08/09/0029","MEDIUM","ERROR APPROVING NXP",4.61953638884006,"Within SLA"
"Wema Bank","KACHASI v2.x","WB/28/08/0028","MEDIUM","BSUNESS SUPPORT REQUIRED- RELATED FORM M",2.10813583340496,"Within SLA"
"Wema Bank","KACHASI v2.x","WB/27/08/0027","HIGH","Bills Of Collection",22.9319366666023,"Within SLA"
"Wema Bank","KACHASI v2.x","WB/15/08/0026","HIGH","OCP TRANSACTIONS NOT REFLECTING ON KACHASI",143.600772222213,"Breached SLA"
"Wema Bank","KACHASI v2.x","WB/13/08/0025","HIGH","MX CONVERSION",2394.60982611106,"Breached SLA"
"Wema Bank","KACHASI v2.x","WB/13/08/0024","MEDIUM","CHANGE OF NARRATION FOR AMENDMENTS INVOLVING LC",26.7767538889311,"Within SLA"
"Wema Bank","KACHASI v2.x","WB/01/08/0022","HIGH","Post Neg Counterparty Account",1.18956749991048,"Within SLA"
"Wema Bank","TENTACLES","WB/30/07/0021","HIGH","REQUEST FOR SUPPORT - NXPs NOT FETCHING",146.810607500025,"Breached SLA"
"Wema Bank","KACHASI v2.x","WB/29/07/0020","MEDIUM","REQUEST FOR SUPPORT - PROCESSING DEPLOYED 202COV",70.1698183332919,"Within SLA"
"Wema Bank","KACHASI v2.x","WB/29/07/0019","HIGH","Currency not reflecting to initiate a swift message",4.86147250008071,"Within SLA"
"Wema Bank","TENTACLES","WB/18/07/0017","MEDIUM","UNABLE TO FETCH NXP ON KACHASI - XF2025156824 XF2025156830 XF2025156836",51.1370533332811,"Within SLA"
"Wema Bank","KACHASI v2.x","WB/18/07/0015","HIGH","Unable to attach documents on Kachasi UAT",146.594524722314,"Breached SLA"
"Wema Bank","KACHASI v2.x","WB/17/07/0014","MEDIUM","REJECTED TRANSACTION STILL ON KACHASI",0.188244722143281,"Within SLA"
"Wema Bank","KACHASI v2.x","WB/17/07/0013","MEDIUM","UNABLE TO FETCH NXP ON KACHASI - XF2025156733",0.32221777777886,"Within SLA"
"Wema Bank","KACHASI v2.x","WB/14/07/0012","HIGH","NXP ref now reflecting on Kachasi(XG202500035143183)",165.365730277786,"Breached SLA"
"Wema Bank","KACHASI v2.x","WB/14/07/0011","MEDIUM","REQUEST FOR SUPPORT - POST NEG ISSUE",6.42879194451962,"Within SLA"
"Wema Bank","KACHASI v2.x","WB/10/07/0010","MEDIUM","Unable to debit customer on Kachasi",28.2381719444529,"Within SLA"
"Wema Bank","KACHASI v2.x","WB/07/07/0009","MEDIUM","REQUEST FOR SUPPORT - MODIFICATION OF COMMISSION AND VAT ENTERIES FROM BRANCH TRANSIT TO BRANCH INCOME",47.2575983331772,"Within SLA"
"Wema Bank","KACHASI v2.x","WB/07/07/0008","MEDIUM","REQUEST FOR DEPLOYMENT",95.2417388887843,"Within SLA"
"Wema Bank","KACHASI v2.x","WB/03/07/0007","MEDIUM","TEST WEB PLATFORM NOT UP",2.01978416671045,"Within SLA"
"Wema Bank","KACHASI v2.x","WB/26/06/0006","MEDIUM","ERROR APPROVING SWIFT INFLOW",118.495431111194,"Within SLA"
"Wema Bank","KACHASI v2.x","WB/19/06/0005","HIGH","TRANASCTIONS ON QUEUE NOT POPULATING POSTING ENTRIES",24.0530347221647,"Within SLA"
"Wema Bank","KACHASI v2.x","WB/16/06/0004","HIGH","ONBOARDING OF NEW CORRESPONDENT BANK ON KACHASI",50.2970616667299,"Within SLA"
"Wema Bank","KACHASI v2.x","WB/13/06/0003","MEDIUM","MISSING ITEMS ON WORKFLOW",1.30845416674856,"Within SLA"
"Wema Bank","KACHASI v2.x","WB/10/06/0005","HIGH","LC CHARGE UPDATE",5.51421750005102,"Within SLA"
"Wema Bank","KACHASI v2.x","WB/05/06/0002","MEDIUM","FIXED TO BE MADE ON NXP",4051.53068083338,"Breached SLA"
"Wema Bank","KACHASI v2.x","WB/05/06/0001","HIGH","INFLOW REPORTS NOT UPTO DATE",1.74563527770806,"Within SLA"
"Wema Bank","KACHASI v2.x","WB/KA/LIV/250053","HIGH","Unable to submit LC Transaction (DRAFT01262)",1.35658611101098,"Within SLA"
"Wema Bank","KACHASI v2.x","WB/KA/LIV/250052","HIGH","NXP APPROVED BUT SHOWING INACTIVE ON INSTRUMENT",45.2797563888598,"Within SLA"
"Wema Bank","KACHASI v2.x","WB/KA/LIV/250051","CRITICAL","FORM M NOT ON KACHASI AT THE POINT OF LOGING DRAFT FOR LC",22.9325641666073,"Within SLA"
"Wema Bank","KACHASI v2.x","WB/KA/LIV/250050","MEDIUM","LC Expiry Notifications",333.413777499867,"Breached SLA"
"Wema Bank","KACHASI v2.x","WB/KA/LIV/250049","MEDIUM","FORM M WITH UNCLEAR STATUS",6.29956583323656,"Within SLA"
"Wema Bank","KACHASI v2.x","WB/KA/LIV/250048","HIGH","ACTIVATION OF SWIFT MX MESSAGES ON KACHASI",337.680867222254,"Breached SLA"
"Wema Bank","KACHASI v2.x","WB/KA/LIV/250047","HIGH","NXP CHARGE NOT DEBITED FOR XG202500035138291",64.8054491665098,"Within SLA"
"Wema Bank","KACHASI v2.x","WB/KA/LIV/250046","MEDIUM","customer credit limit",5.11634555569617,"Within SLA"
"Wema Bank","KACHASI v2.x","WB/KA/LIV/250044","MEDIUM","Transaction not reflecting on reviewer's queue",21.0282313889475,"Within SLA"
"Wema Bank","KACHASI v2.x","WB/KA/LIV/250043","MEDIUM","NO CHARGES TAKEN FOR FORM Ms",53.9569786112406,"Within SLA"
"Wema Bank","KACHASI v2.x","WB/KA/LIV/250042","CRITICAL","UNABLE TO PULL FORM-M INTO KACHASI MF20250031740",6.31716916663572,"Within SLA"
"Wema Bank","KACHASI v2.x","WB/KA/LIV/250041","MEDIUM","INVALID CHARACTER POSITION",2.81203194439877,"Within SLA"
"Wema Bank","KACHASI v2.x","WB/KA/LIV/250040","CRITICAL","FORM MS NOT DEBITED ON KACHASI AND IT IS ACTIVE",3.40810944442637,"Within SLA"
"Wema Bank","KACHASI v2.x","WB/KA/LIV/250039","CRITICAL","FORM M SHOWNG INACTIVE ON INSTRUMENT ON KACHASI",20.7361599999131,"Within SLA"
"Wema Bank","KACHASI v2.x","WB/KA/LIV/250038","CRITICAL","NXP REJECTED ON KACHASI",5.93549833347788,"Within SLA"
"Wema Bank","KACHASI v2.x","WB/KA/LIV/250037","CRITICAL","NXP WHEN REJECTED ON KACHASI WILL ONLY IMPACT ON TRMS",5.97518472222146,"Within SLA"
"Wema Bank","KACHASI v2.x","WB/KA/LIV/250036","CRITICAL","ADD CURRENCY AED  TO KACHASI TO ENABLE US PULL MF20250028800",1.79321583348792,"Within SLA"
"Wema Bank","KACHASI v2.x","WB/KA/LIV/250034","CRITICAL","UNABLE TO REJECT NXP TRANSACTION",120.11269666662,"Breached SLA"
"Wema Bank","KACHASI v2.x","WB/KA/LIV/250033","MEDIUM","LC Establishments Draft Number Not Changing to LC Ref at F47",219.105493333249,"Breached SLA"
"Wema Bank","KACHASI v2.x","WB/KA/LIV/250031","CRITICAL","UPDATED FORM M REGISTER ON KACHASI",97.9682169443113,"Breached SLA"
"Wema Bank","KACHASI v2.x","WB/KA/LIV/250030","CRITICAL","ENDORSEMENT AND RELEASE OF SHIPPING DOCUMENTS IFO......",22.5236366667668,"Within SLA"
"Wema Bank","KACHASI v2.x","WB/KA/LIV/250029","HIGH","UNABLE TO PULL FORM-M INTO KACHASI",23.8292941666441,"Within SLA"
"Wema Bank","KACHASI v2.x","WB/KA/LIV/250028","HIGH","VISIBLE TRANSFER OPTION NOT WORKING - OUTWARD FX",1.70765472220955,"Within SLA"
"Wema Bank","KACHASI v2.x","WB/KA/LIV/250027","HIGH","Mapping of columns to account numbers for Kachasi report",3.69068888900802,"Within SLA"
"Wema Bank","KACHASI v2.x","WB/KA/LIV/250026","HIGH","Email Notification on Due BC, Expired BL, Expired Form M",2379.97930611111,"Breached SLA"
"Wema Bank","KACHASI v2.x","WB/KA/LIV/250025","CRITICAL","Implementation of New USD Offshore Charges on Kachasi",53.4607883332064,"Breached SLA"
"Wema Bank","KACHASI v2.x","WB/KA/LIV/250024","HIGH","Unable to approve nxp",0.373175277665723,"Within SLA"
"Wema Bank","TENTACLES","WB/TE/LIV/250001","HIGH","Tentacles Downtime",0.616262499941513,"Within SLA"
"Wema Bank","KACHASI v2.x","WB/KA/LIV/250023","CRITICAL","AUTOMATION OF NXP REPORTING TEMPLATE AND CERTIFICATION",2707.20945138886,"Breached SLA"
"Wema Bank","KACHASI v2.x","WB/KA/LIV/250022","HIGH","CNY ERROR ON KACHASI",1.08449666661909,"Within SLA"
"Wema Bank","KACHASI v2.x","WB/KA/LIV/250021","HIGH","Forms M not reflecting after been pulled in Manually.",1.11153333331458,"Within SLA"
"Wema Bank","KACHASI v2.x","WB/KA/LIV/250020","HIGH","Unable to initiate LC transaction",1.52688250009669,"Within SLA"
"Wema Bank","KACHASI v2.x","WB/KA/LIV/250018","HIGH","INTEREST PAYMENT NOT SHOWING ON SUMMARY PAGE",3.7537780557177,"Within SLA"
"Wema Bank","KACHASI v2.x","WB/KA/LIV/250017","CRITICAL","CERTIFICATION OF NXP ON KACHASI",142.505886388826,"Breached SLA"
"Wema Bank","KACHASI v2.x","WB/KA/LIV/250016","CRITICAL","RE: BLANK FORM-M ON KACHASI WORKFLOW FOR MF20250006044",22.8140583332861,"Within SLA"
"Wema Bank","KACHASI v2.x","WB/KA/LIV/250015","CRITICAL","UNABLE TO PULL FORM-M INTO KACHASI",22.6031236110139,"Within SLA"
"Wema Bank","KACHASI v2.x","WB/KA/LIV/250013","HIGH","Transaction not reflecting",16.5624825000996,"Within SLA"
"Wema Bank","KACHASI v2.x","WB/KA/LIV/250011","CRITICAL","BLANK FORM-M ON KACHASI WORKFLOW FOR MF20250006044",96.753395277774,"Breached SLA"
"Wema Bank","KACHASI v2.x","WB/KA/LIV/250008","HIGH","Unable to fetch NXPs",2.19392444455298,"Within SLA"
"Wema Bank","TENTACLES","WB/15/12/0058","HIGH","Email Notification",72.325262499915,"Breached SLA"
"Wema Bank","KACHASI v2.x","WB/10/12/0057","HIGH","Unable to submit Draft",27.595461666584,"Within SLA"
"Wema Bank","KACHASI v2.x","WB/03/12/0056","MEDIUM","CASH BACK SETUP FOR ZENITH BANK",50.4513102777419,"Within SLA"
"Wema Bank","KACHASI v2.x","WB/03/12/0055","MEDIUM","REQUEST FOR SUPPORT - NOFICATIONS NOT WORKING FOR MILESTONES SET",3049.55033611116,"Breached SLA"
"Wema Bank","KACHASI v2.x","WB/03/12/0054","MEDIUM","REQUEST FOR SUPPORT - FORM M NOT PUPULATING FOR LC",25.7030988889164,"Within SLA"
"Wema Bank","KACHASI v2.x","WB/02/12/0053","HIGH","SCREATION OF ZENITH BANK EURO CLEANLINE UTILIZATION",22.9847469444503,"Within SLA"
"Wema Bank","KACHASI v2.x","WB/28/11/0052","MEDIUM","SUPPORT REQUEST-LC ERROR",70.4091080555809,"Within SLA"
"Wema Bank","KACHASI v2.x","WB/27/11/0051","MEDIUM","request for support- add account for new swift code",98.4908075000276,"Within SLA"
"Wema Bank","KACHASI v2.x","WB/26/11/0050","HIGH","ALAT FOR BUSINESS TRANSACTIONS NOT FLOWING INTO KACHASI",120.720911111101,"Breached SLA"
"Wema Bank","KACHASI v2.x","WB/25/11/0049","HIGH","REQUEST FOR SUPPORT - UNABLE TO CHARGE O FORM M",5.11624555557501,"Within SLA"
"Wema Bank","KACHASI v2.x","WB/24/11/0048","HIGH","Active mq failed to start up",47.6742777776672,"Within SLA"
"Wema Bank","TENTACLES","WB/20/11/0047","HIGH","REQUEST FOR SUPPORT - UNABLE TO PULL IN FORM Ms",123.479789166595,"Breached SLA"
"Wema Bank","KACHASI v2.x","WB/20/11/0046","MEDIUM","REQUEST FOR SUPPORT - CREATION OF ZENITH BANK UK USD CLEANLINE UTILIZATION",123.497359722212,"Breached SLA"
"Wema Bank","KACHASI v2.x","WB/14/11/0045","HIGH","creation of Account",268.754303055641,"Breached SLA"
"Wema Bank","KACHASI v2.x","WB/13/11/0044","MEDIUM","CUSTOMER ACCOUNT STATUS CLOSED",122.451445277897,"Breached SLA"
"Wema Bank","KACHASI v2.x","WB/13/11/0043","HIGH","REQUEST FOR SUP[PRT - LC PROCESSING CHALLNEGE",2.51918638881762,"Within SLA"
"Wema Bank","KACHASI v2.x","WB/13/11/0042","MEDIUM","LC PROCESSING ISSUE",0.750938055629376,"Within SLA"
"Wema Bank","TENTACLES","WB/09/11/0041","MEDIUM","REQUEST FPR SUPPORT - PULL IN FORM Ms PRE- BODOGWU INTERGRATION",377.879531110986,"Breached SLA"
"Wema Bank","KACHASI v2.x","WB/31/10/0040","HIGH","UNABLE TO PULL / REJECT NCX",100.893436388928,"Breached SLA"
"Wema Bank","KACHASI v2.x","WB/31/10/0039","MEDIUM","UNABLE TO PROCESS FORM MS",101.796410555486,"Within SLA"
"Wema Bank","KACHASI v2.x","WB/29/10/0038","HIGH","REQUEST FOR SUPPORT - LOBS FILE SHRINK",41.6801350000896,"Within SLA"
"Wema Bank","KACHASI v2.x","WB/24/10/0037","MEDIUM","UNABLE TO REJECT NCX AND NXP",2.10945583332796,"Within SLA"
"Wema Bank","KACHASI v2.x","WB/23/10/0036","MEDIUM","REQUEST FRO SUPPORT - CHARGES NOT TAKE ON FORM M",1.4573280554032,"Within SLA"
"Wema Bank","KACHASI v2.x","WB/14/10/0035","MEDIUM","REQUEST FOR SUPPORT - POSTING FOR JP MORGAN",3000.29217361123,"Breached SLA"
"Wema Bank","KACHASI v2.x","WB/07/10/0034","HIGH","Report for Transactions flowing from Alat for business",497.807131388923,"Breached SLA"
"Wema Bank","KACHASI v2.x","WB/30/09/0022","HIGH","Trade Help Desk role on Kachasi",45.2098233332508,"Within SLA"
"Wema Bank","KACHASI v2.x","WB/30/09/0033","HIGH","OTP Page is not coming up",0.400023055553902,"Within SLA"
"Wema Bank","KACHASI v2.x","WB/15/09/0032","HIGH","Multiple debits on Swift outgoing and multipl debits for incoming swift",1601.87765222217,"Breached SLA"
"Wema Bank","KACHASI v2.x","WB/12/09/0031","MEDIUM","INABILITY TO REJECT NXP",2.90534361120081,"Within SLA"
"Wema Bank","KACHASI v2.x","WB/08/09/0030","HIGH","SWIFT INFLOW NOT GENERATING ICP NUMBER 8224500246JO",70.993101944332,"Within SLA"
"Wema Bank","KACHASI v2.x","WB/08/09/0029","MEDIUM","ERROR APPROVING NXP",4.61953638884006,"Within SLA"
"Wema Bank","KACHASI v2.x","WB/28/08/0028","MEDIUM","BSUNESS SUPPORT REQUIRED- RELATED FORM M",2.10813583340496,"Within SLA"
"Wema Bank","KACHASI v2.x","WB/27/08/0027","HIGH","Bills Of Collection",22.9319366666023,"Within SLA"
"Wema Bank","KACHASI v2.x","WB/15/08/0026","HIGH","OCP TRANSACTIONS NOT REFLECTING ON KACHASI",143.600772222213,"Breached SLA"
"Wema Bank","KACHASI v2.x","WB/13/08/0025","HIGH","MX CONVERSION",2394.60982611106,"Breached SLA"
"Wema Bank","KACHASI v2.x","WB/13/08/0024","MEDIUM","CHANGE OF NARRATION FOR AMENDMENTS INVOLVING LC",26.7767538889311,"Within SLA"
"Wema Bank","KACHASI v2.x","WB/01/08/0022","HIGH","Post Neg Counterparty Account",1.18956749991048,"Within SLA"
"Wema Bank","TENTACLES","WB/30/07/0021","HIGH","REQUEST FOR SUPPORT - NXPs NOT FETCHING",146.810607500025,"Breached SLA"
"Wema Bank","KACHASI v2.x","WB/29/07/0020","MEDIUM","REQUEST FOR SUPPORT - PROCESSING DEPLOYED 202COV",70.1698183332919,"Within SLA"
"Wema Bank","KACHASI v2.x","WB/29/07/0019","HIGH","Currency not reflecting to initiate a swift message",4.86147250008071,"Within SLA"
"Wema Bank","TENTACLES","WB/18/07/0017","MEDIUM","UNABLE TO FETCH NXP ON KACHASI - XF2025156824 XF2025156830 XF2025156836",51.1370533332811,"Within SLA"
"Wema Bank","KACHASI v2.x","WB/18/07/0015","HIGH","Unable to attach documents on Kachasi UAT",146.594524722314,"Breached SLA"
"Wema Bank","KACHASI v2.x","WB/17/07/0014","MEDIUM","REJECTED TRANSACTION STILL ON KACHASI",0.188244722143281,"Within SLA"
"Wema Bank","KACHASI v2.x","WB/17/07/0013","MEDIUM","UNABLE TO FETCH NXP ON KACHASI - XF2025156733",0.32221777777886,"Within SLA"
"Wema Bank","KACHASI v2.x","WB/14/07/0012","HIGH","NXP ref now reflecting on Kachasi(XG202500035143183)",165.365730277786,"Breached SLA"
"Wema Bank","KACHASI v2.x","WB/14/07/0011","MEDIUM","REQUEST FOR SUPPORT - POST NEG ISSUE",6.42879194451962,"Within SLA"
"Wema Bank","KACHASI v2.x","WB/10/07/0010","MEDIUM","Unable to debit customer on Kachasi",28.2381719444529,"Within SLA"
"Wema Bank","KACHASI v2.x","WB/07/07/0009","MEDIUM","REQUEST FOR SUPPORT - MODIFICATION OF COMMISSION AND VAT ENTERIES FROM BRANCH TRANSIT TO BRANCH INCOME",47.2575983331772,"Within SLA"
"Wema Bank","KACHASI v2.x","WB/07/07/0008","MEDIUM","REQUEST FOR DEPLOYMENT",95.2417388887843,"Within SLA"
"Wema Bank","KACHASI v2.x","WB/03/07/0007","MEDIUM","TEST WEB PLATFORM NOT UP",2.01978416671045,"Within SLA"
"Wema Bank","KACHASI v2.x","WB/26/06/0006","MEDIUM","ERROR APPROVING SWIFT INFLOW",118.495431111194,"Within SLA"
"Wema Bank","KACHASI v2.x","WB/19/06/0005","HIGH","TRANASCTIONS ON QUEUE NOT POPULATING POSTING ENTRIES",24.0530347221647,"Within SLA"
"Wema Bank","KACHASI v2.x","WB/16/06/0004","HIGH","ONBOARDING OF NEW CORRESPONDENT BANK ON KACHASI",50.2970616667299,"Within SLA"
"Wema Bank","KACHASI v2.x","WB/13/06/0003","MEDIUM","MISSING ITEMS ON WORKFLOW",1.30845416674856,"Within SLA"
"Wema Bank","KACHASI v2.x","WB/10/06/0005","HIGH","LC CHARGE UPDATE",5.51421750005102,"Within SLA"
"Wema Bank","KACHASI v2.x","WB/05/06/0002","MEDIUM","FIXED TO BE MADE ON NXP",4051.53068083338,"Breached SLA"
"Wema Bank","KACHASI v2.x","WB/05/06/0001","HIGH","INFLOW REPORTS NOT UPTO DATE",1.74563527770806,"Within SLA"
"Wema Bank","KACHASI v2.x","WB/KA/LIV/250053","HIGH","Unable to submit LC Transaction (DRAFT01262)",1.35658611101098,"Within SLA"
"Wema Bank","KACHASI v2.x","WB/KA/LIV/250052","HIGH","NXP APPROVED BUT SHOWING INACTIVE ON INSTRUMENT",45.2797563888598,"Within SLA"
"Wema Bank","KACHASI v2.x","WB/KA/LIV/250051","CRITICAL","FORM M NOT ON KACHASI AT THE POINT OF LOGING DRAFT FOR LC",22.9325641666073,"Within SLA"
"Wema Bank","KACHASI v2.x","WB/KA/LIV/250050","MEDIUM","LC Expiry Notifications",333.413777499867,"Breached SLA"
"Wema Bank","KACHASI v2.x","WB/KA/LIV/250049","MEDIUM","FORM M WITH UNCLEAR STATUS",6.29956583323656,"Within SLA"
"Wema Bank","KACHASI v2.x","WB/KA/LIV/250048","HIGH","ACTIVATION OF SWIFT MX MESSAGES ON KACHASI",337.680867222254,"Breached SLA"
"Wema Bank","KACHASI v2.x","WB/KA/LIV/250047","HIGH","NXP CHARGE NOT DEBITED FOR XG202500035138291",64.8054491665098,"Within SLA"
"Wema Bank","KACHASI v2.x","WB/KA/LIV/250046","MEDIUM","customer credit limit",5.11634555569617,"Within SLA"
"Wema Bank","KACHASI v2.x","WB/KA/LIV/250044","MEDIUM","Transaction not reflecting on reviewer's queue",21.0282313889475,"Within SLA"
"Wema Bank","KACHASI v2.x","WB/KA/LIV/250043","MEDIUM","NO CHARGES TAKEN FOR FORM Ms",53.9569786112406,"Within SLA"
"Wema Bank","KACHASI v2.x","WB/KA/LIV/250042","CRITICAL","UNABLE TO PULL FORM-M INTO KACHASI MF20250031740",6.31716916663572,"Within SLA"
"Wema Bank","KACHASI v2.x","WB/KA/LIV/250041","MEDIUM","INVALID CHARACTER POSITION",2.81203194439877,"Within SLA"
"Wema Bank","KACHASI v2.x","WB/KA/LIV/250040","CRITICAL","FORM MS NOT DEBITED ON KACHASI AND IT IS ACTIVE",3.40810944442637,"Within SLA"
"Wema Bank","KACHASI v2.x","WB/KA/LIV/250039","CRITICAL","FORM M SHOWNG INACTIVE ON INSTRUMENT ON KACHASI",20.7361599999131,"Within SLA"
"Wema Bank","KACHASI v2.x","WB/KA/LIV/250038","CRITICAL","NXP REJECTED ON KACHASI",5.93549833347788,"Within SLA"
"Wema Bank","KACHASI v2.x","WB/KA/LIV/250037","CRITICAL","NXP WHEN REJECTED ON KACHASI WILL ONLY IMPACT ON TRMS",5.97518472222146,"Within SLA"
"Wema Bank","KACHASI v2.x","WB/KA/LIV/250036","CRITICAL","ADD CURRENCY AED  TO KACHASI TO ENABLE US PULL MF20250028800",1.79321583348792,"Within SLA"
"Wema Bank","KACHASI v2.x","WB/KA/LIV/250034","CRITICAL","UNABLE TO REJECT NXP TRANSACTION",120.11269666662,"Breached SLA"
"Wema Bank","KACHASI v2.x","WB/KA/LIV/250033","MEDIUM","LC Establishments Draft Number Not Changing to LC Ref at F47",219.105493333249,"Breached SLA"
"Wema Bank","KACHASI v2.x","WB/KA/LIV/250031","CRITICAL","UPDATED FORM M REGISTER ON KACHASI",97.9682169443113,"Breached SLA"
"Wema Bank","KACHASI v2.x","WB/KA/LIV/250030","CRITICAL","ENDORSEMENT AND RELEASE OF SHIPPING DOCUMENTS IFO......",22.5236366667668,"Within SLA"
"Wema Bank","KACHASI v2.x","WB/KA/LIV/250029","HIGH","UNABLE TO PULL FORM-M INTO KACHASI",23.8292941666441,"Within SLA"
"Wema Bank","KACHASI v2.x","WB/KA/LIV/250028","HIGH","VISIBLE TRANSFER OPTION NOT WORKING - OUTWARD FX",1.70765472220955,"Within SLA"
"Wema Bank","KACHASI v2.x","WB/KA/LIV/250027","HIGH","Mapping of columns to account numbers for Kachasi report",3.69068888900802,"Within SLA"
"Wema Bank","KACHASI v2.x","WB/KA/LIV/250026","HIGH","Email Notification on Due BC, Expired BL, Expired Form M",2379.97930611111,"Breached SLA"
"Wema Bank","KACHASI v2.x","WB/KA/LIV/250025","CRITICAL","Implementation of New USD Offshore Charges on Kachasi",53.4607883332064,"Breached SLA"
"Wema Bank","KACHASI v2.x","WB/KA/LIV/250024","HIGH","Unable to approve nxp",0.373175277665723,"Within SLA"
"Wema Bank","TENTACLES","WB/TE/LIV/250001","HIGH","Tentacles Downtime",0.616262499941513,"Within SLA"
"Wema Bank","KACHASI v2.x","WB/KA/LIV/250023","CRITICAL","AUTOMATION OF NXP REPORTING TEMPLATE AND CERTIFICATION",2707.20945138886,"Breached SLA"
"Wema Bank","KACHASI v2.x","WB/KA/LIV/250022","HIGH","CNY ERROR ON KACHASI",1.08449666661909,"Within SLA"
"Wema Bank","KACHASI v2.x","WB/KA/LIV/250021","HIGH","Forms M not reflecting after been pulled in Manually.",1.11153333331458,"Within SLA"
"Wema Bank","KACHASI v2.x","WB/KA/LIV/250020","HIGH","Unable to initiate LC transaction",1.52688250009669,"Within SLA"
"Wema Bank","KACHASI v2.x","WB/KA/LIV/250018","HIGH","INTEREST PAYMENT NOT SHOWING ON SUMMARY PAGE",3.7537780557177,"Within SLA"
"Wema Bank","KACHASI v2.x","WB/KA/LIV/250017","CRITICAL","CERTIFICATION OF NXP ON KACHASI",142.505886388826,"Breached SLA"
"Wema Bank","KACHASI v2.x","WB/KA/LIV/250016","CRITICAL","RE: BLANK FORM-M ON KACHASI WORKFLOW FOR MF20250006044",22.8140583332861,"Within SLA"
"Wema Bank","KACHASI v2.x","WB/KA/LIV/250015","CRITICAL","UNABLE TO PULL FORM-M INTO KACHASI",22.6031236110139,"Within SLA"
"Wema Bank","KACHASI v2.x","WB/KA/LIV/250013","HIGH","Transaction not reflecting",16.5624825000996,"Within SLA"
"Wema Bank","KACHASI v2.x","WB/KA/LIV/250011","CRITICAL","BLANK FORM-M ON KACHASI WORKFLOW FOR MF20250006044",96.753395277774,"Breached SLA"
"Wema Bank","KACHASI v2.x","WB/KA/LIV/250008","HIGH","Unable to fetch NXPs",2.19392444455298,"Within SLA"
